customer_id,name,age,city,income,credit_score
C0001,Customer_0001,68,Surat,44951,747
C0002,Customer_0002,64,Bengaluru,125350,544
C0003,Customer_0003,64,Pune,175952,735
C0004,Customer_0004,21,Mumbai,32555,664
C0005,Customer_0005,24,Ahmedabad,55274,616
C0006,Customer_0006,62,Ahmedabad,174929,662
C0007,Customer_0007,52,Rajkot,51456,624
C0008,Customer_0008,65,Delhi,56124,728
C0009,Customer_0009,26,Mumbai,21951,811
C0010,Customer_0010,25,Pune,41055,751
C0011,Customer_0011,69,Rajkot,74657,850
C0012,Customer_0012,62,Bengaluru,209230,573
C0013,Customer_0013,34,Delhi,49379,652
C0014,Customer_0014,34,Ahmedabad,22040,619
C0015,Customer_0015,66,Ahmedabad,25392,782
C0016,Customer_0016,50,Ahmedabad,53927,673
C0017,Customer_0017,49,Surat,105087,704
C0018,Customer_0018,25,Vadodara,78091,737
C0019,Customer_0019,36,Vadodara,70843,580
C0020,Customer_0020,55,Surat,112997,643
C0021,Customer_0021,20,Mumbai,37010,764
C0022,Customer_0022,22,Ahmedabad,55580,648
C0023,Customer_0023,30,Surat,41310,561
C0024,Customer_0024,64,Surat,47372,622
C0025,Customer_0025,63,Vadodara,31623,668
C0026,Customer_0026,48,Pune,45519,702
C0027,Customer_0027,33,Ahmedabad,54167,684
C0028,Customer_0028,67,Vadodara,44836,643
C0029,Customer_0029,49,Mumbai,50337,760
C0030,Customer_0030,39,Rajkot,68724,680
C0031,Customer_0031,46,Mumbai,108702,705
C0032,Customer_0032,39,Ahmedabad,113122,647
C0033,Customer_0033,60,Rajkot,83605,803
C0034,Customer_0034,20,Bengaluru,27504,660
C0035,Customer_0035,27,Bengaluru,45110,695
C0036,Customer_0036,59,Delhi,47298,767
C0037,Customer_0037,38,Surat,38317,711
C0038,Customer_0038,33,Rajkot,66395,709
C0039,Customer_0039,29,Mumbai,22884,541
C0040,Customer_0040,19,Vadodara,139601,741
C0041,Customer_0041,58,Ahmedabad,106134,694
C0042,Customer_0042,41,Vadodara,71546,730
C0043,Customer_0043,52,Rajkot,53152,703
C0044,Customer_0044,47,Bengaluru,108114,648
C0045,Customer_0045,47,Ahmedabad,80359,757
C0046,Customer_0046,64,Mumbai,101087,704
C0047,Customer_0047,52,Surat,53242,593
C0048,Customer_0048,36,Vadodara,147150,788
C0049,Customer_0049,67,Mumbai,104493,582
C0050,Customer_0050,25,Ahmedabad,72789,757
C0051,Customer_0051,43,Bengaluru,109740,801
C0052,Customer_0052,66,Pune,43675,607
C0053,Customer_0053,57,Bengaluru,28939,680
C0054,Customer_0054,24,Bengaluru,65640,673
C0055,Customer_0055,47,Mumbai,53299,677
C0056,Customer_0056,24,Bengaluru,49332,827
C0057,Customer_0057,20,Rajkot,107372,607
C0058,Customer_0058,18,Ahmedabad,60295,667
C0059,Customer_0059,53,Rajkot,63579,802
C0060,Customer_0060,42,Surat,45945,665
C0061,Customer_0061,54,Surat,89295,619
C0062,Customer_0062,18,Ahmedabad,80912,709
C0063,Customer_0063,32,Delhi,88929,750
C0064,Customer_0064,54,Surat,41839,660
C0065,Customer_0065,30,Surat,112683,731
C0066,Customer_0066,57,Mumbai,151207,586
C0067,Customer_0067,25,Ahmedabad,87396,590
C0068,Customer_0068,22,Delhi,35241,656
C0069,Customer_0069,26,Rajkot,35379,734
C0070,Customer_0070,18,Bengaluru,44740,747
C0071,Customer_0071,53,Pune,40323,601
C0072,Customer_0072,52,Ahmedabad,52890,744
C0073,Customer_0073,19,Rajkot,77880,702
C0074,Customer_0074,57,Delhi,64509,624
C0075,Customer_0075,40,Pune,61472,589
C0076,Customer_0076,26,Pune,48166,707
C0077,Customer_0077,51,Pune,52810,786
C0078,Customer_0078,63,Rajkot,85238,692
C0079,Customer_0079,31,Surat,18187,619
C0080,Customer_0080,21,Rajkot,54656,549
C0081,Customer_0081,47,Delhi,64439,804
C0082,Customer_0082,48,Mumbai,84631,768
C0083,Customer_0083,55,Surat,31557,712
C0084,Customer_0084,28,Rajkot,30653,800
C0085,Customer_0085,52,Surat,75831,706
C0086,Customer_0086,25,Surat,19295,650
C0087,Customer_0087,20,Pune,114438,731
C0088,Customer_0088,31,Mumbai,62299,627
C0089,Customer_0089,30,Delhi,129622,615
C0090,Customer_0090,62,Vadodara,30248,747
C0091,Customer_0091,49,Rajkot,43264,754
C0092,Customer_0092,51,Pune,14628,594
C0093,Customer_0093,62,Pune,35506,597
C0094,Customer_0094,36,Mumbai,49710,656
C0095,Customer_0095,55,Pune,18687,636
C0096,Customer_0096,33,Vadodara,44269,725
C0097,Customer_0097,19,Vadodara,18435,693
C0098,Customer_0098,57,Surat,47738,777
C0099,Customer_0099,34,Rajkot,103362,713
C0100,Customer_0100,51,Rajkot,53951,641
C0101,Customer_0101,59,Rajkot,136913,548
C0102,Customer_0102,33,Mumbai,84757,703
C0103,Customer_0103,55,Surat,115447,561
C0104,Customer_0104,19,Vadodara,36111,640
C0105,Customer_0105,19,Bengaluru,35634,635
C0106,Customer_0106,43,Ahmedabad,66514,651
C0107,Customer_0107,30,Surat,23094,591
C0108,Customer_0108,64,Pune,71269,635
C0109,Customer_0109,48,Ahmedabad,46024,775
C0110,Customer_0110,51,Rajkot,114300,775
C0111,Customer_0111,56,Surat,79923,804
C0112,Customer_0112,20,Ahmedabad,100536,690
C0113,Customer_0113,25,Bengaluru,36325,710
C0114,Customer_0114,40,Delhi,97890,777
C0115,Customer_0115,31,Mumbai,121744,579
C0116,Customer_0116,44,Delhi,53841,750
C0117,Customer_0117,46,Delhi,36623,787
C0118,Customer_0118,56,Ahmedabad,36979,623
C0119,Customer_0119,70,Bengaluru,108721,793
C0120,Customer_0120,56,Mumbai,240741,844
C0121,Customer_0121,18,Delhi,32054,748
C0122,Customer_0122,34,Bengaluru,30727,734
C0123,Customer_0123,58,Surat,91296,606
C0124,Customer_0124,47,Rajkot,36331,770
C0125,Customer_0125,70,Ahmedabad,96296,613
C0126,Customer_0126,30,Surat,71042,717
C0127,Customer_0127,38,Delhi,54279,725
C0128,Customer_0128,36,Delhi,70107,442
C0129,Customer_0129,70,Rajkot,67791,720
C0130,Customer_0130,36,Vadodara,49826,850
C0131,Customer_0131,42,Surat,20933,533
C0132,Customer_0132,39,Ahmedabad,60678,685
C0133,Customer_0133,48,Rajkot,130649,543
C0134,Customer_0134,34,Surat,22703,622
C0135,Customer_0135,40,Bengaluru,32335,545
C0136,Customer_0136,49,Surat,69552,701
C0137,Customer_0137,27,Vadodara,56179,749
C0138,Customer_0138,27,Pune,68957,720
C0139,Customer_0139,53,Surat,37438,620
C0140,Customer_0140,25,Bengaluru,104238,644
C0141,Customer_0141,69,Bengaluru,56437,710
C0142,Customer_0142,37,Ahmedabad,80694,622
C0143,Customer_0143,49,Vadodara,65594,590
C0144,Customer_0144,67,Surat,60573,672
C0145,Customer_0145,31,Surat,77640,619
C0146,Customer_0146,67,Rajkot,60940,720
C0147,Customer_0147,45,Mumbai,28580,787
C0148,Customer_0148,63,Vadodara,100020,850
C0149,Customer_0149,69,Rajkot,86254,715
C0150,Customer_0150,70,Ahmedabad,17262,738
C0151,Customer_0151,41,Bengaluru,38379,645
C0152,Customer_0152,32,Ahmedabad,97575,649
C0153,Customer_0153,39,Ahmedabad,20136,786
C0154,Customer_0154,47,Vadodara,92415,669
C0155,Customer_0155,21,Bengaluru,50889,695
C0156,Customer_0156,30,Ahmedabad,114949,781
C0157,Customer_0157,40,Mumbai,54965,669
C0158,Customer_0158,25,Pune,36973,802
C0159,Customer_0159,35,Ahmedabad,65155,732
C0160,Customer_0160,29,Pune,54088,724
C0161,Customer_0161,48,Surat,35211,641
C0162,Customer_0162,31,Mumbai,186311,728
C0163,Customer_0163,51,Mumbai,32240,657
C0164,Customer_0164,35,Mumbai,16017,725
C0165,Customer_0165,51,Rajkot,131271,682
C0166,Customer_0166,28,Delhi,39899,762
C0167,Customer_0167,58,Surat,46716,687
C0168,Customer_0168,29,Ahmedabad,45172,842
C0169,Customer_0169,66,Rajkot,40206,669
C0170,Customer_0170,32,Mumbai,36086,649
C0171,Customer_0171,48,Mumbai,31787,715
C0172,Customer_0172,66,Rajkot,56994,770
C0173,Customer_0173,46,Vadodara,44090,770
C0174,Customer_0174,43,Ahmedabad,82189,702
C0175,Customer_0175,35,Mumbai,71723,715
C0176,Customer_0176,49,Ahmedabad,33022,715
C0177,Customer_0177,39,Pune,58382,609
C0178,Customer_0178,55,Surat,43707,766
C0179,Customer_0179,34,Bengaluru,31878,595
C0180,Customer_0180,40,Ahmedabad,80360,609
C0181,Customer_0181,41,Surat,51449,694
C0182,Customer_0182,67,Rajkot,43955,666
C0183,Customer_0183,25,Bengaluru,34355,749
C0184,Customer_0184,58,Delhi,31248,723
C0185,Customer_0185,23,Ahmedabad,164211,700
C0186,Customer_0186,22,Mumbai,66095,605
C0187,Customer_0187,61,Delhi,30180,691
C0188,Customer_0188,46,Mumbai,64435,686
C0189,Customer_0189,45,Vadodara,98636,706
C0190,Customer_0190,28,Ahmedabad,60308,657
C0191,Customer_0191,18,Rajkot,117101,729
C0192,Customer_0192,60,Bengaluru,23541,664
C0193,Customer_0193,36,Bengaluru,18395,722
C0194,Customer_0194,26,Mumbai,63473,749
C0195,Customer_0195,44,Surat,64033,649
C0196,Customer_0196,51,Surat,12000,632
C0197,Customer_0197,61,Pune,39031,725
C0198,Customer_0198,21,Bengaluru,31581,590
C0199,Customer_0199,53,Delhi,25578,773
C0200,Customer_0200,35,Pune,31540,690
C0201,Customer_0201,32,Mumbai,76326,681
C0202,Customer_0202,68,Rajkot,31429,730
C0203,Customer_0203,30,Ahmedabad,32028,726
C0204,Customer_0204,36,Bengaluru,22578,690
C0205,Customer_0205,66,Mumbai,110524,755
C0206,Customer_0206,23,Rajkot,69852,639
C0207,Customer_0207,65,Rajkot,13964,743
C0208,Customer_0208,29,Mumbai,32043,609
C0209,Customer_0209,68,Rajkot,73553,728
C0210,Customer_0210,54,Ahmedabad,111285,665
C0211,Customer_0211,34,Mumbai,87338,591
C0212,Customer_0212,40,Pune,45227,709
C0213,Customer_0213,43,Mumbai,19012,687
C0214,Customer_0214,46,Ahmedabad,88763,574
C0215,Customer_0215,50,Pune,46713,531
C0216,Customer_0216,44,Ahmedabad,57123,678
C0217,Customer_0217,42,Surat,49886,811
C0218,Customer_0218,27,Pune,26096,714
C0219,Customer_0219,64,Mumbai,67199,639
C0220,Customer_0220,40,Delhi,62295,771
C0221,Customer_0221,38,Mumbai,43516,758
C0222,Customer_0222,38,Mumbai,71267,785
C0223,Customer_0223,60,Rajkot,25832,741
C0224,Customer_0224,30,Surat,47436,756
C0225,Customer_0225,54,Ahmedabad,55796,744
C0226,Customer_0226,50,Ahmedabad,21181,654
C0227,Customer_0227,41,Bengaluru,53299,567
C0228,Customer_0228,61,Surat,82338,650
C0229,Customer_0229,28,Bengaluru,46551,772
C0230,Customer_0230,34,Mumbai,53977,661
C0231,Customer_0231,21,Delhi,74935,679
C0232,Customer_0232,64,Vadodara,44435,602
C0233,Customer_0233,42,Mumbai,46690,648
C0234,Customer_0234,47,Vadodara,28793,689
C0235,Customer_0235,26,Ahmedabad,54550,726
C0236,Customer_0236,38,Pune,45748,655
C0237,Customer_0237,37,Surat,72372,650
C0238,Customer_0238,36,Rajkot,74981,753
C0239,Customer_0239,36,Mumbai,84986,714
C0240,Customer_0240,29,Ahmedabad,41587,723
C0241,Customer_0241,54,Bengaluru,16613,804
C0242,Customer_0242,59,Bengaluru,82701,652
C0243,Customer_0243,34,Bengaluru,69717,686
C0244,Customer_0244,54,Surat,38780,731
C0245,Customer_0245,65,Rajkot,74630,624
C0246,Customer_0246,56,Bengaluru,24794,707
C0247,Customer_0247,45,Surat,96927,691
C0248,Customer_0248,58,Bengaluru,45779,850
C0249,Customer_0249,52,Bengaluru,34862,697
C0250,Customer_0250,64,Delhi,39071,776
C0251,Customer_0251,65,Surat,48425,752
C0252,Customer_0252,35,Surat,54637,603
C0253,Customer_0253,31,Delhi,56480,573
C0254,Customer_0254,52,Surat,43425,708
C0255,Customer_0255,61,Ahmedabad,61403,784
C0256,Customer_0256,58,Mumbai,55251,711
C0257,Customer_0257,24,Bengaluru,38519,695
C0258,Customer_0258,58,Pune,35457,668
C0259,Customer_0259,30,Mumbai,76856,590
C0260,Customer_0260,35,Rajkot,73384,617
C0261,Customer_0261,54,Mumbai,56755,568
C0262,Customer_0262,30,Bengaluru,91436,607
C0263,Customer_0263,53,Ahmedabad,18701,650
C0264,Customer_0264,48,Vadodara,40322,748
C0265,Customer_0265,19,Delhi,29118,656
C0266,Customer_0266,33,Pune,190239,709
C0267,Customer_0267,26,Pune,81418,700
C0268,Customer_0268,26,Pune,52659,727
C0269,Customer_0269,55,Surat,84696,612
C0270,Customer_0270,28,Surat,101624,769
C0271,Customer_0271,39,Delhi,101031,584
C0272,Customer_0272,50,Delhi,91310,656
C0273,Customer_0273,53,Delhi,47604,688
C0274,Customer_0274,62,Bengaluru,41745,747
C0275,Customer_0275,40,Vadodara,32399,793
C0276,Customer_0276,62,Vadodara,72506,747
C0277,Customer_0277,62,Delhi,50396,796
C0278,Customer_0278,51,Mumbai,43692,627
C0279,Customer_0279,26,Pune,42456,779
C0280,Customer_0280,41,Delhi,122112,766
C0281,Customer_0281,25,Bengaluru,92879,510
C0282,Customer_0282,24,Surat,150513,673
C0283,Customer_0283,53,Surat,73574,735
C0284,Customer_0284,35,Rajkot,56750,651
C0285,Customer_0285,20,Mumbai,54236,608
C0286,Customer_0286,45,Rajkot,31379,848
C0287,Customer_0287,23,Vadodara,27482,698
C0288,Customer_0288,61,Mumbai,72702,700
C0289,Customer_0289,61,Surat,32893,591
C0290,Customer_0290,38,Mumbai,61783,644
C0291,Customer_0291,45,Rajkot,101579,622
C0292,Customer_0292,57,Rajkot,38142,770
C0293,Customer_0293,18,Delhi,166184,727
C0294,Customer_0294,53,Surat,31895,647
C0295,Customer_0295,38,Ahmedabad,94816,732
C0296,Customer_0296,60,Vadodara,69473,670
C0297,Customer_0297,52,Pune,106068,707
C0298,Customer_0298,30,Ahmedabad,29767,707
C0299,Customer_0299,66,Mumbai,195624,721
C0300,Customer_0300,27,Rajkot,49849,712
C0301,Customer_0301,70,Rajkot,79797,721
C0302,Customer_0302,61,Mumbai,121729,784
C0303,Customer_0303,64,Mumbai,39439,738
C0304,Customer_0304,70,Mumbai,86615,664
C0305,Customer_0305,27,Pune,35982,682
C0306,Customer_0306,63,Bengaluru,118588,782
C0307,Customer_0307,30,Vadodara,36206,698
C0308,Customer_0308,54,Surat,56177,661
C0309,Customer_0309,55,Delhi,65085,642
C0310,Customer_0310,41,Ahmedabad,84664,710
C0311,Customer_0311,19,Vadodara,162389,625
C0312,Customer_0312,39,Rajkot,42894,786
C0313,Customer_0313,34,Rajkot,102887,612
C0314,Customer_0314,53,Bengaluru,162548,800
C0315,Customer_0315,31,Delhi,60249,668
C0316,Customer_0316,27,Pune,40640,609
C0317,Customer_0317,52,Surat,21238,704
C0318,Customer_0318,42,Ahmedabad,154955,618
C0319,Customer_0319,20,Ahmedabad,48081,692
C0320,Customer_0320,64,Ahmedabad,31708,646
C0321,Customer_0321,55,Mumbai,26056,760
C0322,Customer_0322,34,Pune,31676,700
C0323,Customer_0323,29,Mumbai,91210,600
C0324,Customer_0324,69,Ahmedabad,98411,645
C0325,Customer_0325,41,Bengaluru,78728,742
C0326,Customer_0326,46,Pune,59152,786
C0327,Customer_0327,60,Mumbai,27723,686
C0328,Customer_0328,42,Mumbai,36813,611
C0329,Customer_0329,53,Surat,29924,769
C0330,Customer_0330,43,Ahmedabad,75368,742
C0331,Customer_0331,55,Surat,30646,787
C0332,Customer_0332,18,Pune,37132,711
C0333,Customer_0333,37,Rajkot,49720,650
C0334,Customer_0334,45,Rajkot,21953,728
C0335,Customer_0335,33,Rajkot,56433,714
C0336,Customer_0336,64,Rajkot,51852,646
C0337,Customer_0337,34,Delhi,105493,704
C0338,Customer_0338,57,Pune,35037,675
C0339,Customer_0339,45,Vadodara,26917,745
C0340,Customer_0340,29,Rajkot,44772,726
C0341,Customer_0341,44,Vadodara,30065,611
C0342,Customer_0342,70,Vadodara,56197,603
C0343,Customer_0343,59,Ahmedabad,19774,683
C0344,Customer_0344,64,Vadodara,39424,692
C0345,Customer_0345,47,Surat,33007,747
C0346,Customer_0346,58,Mumbai,75158,728
C0347,Customer_0347,51,Mumbai,35216,799
C0348,Customer_0348,54,Rajkot,21167,654
C0349,Customer_0349,23,Surat,49221,650
C0350,Customer_0350,24,Mumbai,65579,618
C0351,Customer_0351,49,Vadodara,47378,746
C0352,Customer_0352,49,Delhi,39295,691
C0353,Customer_0353,70,Mumbai,38014,550
C0354,Customer_0354,42,Ahmedabad,58525,705
C0355,Customer_0355,50,Rajkot,33721,709
C0356,Customer_0356,24,Mumbai,45909,679
C0357,Customer_0357,69,Rajkot,83102,712
C0358,Customer_0358,29,Mumbai,26885,598
C0359,Customer_0359,33,Bengaluru,53694,813
C0360,Customer_0360,33,Mumbai,20560,718
C0361,Customer_0361,60,Surat,62345,556
C0362,Customer_0362,70,Mumbai,32104,689
C0363,Customer_0363,53,Vadodara,96361,720
C0364,Customer_0364,30,Mumbai,24410,606
C0365,Customer_0365,24,Bengaluru,70138,730
C0366,Customer_0366,53,Surat,107657,816
C0367,Customer_0367,64,Bengaluru,31201,641
C0368,Customer_0368,68,Bengaluru,34236,722
C0369,Customer_0369,26,Ahmedabad,32721,705
C0370,Customer_0370,49,Rajkot,42102,762
C0371,Customer_0371,28,Rajkot,73106,681
C0372,Customer_0372,25,Rajkot,40253,609
C0373,Customer_0373,50,Rajkot,29689,757
C0374,Customer_0374,40,Mumbai,18120,614
C0375,Customer_0375,42,Rajkot,132741,825
C0376,Customer_0376,25,Surat,138601,732
C0377,Customer_0377,62,Delhi,74848,645
C0378,Customer_0378,39,Rajkot,35220,773
C0379,Customer_0379,21,Delhi,82977,689
C0380,Customer_0380,57,Surat,92677,673
C0381,Customer_0381,20,Rajkot,47822,638
C0382,Customer_0382,46,Pune,56265,549
C0383,Customer_0383,58,Mumbai,108289,735
C0384,Customer_0384,46,Delhi,22310,567
C0385,Customer_0385,51,Pune,95246,630
C0386,Customer_0386,51,Delhi,46399,722
C0387,Customer_0387,45,Surat,29827,652
C0388,Customer_0388,30,Ahmedabad,31207,701
C0389,Customer_0389,32,Pune,34183,598
C0390,Customer_0390,40,Delhi,28269,663
C0391,Customer_0391,61,Bengaluru,145706,702
C0392,Customer_0392,43,Surat,72059,618
C0393,Customer_0393,21,Surat,98770,816
C0394,Customer_0394,43,Pune,74936,642
C0395,Customer_0395,57,Surat,56883,793
C0396,Customer_0396,26,Bengaluru,57308,677
C0397,Customer_0397,22,Delhi,44198,572
C0398,Customer_0398,49,Surat,46231,604
C0399,Customer_0399,37,Pune,25352,703
C0400,Customer_0400,67,Pune,99717,767
C0401,Customer_0401,28,Rajkot,20288,822
C0402,Customer_0402,32,Bengaluru,30725,699
C0403,Customer_0403,49,Vadodara,166326,601
C0404,Customer_0404,45,Delhi,59277,710
C0405,Customer_0405,39,Surat,60647,628
C0406,Customer_0406,58,Bengaluru,78090,719
C0407,Customer_0407,34,Surat,23574,619
C0408,Customer_0408,43,Rajkot,25552,533
C0409,Customer_0409,61,Bengaluru,43062,788
C0410,Customer_0410,24,Rajkot,33464,673
C0411,Customer_0411,59,Surat,52778,693
C0412,Customer_0412,43,Bengaluru,71835,764
C0413,Customer_0413,42,Bengaluru,118081,830
C0414,Customer_0414,27,Mumbai,85921,744
C0415,Customer_0415,62,Mumbai,31832,697
C0416,Customer_0416,36,Vadodara,44750,724
C0417,Customer_0417,28,Surat,38532,667
C0418,Customer_0418,30,Surat,31444,692
C0419,Customer_0419,70,Mumbai,27744,700
C0420,Customer_0420,25,Pune,137373,631
C0421,Customer_0421,57,Delhi,55322,691
C0422,Customer_0422,21,Pune,48618,717
C0423,Customer_0423,64,Rajkot,71784,728
C0424,Customer_0424,48,Vadodara,73765,722
C0425,Customer_0425,45,Rajkot,101767,589
C0426,Customer_0426,28,Mumbai,36536,782
C0427,Customer_0427,60,Vadodara,68636,775
C0428,Customer_0428,18,Delhi,33320,682
C0429,Customer_0429,66,Surat,49538,724
C0430,Customer_0430,64,Rajkot,56743,673
C0431,Customer_0431,69,Ahmedabad,59877,746
C0432,Customer_0432,55,Pune,58440,628
C0433,Customer_0433,41,Mumbai,85484,790
C0434,Customer_0434,64,Rajkot,39606,742
C0435,Customer_0435,48,Rajkot,60779,744
C0436,Customer_0436,58,Pune,36231,682
C0437,Customer_0437,63,Rajkot,274169,584
C0438,Customer_0438,67,Delhi,33290,756
C0439,Customer_0439,43,Pune,37411,586
C0440,Customer_0440,66,Rajkot,89370,757
C0441,Customer_0441,67,Rajkot,43428,632
C0442,Customer_0442,22,Bengaluru,89389,570
C0443,Customer_0443,37,Surat,59829,690
C0444,Customer_0444,69,Surat,44061,778
C0445,Customer_0445,58,Delhi,36354,617
C0446,Customer_0446,28,Bengaluru,35640,809
C0447,Customer_0447,50,Bengaluru,44325,739
C0448,Customer_0448,67,Pune,49969,701
C0449,Customer_0449,55,Surat,34806,657
C0450,Customer_0450,44,Rajkot,51793,662
C0451,Customer_0451,51,Pune,30131,722
C0452,Customer_0452,32,Mumbai,83352,753
C0453,Customer_0453,49,Surat,92608,645
C0454,Customer_0454,38,Bengaluru,37335,629
C0455,Customer_0455,63,Rajkot,36206,673
C0456,Customer_0456,22,Vadodara,60654,794
C0457,Customer_0457,23,Rajkot,110308,598
C0458,Customer_0458,55,Vadodara,124586,775
C0459,Customer_0459,39,Rajkot,25427,693
C0460,Customer_0460,35,Rajkot,95660,566
C0461,Customer_0461,31,Rajkot,53169,655
C0462,Customer_0462,27,Mumbai,53738,735
C0463,Customer_0463,63,Pune,72597,825
C0464,Customer_0464,30,Mumbai,42216,590
C0465,Customer_0465,48,Bengaluru,100536,478
C0466,Customer_0466,47,Surat,120363,591
C0467,Customer_0467,20,Surat,122859,774
C0468,Customer_0468,47,Delhi,19949,555
C0469,Customer_0469,23,Ahmedabad,48473,802
C0470,Customer_0470,46,Bengaluru,18971,781
C0471,Customer_0471,25,Rajkot,36104,704
C0472,Customer_0472,61,Bengaluru,14712,643
C0473,Customer_0473,62,Rajkot,70455,694
C0474,Customer_0474,60,Bengaluru,62050,735
C0475,Customer_0475,61,Vadodara,43354,724
C0476,Customer_0476,50,Bengaluru,35594,820
C0477,Customer_0477,34,Rajkot,65369,670
C0478,Customer_0478,65,Mumbai,31533,592
C0479,Customer_0479,28,Bengaluru,30375,579
C0480,Customer_0480,30,Vadodara,28389,564
C0481,Customer_0481,67,Mumbai,49166,704
C0482,Customer_0482,28,Pune,39927,672
C0483,Customer_0483,48,Vadodara,44522,692
C0484,Customer_0484,45,Mumbai,73282,649
C0485,Customer_0485,61,Mumbai,93423,606
C0486,Customer_0486,23,Bengaluru,122131,736
C0487,Customer_0487,58,Rajkot,56849,505
C0488,Customer_0488,33,Surat,66586,629
C0489,Customer_0489,21,Bengaluru,61019,748
C0490,Customer_0490,52,Bengaluru,21900,622
C0491,Customer_0491,65,Vadodara,44880,719
C0492,Customer_0492,43,Mumbai,44994,629
C0493,Customer_0493,29,Ahmedabad,41528,655
C0494,Customer_0494,28,Ahmedabad,53775,733
C0495,Customer_0495,54,Vadodara,48745,594
C0496,Customer_0496,42,Surat,31971,745
C0497,Customer_0497,35,Mumbai,50616,693
C0498,Customer_0498,36,Rajkot,38700,784
C0499,Customer_0499,40,Bengaluru,13023,705
C0500,Customer_0500,55,Bengaluru,25506,609
C0501,Customer_0501,35,Pune,57756,819
C0502,Customer_0502,43,Mumbai,100270,616
C0503,Customer_0503,23,Surat,14474,672
C0504,Customer_0504,21,Delhi,34076,761
C0505,Customer_0505,61,Mumbai,69730,549
C0506,Customer_0506,68,Ahmedabad,89151,797
C0507,Customer_0507,46,Bengaluru,43652,603
C0508,Customer_0508,51,Delhi,37780,655
C0509,Customer_0509,34,Bengaluru,107573,711
C0510,Customer_0510,60,Pune,85215,686
C0511,Customer_0511,60,Mumbai,88197,749
C0512,Customer_0512,70,Surat,42516,569
C0513,Customer_0513,33,Bengaluru,101480,744
C0514,Customer_0514,19,Delhi,18869,750
C0515,Customer_0515,51,Rajkot,102463,767
C0516,Customer_0516,25,Rajkot,53023,570
C0517,Customer_0517,30,Surat,59041,579
C0518,Customer_0518,59,Delhi,32702,664
C0519,Customer_0519,25,Bengaluru,20279,587
C0520,Customer_0520,47,Ahmedabad,58356,554
C0521,Customer_0521,49,Mumbai,74485,661
C0522,Customer_0522,53,Surat,80948,707
C0523,Customer_0523,64,Bengaluru,76283,850
C0524,Customer_0524,47,Delhi,67344,731
C0525,Customer_0525,18,Delhi,33090,821
C0526,Customer_0526,60,Vadodara,83884,686
C0527,Customer_0527,56,Surat,31116,731
C0528,Customer_0528,34,Ahmedabad,101110,679
C0529,Customer_0529,37,Rajkot,52517,850
C0530,Customer_0530,41,Delhi,53487,638
C0531,Customer_0531,67,Delhi,88552,648
C0532,Customer_0532,39,Bengaluru,95405,749
C0533,Customer_0533,46,Bengaluru,84030,705
C0534,Customer_0534,39,Mumbai,35025,658
C0535,Customer_0535,61,Pune,83663,762
C0536,Customer_0536,26,Bengaluru,35135,686
C0537,Customer_0537,54,Delhi,84832,686
C0538,Customer_0538,27,Ahmedabad,25115,707
C0539,Customer_0539,53,Vadodara,52237,559
C0540,Customer_0540,54,Ahmedabad,35017,570
C0541,Customer_0541,45,Bengaluru,88747,771
C0542,Customer_0542,45,Mumbai,101562,639
C0543,Customer_0543,59,Ahmedabad,61361,680
C0544,Customer_0544,60,Mumbai,60261,810
C0545,Customer_0545,38,Mumbai,81014,683
C0546,Customer_0546,41,Surat,101895,674
C0547,Customer_0547,59,Rajkot,56140,757
C0548,Customer_0548,57,Mumbai,41783,645
C0549,Customer_0549,19,Vadodara,78518,780
C0550,Customer_0550,25,Pune,19787,755
C0551,Customer_0551,65,Vadodara,90707,827
C0552,Customer_0552,44,Delhi,37215,638
C0553,Customer_0553,39,Mumbai,48192,792
C0554,Customer_0554,54,Mumbai,91027,731
C0555,Customer_0555,44,Delhi,43763,590
C0556,Customer_0556,46,Surat,78524,495
C0557,Customer_0557,20,Ahmedabad,102897,630
C0558,Customer_0558,61,Rajkot,58431,711
C0559,Customer_0559,30,Pune,65276,722
C0560,Customer_0560,62,Mumbai,51503,685
C0561,Customer_0561,27,Pune,58610,686
C0562,Customer_0562,53,Ahmedabad,29764,680
C0563,Customer_0563,26,Ahmedabad,46795,767
C0564,Customer_0564,44,Rajkot,27080,582
C0565,Customer_0565,51,Surat,33549,710
C0566,Customer_0566,68,Mumbai,18278,628
C0567,Customer_0567,18,Surat,63592,622
C0568,Customer_0568,49,Vadodara,139451,778
C0569,Customer_0569,42,Bengaluru,42797,616
C0570,Customer_0570,46,Surat,93518,679
C0571,Customer_0571,24,Vadodara,102152,836
C0572,Customer_0572,66,Pune,28440,752
C0573,Customer_0573,20,Surat,32016,655
C0574,Customer_0574,37,Mumbai,94847,662
C0575,Customer_0575,37,Delhi,52276,597
C0576,Customer_0576,70,Bengaluru,27042,787
C0577,Customer_0577,47,Ahmedabad,38747,765
C0578,Customer_0578,52,Bengaluru,69279,741
C0579,Customer_0579,52,Vadodara,35540,749
C0580,Customer_0580,66,Ahmedabad,12000,631
C0581,Customer_0581,56,Vadodara,46072,573
C0582,Customer_0582,44,Bengaluru,48172,732
C0583,Customer_0583,43,Vadodara,55279,756
C0584,Customer_0584,31,Surat,109916,810
C0585,Customer_0585,34,Mumbai,56643,674
C0586,Customer_0586,35,Ahmedabad,62862,663
C0587,Customer_0587,62,Rajkot,98285,672
C0588,Customer_0588,69,Ahmedabad,55313,740
C0589,Customer_0589,46,Ahmedabad,178113,668
C0590,Customer_0590,37,Ahmedabad,27448,686
C0591,Customer_0591,70,Ahmedabad,32902,752
C0592,Customer_0592,44,Mumbai,77092,643
C0593,Customer_0593,35,Ahmedabad,109640,794
C0594,Customer_0594,21,Surat,49249,737
C0595,Customer_0595,18,Bengaluru,31547,550
C0596,Customer_0596,67,Vadodara,144875,651
C0597,Customer_0597,18,Mumbai,35570,538
C0598,Customer_0598,43,Ahmedabad,66275,675
C0599,Customer_0599,62,Ahmedabad,113308,652
C0600,Customer_0600,37,Rajkot,43139,752
C0601,Customer_0601,69,Ahmedabad,39062,623
C0602,Customer_0602,40,Ahmedabad,40560,719
C0603,Customer_0603,27,Ahmedabad,90304,732
C0604,Customer_0604,28,Rajkot,98535,709
C0605,Customer_0605,58,Ahmedabad,56029,775
C0606,Customer_0606,58,Vadodara,154938,845
C0607,Customer_0607,22,Ahmedabad,55975,698
C0608,Customer_0608,18,Surat,111957,720
C0609,Customer_0609,34,Vadodara,43368,623
C0610,Customer_0610,39,Pune,198521,613
C0611,Customer_0611,51,Rajkot,130438,767
C0612,Customer_0612,62,Delhi,51261,757
C0613,Customer_0613,58,Mumbai,121065,612
C0614,Customer_0614,46,Rajkot,117745,591
C0615,Customer_0615,21,Delhi,129218,641
C0616,Customer_0616,22,Bengaluru,14044,679
C0617,Customer_0617,28,Rajkot,81693,659
C0618,Customer_0618,68,Ahmedabad,74113,702
C0619,Customer_0619,38,Delhi,71266,758
C0620,Customer_0620,52,Pune,62017,724
C0621,Customer_0621,29,Ahmedabad,63031,730
C0622,Customer_0622,43,Ahmedabad,111392,506
C0623,Customer_0623,68,Surat,73998,568
C0624,Customer_0624,36,Vadodara,61968,630
C0625,Customer_0625,62,Mumbai,102924,642
C0626,Customer_0626,24,Surat,69217,752
C0627,Customer_0627,64,Vadodara,72951,624
C0628,Customer_0628,24,Pune,153577,740
C0629,Customer_0629,43,Rajkot,43309,631
C0630,Customer_0630,57,Ahmedabad,23895,599
C0631,Customer_0631,22,Pune,57233,603
C0632,Customer_0632,38,Bengaluru,61888,850
C0633,Customer_0633,31,Vadodara,81791,629
C0634,Customer_0634,21,Mumbai,58344,741
C0635,Customer_0635,40,Rajkot,83316,573
C0636,Customer_0636,59,Vadodara,218082,796
C0637,Customer_0637,37,Mumbai,85470,716
C0638,Customer_0638,32,Ahmedabad,94146,710
C0639,Customer_0639,67,Ahmedabad,51217,721
C0640,Customer_0640,69,Surat,25673,729
C0641,Customer_0641,62,Rajkot,15539,750
C0642,Customer_0642,46,Surat,41349,645
C0643,Customer_0643,25,Ahmedabad,13304,640
C0644,Customer_0644,58,Surat,72950,693
C0645,Customer_0645,65,Rajkot,44557,741
C0646,Customer_0646,36,Bengaluru,26708,685
C0647,Customer_0647,65,Mumbai,59104,748
C0648,Customer_0648,56,Mumbai,36637,736
C0649,Customer_0649,63,Pune,70475,673
C0650,Customer_0650,45,Vadodara,81168,558
C0651,Customer_0651,63,Rajkot,37387,652
C0652,Customer_0652,44,Mumbai,48270,820
C0653,Customer_0653,21,Mumbai,61900,715
C0654,Customer_0654,32,Pune,25367,642
C0655,Customer_0655,52,Vadodara,61897,708
C0656,Customer_0656,54,Ahmedabad,25034,740
C0657,Customer_0657,18,Surat,75074,642
C0658,Customer_0658,20,Surat,43293,782
C0659,Customer_0659,64,Mumbai,24959,727
C0660,Customer_0660,41,Mumbai,39978,607
C0661,Customer_0661,44,Surat,40919,754
C0662,Customer_0662,57,Bengaluru,98990,659
C0663,Customer_0663,53,Mumbai,60500,676
C0664,Customer_0664,51,Ahmedabad,32504,613
C0665,Customer_0665,46,Rajkot,136226,737
C0666,Customer_0666,41,Ahmedabad,77626,678
C0667,Customer_0667,41,Ahmedabad,45711,740
C0668,Customer_0668,59,Ahmedabad,23399,648
C0669,Customer_0669,21,Ahmedabad,43545,640
C0670,Customer_0670,20,Surat,48718,634
C0671,Customer_0671,51,Ahmedabad,67376,719
C0672,Customer_0672,66,Bengaluru,76809,638
C0673,Customer_0673,40,Rajkot,85708,674
C0674,Customer_0674,70,Vadodara,22669,651
C0675,Customer_0675,69,Surat,61683,723
C0676,Customer_0676,40,Bengaluru,50377,559
C0677,Customer_0677,62,Rajkot,239899,708
C0678,Customer_0678,22,Surat,56992,819
C0679,Customer_0679,48,Bengaluru,39051,782
C0680,Customer_0680,70,Delhi,58442,643
C0681,Customer_0681,58,Delhi,54741,727
C0682,Customer_0682,23,Ahmedabad,18418,712
C0683,Customer_0683,54,Ahmedabad,68847,800
C0684,Customer_0684,27,Mumbai,46364,501
C0685,Customer_0685,57,Bengaluru,54198,773
C0686,Customer_0686,24,Mumbai,34017,669
C0687,Customer_0687,56,Mumbai,30134,634
C0688,Customer_0688,55,Ahmedabad,89185,632
C0689,Customer_0689,38,Pune,101188,592
C0690,Customer_0690,37,Ahmedabad,69219,643
C0691,Customer_0691,20,Surat,20315,609
C0692,Customer_0692,68,Surat,71737,703
C0693,Customer_0693,39,Vadodara,20482,734
C0694,Customer_0694,64,Ahmedabad,38232,670
C0695,Customer_0695,21,Rajkot,88534,802
C0696,Customer_0696,45,Mumbai,78965,648
C0697,Customer_0697,29,Surat,70715,666
C0698,Customer_0698,55,Mumbai,113230,654
C0699,Customer_0699,68,Ahmedabad,74839,734
C0700,Customer_0700,53,Vadodara,18117,742
C0701,Customer_0701,64,Mumbai,44884,727
C0702,Customer_0702,58,Rajkot,53755,680
C0703,Customer_0703,22,Surat,50401,589
C0704,Customer_0704,30,Ahmedabad,39169,666
C0705,Customer_0705,40,Rajkot,31210,800
C0706,Customer_0706,67,Bengaluru,205972,765
C0707,Customer_0707,47,Surat,44412,712
C0708,Customer_0708,54,Delhi,200479,661
C0709,Customer_0709,42,Ahmedabad,29359,688
C0710,Customer_0710,65,Mumbai,78942,661
C0711,Customer_0711,44,Pune,62404,779
C0712,Customer_0712,68,Mumbai,33124,627
C0713,Customer_0713,31,Vadodara,42528,759
C0714,Customer_0714,65,Surat,54544,650
C0715,Customer_0715,64,Surat,34572,789
C0716,Customer_0716,53,Bengaluru,47772,722
C0717,Customer_0717,56,Delhi,14978,633
C0718,Customer_0718,33,Bengaluru,81342,666
C0719,Customer_0719,39,Ahmedabad,108014,743
C0720,Customer_0720,38,Pune,70614,652
C0721,Customer_0721,38,Bengaluru,191076,691
C0722,Customer_0722,25,Ahmedabad,80036,651
C0723,Customer_0723,66,Rajkot,103118,821
C0724,Customer_0724,33,Pune,108682,834
C0725,Customer_0725,48,Mumbai,12112,799
C0726,Customer_0726,59,Delhi,69432,680
C0727,Customer_0727,27,Ahmedabad,25705,659
C0728,Customer_0728,49,Delhi,28726,631
C0729,Customer_0729,51,Ahmedabad,31610,805
C0730,Customer_0730,26,Ahmedabad,46309,759
C0731,Customer_0731,34,Ahmedabad,78656,763
C0732,Customer_0732,28,Delhi,69827,671
C0733,Customer_0733,49,Mumbai,54620,558
C0734,Customer_0734,27,Vadodara,81843,575
C0735,Customer_0735,39,Surat,84626,694
C0736,Customer_0736,34,Delhi,70159,650
C0737,Customer_0737,21,Surat,21303,642
C0738,Customer_0738,65,Delhi,36623,715
C0739,Customer_0739,69,Vadodara,55802,766
C0740,Customer_0740,64,Surat,82329,637
C0741,Customer_0741,42,Vadodara,26485,592
C0742,Customer_0742,38,Surat,54657,639
C0743,Customer_0743,54,Pune,23248,611
C0744,Customer_0744,55,Vadodara,96697,734
C0745,Customer_0745,66,Ahmedabad,62842,689
C0746,Customer_0746,18,Bengaluru,26231,831
C0747,Customer_0747,42,Surat,26136,745
C0748,Customer_0748,68,Mumbai,68062,826
C0749,Customer_0749,53,Bengaluru,117152,584
C0750,Customer_0750,34,Mumbai,30087,446
C0751,Customer_0751,58,Rajkot,84772,708
C0752,Customer_0752,41,Bengaluru,40817,699
C0753,Customer_0753,19,Mumbai,86495,680
C0754,Customer_0754,57,Surat,80084,697
C0755,Customer_0755,32,Ahmedabad,59904,605
C0756,Customer_0756,49,Delhi,20053,732
C0757,Customer_0757,56,Mumbai,79996,745
C0758,Customer_0758,23,Mumbai,72489,600
C0759,Customer_0759,18,Bengaluru,68928,663
C0760,Customer_0760,64,Pune,61249,668
C0761,Customer_0761,40,Ahmedabad,33919,639
C0762,Customer_0762,56,Surat,99779,602
C0763,Customer_0763,34,Ahmedabad,90135,690
C0764,Customer_0764,51,Pune,30442,709
C0765,Customer_0765,58,Rajkot,113317,644
C0766,Customer_0766,46,Mumbai,59130,608
C0767,Customer_0767,26,Pune,59048,720
C0768,Customer_0768,30,Delhi,49915,632
C0769,Customer_0769,23,Surat,52690,666
C0770,Customer_0770,23,Delhi,116901,657
C0771,Customer_0771,37,Rajkot,97078,783
C0772,Customer_0772,69,Delhi,95952,635
C0773,Customer_0773,70,Ahmedabad,60876,819
C0774,Customer_0774,20,Surat,89691,746
C0775,Customer_0775,34,Delhi,34759,826
C0776,Customer_0776,66,Ahmedabad,75809,739
C0777,Customer_0777,29,Ahmedabad,50547,673
C0778,Customer_0778,65,Pune,17715,621
C0779,Customer_0779,64,Pune,22988,663
C0780,Customer_0780,62,Mumbai,38194,801
C0781,Customer_0781,18,Pune,69107,686
C0782,Customer_0782,34,Mumbai,38213,739
C0783,Customer_0783,20,Ahmedabad,39734,705
C0784,Customer_0784,43,Surat,83690,708
C0785,Customer_0785,32,Ahmedabad,40531,711
C0786,Customer_0786,53,Bengaluru,114351,727
C0787,Customer_0787,49,Mumbai,104391,628
C0788,Customer_0788,49,Surat,55665,669
C0789,Customer_0789,21,Vadodara,83240,713
C0790,Customer_0790,35,Bengaluru,77232,702
C0791,Customer_0791,66,Ahmedabad,48048,655
C0792,Customer_0792,36,Mumbai,88343,721
C0793,Customer_0793,60,Vadodara,95796,632
C0794,Customer_0794,69,Mumbai,32573,598
C0795,Customer_0795,52,Rajkot,59846,712
C0796,Customer_0796,57,Delhi,59484,600
C0797,Customer_0797,31,Bengaluru,87761,711
C0798,Customer_0798,50,Mumbai,43086,543
C0799,Customer_0799,31,Pune,39589,635
C0800,Customer_0800,51,Bengaluru,60357,665
C0801,Customer_0801,21,Pune,105328,569
C0802,Customer_0802,41,Ahmedabad,28436,662
C0803,Customer_0803,46,Mumbai,31302,778
C0804,Customer_0804,36,Mumbai,41307,594
C0805,Customer_0805,23,Surat,45554,664
C0806,Customer_0806,50,Pune,20827,817
C0807,Customer_0807,66,Bengaluru,125378,610
C0808,Customer_0808,57,Bengaluru,51196,794
C0809,Customer_0809,36,Vadodara,47147,669
C0810,Customer_0810,70,Rajkot,134260,697
C0811,Customer_0811,18,Bengaluru,81623,786
C0812,Customer_0812,22,Delhi,40970,653
C0813,Customer_0813,44,Ahmedabad,60211,737
C0814,Customer_0814,33,Bengaluru,53751,756
C0815,Customer_0815,23,Delhi,121988,641
C0816,Customer_0816,57,Vadodara,50161,632
C0817,Customer_0817,30,Mumbai,24883,672
C0818,Customer_0818,65,Surat,19586,675
C0819,Customer_0819,52,Rajkot,123800,609
C0820,Customer_0820,36,Surat,35644,641
C0821,Customer_0821,29,Delhi,79515,429
C0822,Customer_0822,33,Rajkot,57214,664
C0823,Customer_0823,60,Surat,43736,757
C0824,Customer_0824,27,Surat,47675,564
C0825,Customer_0825,42,Mumbai,131392,655
C0826,Customer_0826,37,Bengaluru,24801,850
C0827,Customer_0827,48,Surat,44468,688
C0828,Customer_0828,21,Surat,90553,791
C0829,Customer_0829,61,Pune,27156,614
C0830,Customer_0830,40,Vadodara,113504,723
C0831,Customer_0831,19,Ahmedabad,89843,601
C0832,Customer_0832,39,Vadodara,63868,720
C0833,Customer_0833,68,Ahmedabad,41703,753
C0834,Customer_0834,54,Ahmedabad,25304,735
C0835,Customer_0835,25,Vadodara,81142,664
C0836,Customer_0836,24,Surat,249407,710
C0837,Customer_0837,31,Bengaluru,59595,711
C0838,Customer_0838,20,Surat,20146,739
C0839,Customer_0839,67,Mumbai,70736,680
C0840,Customer_0840,33,Mumbai,88276,759
C0841,Customer_0841,36,Rajkot,33198,797
C0842,Customer_0842,68,Mumbai,38563,666
C0843,Customer_0843,35,Ahmedabad,36462,693
C0844,Customer_0844,69,Bengaluru,41061,622
C0845,Customer_0845,33,Ahmedabad,50031,715
C0846,Customer_0846,25,Surat,34255,715
C0847,Customer_0847,50,Rajkot,27871,694
C0848,Customer_0848,66,Bengaluru,60536,700
C0849,Customer_0849,29,Vadodara,49742,834
C0850,Customer_0850,70,Mumbai,43267,473
C0851,Customer_0851,28,Rajkot,57574,652
C0852,Customer_0852,22,Pune,23836,664
C0853,Customer_0853,44,Ahmedabad,63567,799
C0854,Customer_0854,29,Bengaluru,43759,725
C0855,Customer_0855,34,Ahmedabad,62743,727
C0856,Customer_0856,23,Ahmedabad,68520,784
C0857,Customer_0857,50,Rajkot,102459,676
C0858,Customer_0858,22,Vadodara,58204,738
C0859,Customer_0859,45,Mumbai,98892,650
C0860,Customer_0860,31,Rajkot,46075,611
C0861,Customer_0861,22,Pune,47301,824
C0862,Customer_0862,50,Vadodara,52317,717
C0863,Customer_0863,67,Vadodara,84192,738
C0864,Customer_0864,65,Vadodara,77817,608
C0865,Customer_0865,58,Surat,59241,728
C0866,Customer_0866,36,Mumbai,27996,823
C0867,Customer_0867,39,Ahmedabad,77054,669
C0868,Customer_0868,22,Ahmedabad,34245,595
C0869,Customer_0869,19,Delhi,33234,703
C0870,Customer_0870,47,Bengaluru,29405,612
C0871,Customer_0871,64,Surat,52540,573
C0872,Customer_0872,56,Ahmedabad,107101,634
C0873,Customer_0873,21,Mumbai,32342,653
C0874,Customer_0874,50,Surat,138455,615
C0875,Customer_0875,30,Rajkot,90715,789
C0876,Customer_0876,37,Ahmedabad,24576,831
C0877,Customer_0877,24,Pune,44558,736
C0878,Customer_0878,32,Mumbai,31037,718
C0879,Customer_0879,40,Rajkot,79285,679
C0880,Customer_0880,31,Ahmedabad,31939,622
C0881,Customer_0881,40,Ahmedabad,22549,810
C0882,Customer_0882,36,Mumbai,45978,685
C0883,Customer_0883,46,Rajkot,104637,655
C0884,Customer_0884,37,Rajkot,49474,766
C0885,Customer_0885,46,Delhi,68475,684
C0886,Customer_0886,41,Ahmedabad,69952,763
C0887,Customer_0887,35,Mumbai,23940,659
C0888,Customer_0888,27,Ahmedabad,33537,766
C0889,Customer_0889,58,Rajkot,55195,763
C0890,Customer_0890,25,Ahmedabad,40479,789
C0891,Customer_0891,43,Pune,140440,636
C0892,Customer_0892,46,Delhi,27987,683
C0893,Customer_0893,27,Delhi,33356,836
C0894,Customer_0894,34,Surat,64530,671
C0895,Customer_0895,19,Mumbai,38938,750
C0896,Customer_0896,23,Ahmedabad,12000,850
C0897,Customer_0897,22,Surat,159398,551
C0898,Customer_0898,45,Bengaluru,30461,669
C0899,Customer_0899,58,Rajkot,74875,690
C0900,Customer_0900,22,Rajkot,27604,555
C0901,Customer_0901,35,Ahmedabad,34214,655
C0902,Customer_0902,43,Rajkot,22527,617
C0903,Customer_0903,37,Ahmedabad,36586,754
C0904,Customer_0904,58,Mumbai,38589,560
C0905,Customer_0905,66,Surat,51132,831
C0906,Customer_0906,44,Bengaluru,44809,741
C0907,Customer_0907,66,Delhi,24890,610
C0908,Customer_0908,29,Surat,41230,766
C0909,Customer_0909,24,Ahmedabad,121898,734
C0910,Customer_0910,20,Surat,114199,687
C0911,Customer_0911,27,Mumbai,70665,635
C0912,Customer_0912,51,Ahmedabad,79204,731
C0913,Customer_0913,42,Mumbai,170849,699
C0914,Customer_0914,52,Surat,75302,638
C0915,Customer_0915,33,Mumbai,78385,589
C0916,Customer_0916,19,Vadodara,23261,626
C0917,Customer_0917,41,Surat,29826,652
C0918,Customer_0918,27,Bengaluru,54019,777
C0919,Customer_0919,55,Pune,35277,754
C0920,Customer_0920,39,Ahmedabad,31767,656
C0921,Customer_0921,43,Delhi,33851,659
C0922,Customer_0922,60,Vadodara,25137,764
C0923,Customer_0923,56,Bengaluru,35590,710
C0924,Customer_0924,44,Delhi,66288,709
C0925,Customer_0925,46,Surat,147718,637
C0926,Customer_0926,64,Rajkot,85257,680
C0927,Customer_0927,55,Ahmedabad,78039,690
C0928,Customer_0928,37,Mumbai,22519,683
C0929,Customer_0929,44,Mumbai,58729,745
C0930,Customer_0930,58,Ahmedabad,53011,747
C0931,Customer_0931,37,Ahmedabad,64537,621
C0932,Customer_0932,61,Delhi,45103,652
C0933,Customer_0933,36,Bengaluru,137204,638
C0934,Customer_0934,37,Vadodara,56619,794
C0935,Customer_0935,52,Ahmedabad,59737,850
C0936,Customer_0936,64,Ahmedabad,18690,655
C0937,Customer_0937,19,Rajkot,51865,677
C0938,Customer_0938,47,Bengaluru,103484,753
C0939,Customer_0939,70,Rajkot,74656,636
C0940,Customer_0940,51,Mumbai,16806,754
C0941,Customer_0941,39,Ahmedabad,42948,688
C0942,Customer_0942,20,Mumbai,142576,559
C0943,Customer_0943,23,Mumbai,50626,592
C0944,Customer_0944,32,Delhi,65671,664
C0945,Customer_0945,44,Ahmedabad,133993,781
C0946,Customer_0946,27,Rajkot,50516,623
C0947,Customer_0947,26,Ahmedabad,84978,649
C0948,Customer_0948,50,Bengaluru,68965,705
C0949,Customer_0949,49,Delhi,77568,564
C0950,Customer_0950,65,Mumbai,67755,712
C0951,Customer_0951,23,Mumbai,40696,574
C0952,Customer_0952,58,Mumbai,42993,732
C0953,Customer_0953,53,Ahmedabad,34374,629
C0954,Customer_0954,19,Bengaluru,22320,619
C0955,Customer_0955,46,Surat,109051,710
C0956,Customer_0956,21,Surat,55305,749
C0957,Customer_0957,18,Vadodara,106072,718
C0958,Customer_0958,36,Rajkot,130098,705
C0959,Customer_0959,43,Ahmedabad,56639,706
C0960,Customer_0960,42,Pune,26706,718
C0961,Customer_0961,27,Rajkot,49374,723
C0962,Customer_0962,70,Mumbai,38023,660
C0963,Customer_0963,32,Ahmedabad,18508,739
C0964,Customer_0964,39,Surat,41736,630
C0965,Customer_0965,68,Surat,52878,771
C0966,Customer_0966,65,Surat,38609,748
C0967,Customer_0967,38,Pune,35980,850
C0968,Customer_0968,39,Surat,27240,728
C0969,Customer_0969,53,Mumbai,61257,758
C0970,Customer_0970,51,Vadodara,153765,572
C0971,Customer_0971,47,Mumbai,111116,760
C0972,Customer_0972,42,Bengaluru,78793,778
C0973,Customer_0973,62,Pune,79742,802
C0974,Customer_0974,45,Ahmedabad,51130,699
C0975,Customer_0975,18,Rajkot,20386,664
C0976,Customer_0976,66,Ahmedabad,44886,608
C0977,Customer_0977,62,Mumbai,32272,615
C0978,Customer_0978,21,Rajkot,59884,688
C0979,Customer_0979,24,Vadodara,108375,558
C0980,Customer_0980,66,Mumbai,162830,632
C0981,Customer_0981,26,Surat,56989,696
C0982,Customer_0982,53,Pune,21985,695
C0983,Customer_0983,36,Rajkot,56929,617
C0984,Customer_0984,18,Rajkot,57786,597
C0985,Customer_0985,27,Pune,79893,608
C0986,Customer_0986,53,Vadodara,54422,673
C0987,Customer_0987,26,Mumbai,57049,849
C0988,Customer_0988,62,Vadodara,38849,769
C0989,Customer_0989,63,Ahmedabad,46329,706
C0990,Customer_0990,59,Delhi,72938,731
C0991,Customer_0991,49,Delhi,18222,766
C0992,Customer_0992,49,Pune,46192,740
C0993,Customer_0993,23,Ahmedabad,80292,666
C0994,Customer_0994,65,Mumbai,135603,626
C0995,Customer_0995,55,Surat,44178,680
C0996,Customer_0996,34,Rajkot,105560,765
C0997,Customer_0997,27,Bengaluru,139330,669
C0998,Customer_0998,67,Ahmedabad,44494,607
C0999,Customer_0999,44,Bengaluru,40460,560
C1000,Customer_1000,67,Vadodara,49759,680
C1001,Customer_1001,52,Ahmedabad,52575,613
C1002,Customer_1002,69,Mumbai,100211,657
C1003,Customer_1003,38,Delhi,35937,799
C1004,Customer_1004,42,Pune,128158,685
C1005,Customer_1005,45,Delhi,35407,633
C1006,Customer_1006,64,Mumbai,27437,713
C1007,Customer_1007,32,Pune,73362,834
C1008,Customer_1008,21,Delhi,108217,680
C1009,Customer_1009,46,Ahmedabad,60678,513
C1010,Customer_1010,26,Vadodara,69869,738
C1011,Customer_1011,44,Ahmedabad,161127,715
C1012,Customer_1012,43,Bengaluru,109059,696
C1013,Customer_1013,36,Bengaluru,55943,673
C1014,Customer_1014,45,Rajkot,43388,629
C1015,Customer_1015,34,Pune,100445,803
C1016,Customer_1016,60,Bengaluru,86785,552
C1017,Customer_1017,58,Ahmedabad,69238,666
C1018,Customer_1018,59,Mumbai,45946,665
C1019,Customer_1019,67,Bengaluru,52737,754
C1020,Customer_1020,37,Rajkot,50713,782
C1021,Customer_1021,62,Pune,46368,672
C1022,Customer_1022,57,Surat,39515,704
C1023,Customer_1023,56,Bengaluru,63636,710
C1024,Customer_1024,66,Bengaluru,38546,768
C1025,Customer_1025,70,Bengaluru,60636,767
C1026,Customer_1026,40,Vadodara,17329,649
C1027,Customer_1027,64,Delhi,39543,722
C1028,Customer_1028,49,Delhi,100626,718
C1029,Customer_1029,69,Surat,33518,681
C1030,Customer_1030,64,Delhi,76171,718
C1031,Customer_1031,50,Rajkot,35086,691
C1032,Customer_1032,63,Mumbai,84269,701
C1033,Customer_1033,22,Ahmedabad,46708,588
C1034,Customer_1034,60,Ahmedabad,45703,621
C1035,Customer_1035,65,Rajkot,56668,751
C1036,Customer_1036,51,Pune,26270,599
C1037,Customer_1037,57,Surat,93876,725
C1038,Customer_1038,28,Pune,112642,683
C1039,Customer_1039,67,Rajkot,45119,767
C1040,Customer_1040,20,Surat,73379,738
C1041,Customer_1041,50,Mumbai,84414,656
C1042,Customer_1042,28,Delhi,52307,673
C1043,Customer_1043,33,Surat,29898,541
C1044,Customer_1044,35,Mumbai,132168,680
C1045,Customer_1045,47,Delhi,44320,594
C1046,Customer_1046,65,Mumbai,39342,673
C1047,Customer_1047,27,Ahmedabad,135458,642
C1048,Customer_1048,35,Rajkot,76927,624
C1049,Customer_1049,55,Delhi,63365,779
C1050,Customer_1050,36,Rajkot,32246,594
C1051,Customer_1051,53,Delhi,85530,617
C1052,Customer_1052,30,Vadodara,270539,637
C1053,Customer_1053,63,Bengaluru,89265,653
C1054,Customer_1054,20,Delhi,72253,624
C1055,Customer_1055,27,Bengaluru,81771,663
C1056,Customer_1056,55,Surat,45918,712
C1057,Customer_1057,18,Pune,45678,740
C1058,Customer_1058,44,Surat,45358,736
C1059,Customer_1059,63,Vadodara,40089,546
C1060,Customer_1060,25,Mumbai,45308,718
C1061,Customer_1061,68,Delhi,45192,723
C1062,Customer_1062,63,Bengaluru,48074,640
C1063,Customer_1063,59,Pune,47340,815
C1064,Customer_1064,34,Surat,62865,771
C1065,Customer_1065,26,Surat,57435,676
C1066,Customer_1066,23,Pune,60303,645
C1067,Customer_1067,60,Ahmedabad,127052,813
C1068,Customer_1068,42,Rajkot,57370,688
C1069,Customer_1069,56,Surat,185549,696
C1070,Customer_1070,66,Surat,66773,695
C1071,Customer_1071,45,Surat,43006,850
C1072,Customer_1072,50,Ahmedabad,115538,673
C1073,Customer_1073,54,Rajkot,52646,688
C1074,Customer_1074,26,Rajkot,14743,627
C1075,Customer_1075,35,Bengaluru,54879,660
C1076,Customer_1076,38,Surat,47956,612
C1077,Customer_1077,19,Surat,133077,629
C1078,Customer_1078,60,Mumbai,33571,554
C1079,Customer_1079,55,Ahmedabad,45804,756
C1080,Customer_1080,57,Bengaluru,110446,701
C1081,Customer_1081,53,Pune,68323,707
C1082,Customer_1082,67,Rajkot,50050,686
C1083,Customer_1083,60,Surat,36279,695
C1084,Customer_1084,54,Delhi,66739,811
C1085,Customer_1085,32,Bengaluru,54120,632
C1086,Customer_1086,45,Vadodara,36054,710
C1087,Customer_1087,35,Mumbai,37100,710
C1088,Customer_1088,51,Ahmedabad,35141,775
C1089,Customer_1089,39,Bengaluru,31862,722
C1090,Customer_1090,28,Ahmedabad,91932,726
C1091,Customer_1091,30,Bengaluru,85370,595
C1092,Customer_1092,21,Mumbai,92015,629
C1093,Customer_1093,39,Mumbai,55136,602
C1094,Customer_1094,24,Vadodara,48129,504
C1095,Customer_1095,60,Ahmedabad,48614,719
C1096,Customer_1096,41,Ahmedabad,96441,670
C1097,Customer_1097,21,Ahmedabad,20211,719
C1098,Customer_1098,45,Ahmedabad,41444,692
C1099,Customer_1099,32,Pune,33760,708
C1100,Customer_1100,18,Surat,116195,790
C1101,Customer_1101,20,Rajkot,42297,690
C1102,Customer_1102,31,Bengaluru,22365,740
C1103,Customer_1103,55,Delhi,62191,667
C1104,Customer_1104,67,Bengaluru,44870,751
C1105,Customer_1105,18,Bengaluru,40488,597
C1106,Customer_1106,55,Ahmedabad,38256,552
C1107,Customer_1107,55,Surat,37435,847
C1108,Customer_1108,38,Pune,81210,827
C1109,Customer_1109,65,Pune,62203,544
C1110,Customer_1110,46,Ahmedabad,49326,687
C1111,Customer_1111,22,Delhi,30063,701
C1112,Customer_1112,66,Ahmedabad,50121,744
C1113,Customer_1113,27,Ahmedabad,63477,820
C1114,Customer_1114,45,Mumbai,64818,610
C1115,Customer_1115,38,Mumbai,60088,614
C1116,Customer_1116,67,Mumbai,33112,689
C1117,Customer_1117,24,Rajkot,14666,617
C1118,Customer_1118,20,Delhi,147986,486
C1119,Customer_1119,62,Ahmedabad,26763,672
C1120,Customer_1120,64,Ahmedabad,18664,754
C1121,Customer_1121,37,Delhi,59093,688
C1122,Customer_1122,36,Bengaluru,21491,736
C1123,Customer_1123,52,Delhi,35328,726
C1124,Customer_1124,21,Delhi,74381,612
C1125,Customer_1125,22,Mumbai,145810,695
C1126,Customer_1126,18,Mumbai,68065,575
C1127,Customer_1127,21,Rajkot,43198,651
C1128,Customer_1128,29,Surat,53466,693
C1129,Customer_1129,44,Surat,20340,689
C1130,Customer_1130,59,Ahmedabad,42923,593
C1131,Customer_1131,40,Pune,42946,608
C1132,Customer_1132,42,Vadodara,59839,711
C1133,Customer_1133,38,Rajkot,160058,752
C1134,Customer_1134,69,Ahmedabad,18955,674
C1135,Customer_1135,41,Mumbai,43952,670
C1136,Customer_1136,42,Rajkot,20063,759
C1137,Customer_1137,62,Delhi,41699,632
C1138,Customer_1138,63,Vadodara,34185,819
C1139,Customer_1139,49,Vadodara,24177,589
C1140,Customer_1140,49,Mumbai,90879,768
C1141,Customer_1141,22,Delhi,63303,730
C1142,Customer_1142,53,Surat,85204,850
C1143,Customer_1143,63,Mumbai,41055,605
C1144,Customer_1144,59,Mumbai,52901,514
C1145,Customer_1145,66,Ahmedabad,132209,783
C1146,Customer_1146,59,Delhi,54917,579
C1147,Customer_1147,56,Delhi,85773,736
C1148,Customer_1148,33,Mumbai,39162,778
C1149,Customer_1149,50,Delhi,81543,718
C1150,Customer_1150,66,Delhi,40667,707
C1151,Customer_1151,38,Pune,19381,720
C1152,Customer_1152,26,Delhi,54771,752
C1153,Customer_1153,23,Pune,42464,734
C1154,Customer_1154,68,Mumbai,22504,598
C1155,Customer_1155,62,Mumbai,61108,826
C1156,Customer_1156,52,Pune,33645,693
C1157,Customer_1157,56,Ahmedabad,301354,728
C1158,Customer_1158,39,Delhi,24578,743
C1159,Customer_1159,58,Delhi,28225,776
C1160,Customer_1160,22,Rajkot,88728,768
C1161,Customer_1161,59,Delhi,51119,699
C1162,Customer_1162,40,Ahmedabad,87741,695
C1163,Customer_1163,34,Surat,67799,720
C1164,Customer_1164,29,Pune,39927,772
C1165,Customer_1165,40,Ahmedabad,25760,606
C1166,Customer_1166,33,Delhi,99129,738
C1167,Customer_1167,20,Delhi,27077,623
C1168,Customer_1168,47,Vadodara,74793,828
C1169,Customer_1169,39,Rajkot,91175,717
C1170,Customer_1170,26,Surat,51291,658
C1171,Customer_1171,46,Mumbai,46527,722
C1172,Customer_1172,64,Bengaluru,32017,690
C1173,Customer_1173,54,Mumbai,70940,677
C1174,Customer_1174,40,Ahmedabad,12000,554
C1175,Customer_1175,30,Mumbai,81530,613
C1176,Customer_1176,49,Mumbai,58735,679
C1177,Customer_1177,63,Pune,48656,563
C1178,Customer_1178,69,Rajkot,62840,645
C1179,Customer_1179,64,Pune,25838,652
C1180,Customer_1180,65,Mumbai,14587,631
C1181,Customer_1181,40,Bengaluru,71168,747
C1182,Customer_1182,62,Surat,113458,623
C1183,Customer_1183,34,Mumbai,21129,696
C1184,Customer_1184,57,Bengaluru,30829,663
C1185,Customer_1185,38,Rajkot,83188,681
C1186,Customer_1186,19,Bengaluru,67002,810
C1187,Customer_1187,54,Mumbai,280631,703
C1188,Customer_1188,23,Rajkot,99379,717
C1189,Customer_1189,61,Surat,87079,632
C1190,Customer_1190,35,Pune,36134,736
C1191,Customer_1191,47,Rajkot,73403,733
C1192,Customer_1192,39,Mumbai,125187,726
C1193,Customer_1193,50,Surat,50245,599
C1194,Customer_1194,47,Mumbai,51566,646
C1195,Customer_1195,34,Rajkot,59446,797
C1196,Customer_1196,60,Delhi,38162,638
C1197,Customer_1197,49,Bengaluru,63768,807
C1198,Customer_1198,59,Bengaluru,62898,649
C1199,Customer_1199,68,Pune,124129,701
C1200,Customer_1200,31,Ahmedabad,49559,675
C1201,Customer_1201,27,Pune,79713,626
C1202,Customer_1202,64,Rajkot,50378,627
C1203,Customer_1203,68,Rajkot,78194,637
C1204,Customer_1204,53,Surat,47932,701
C1205,Customer_1205,51,Vadodara,75395,756
C1206,Customer_1206,26,Pune,82093,696
C1207,Customer_1207,59,Mumbai,30589,687
C1208,Customer_1208,45,Vadodara,100850,780
C1209,Customer_1209,28,Ahmedabad,50187,693
C1210,Customer_1210,31,Bengaluru,42476,649
C1211,Customer_1211,56,Surat,37219,615
C1212,Customer_1212,64,Vadodara,64802,785
C1213,Customer_1213,36,Ahmedabad,54860,665
C1214,Customer_1214,32,Delhi,67442,646
C1215,Customer_1215,45,Pune,68166,640
C1216,Customer_1216,41,Ahmedabad,76865,781
C1217,Customer_1217,25,Rajkot,253227,647
C1218,Customer_1218,60,Mumbai,56213,764
C1219,Customer_1219,26,Mumbai,36719,672
C1220,Customer_1220,64,Ahmedabad,18109,599
C1221,Customer_1221,50,Bengaluru,28500,665
C1222,Customer_1222,50,Ahmedabad,108502,687
C1223,Customer_1223,36,Vadodara,81719,681
C1224,Customer_1224,20,Bengaluru,26175,679
C1225,Customer_1225,27,Surat,213289,665
C1226,Customer_1226,57,Mumbai,65828,631
C1227,Customer_1227,64,Surat,70845,690
C1228,Customer_1228,59,Ahmedabad,188982,730
C1229,Customer_1229,18,Bengaluru,143170,580
C1230,Customer_1230,46,Surat,84517,787
C1231,Customer_1231,67,Bengaluru,86782,412
C1232,Customer_1232,51,Ahmedabad,91365,695
C1233,Customer_1233,68,Ahmedabad,48173,724
C1234,Customer_1234,30,Rajkot,64397,644
C1235,Customer_1235,18,Mumbai,75430,530
C1236,Customer_1236,51,Surat,51295,682
C1237,Customer_1237,46,Delhi,32341,702
C1238,Customer_1238,65,Vadodara,47511,603
C1239,Customer_1239,64,Bengaluru,31943,627
C1240,Customer_1240,30,Ahmedabad,56982,762
C1241,Customer_1241,65,Delhi,20657,698
C1242,Customer_1242,66,Pune,66347,576
C1243,Customer_1243,70,Pune,22424,723
C1244,Customer_1244,46,Delhi,44054,620
C1245,Customer_1245,56,Pune,72572,631
C1246,Customer_1246,41,Mumbai,84984,704
C1247,Customer_1247,43,Ahmedabad,79609,697
C1248,Customer_1248,34,Rajkot,65574,659
C1249,Customer_1249,24,Bengaluru,29717,652
C1250,Customer_1250,30,Mumbai,94317,671
C1251,Customer_1251,22,Delhi,30093,631
C1252,Customer_1252,43,Vadodara,100418,771
C1253,Customer_1253,66,Rajkot,77677,572
C1254,Customer_1254,20,Ahmedabad,116132,671
C1255,Customer_1255,24,Mumbai,55757,580
C1256,Customer_1256,66,Vadodara,35058,760
C1257,Customer_1257,56,Ahmedabad,27014,671
C1258,Customer_1258,70,Vadodara,28716,610
C1259,Customer_1259,18,Rajkot,22356,741
C1260,Customer_1260,66,Mumbai,92336,518
C1261,Customer_1261,34,Ahmedabad,98929,711
C1262,Customer_1262,60,Delhi,74579,776
C1263,Customer_1263,42,Surat,54009,703
C1264,Customer_1264,20,Vadodara,170862,652
C1265,Customer_1265,32,Rajkot,52109,596
C1266,Customer_1266,46,Rajkot,62105,771
C1267,Customer_1267,70,Surat,53571,759
C1268,Customer_1268,60,Vadodara,45661,641
C1269,Customer_1269,49,Mumbai,77817,643
C1270,Customer_1270,43,Surat,38819,779
C1271,Customer_1271,33,Pune,37412,729
C1272,Customer_1272,42,Delhi,80009,556
C1273,Customer_1273,45,Pune,41831,675
C1274,Customer_1274,26,Rajkot,59189,672
C1275,Customer_1275,18,Vadodara,45586,708
C1276,Customer_1276,46,Rajkot,54651,690
C1277,Customer_1277,39,Ahmedabad,37978,651
C1278,Customer_1278,33,Bengaluru,38667,703
C1279,Customer_1279,58,Ahmedabad,35039,656
C1280,Customer_1280,68,Vadodara,87458,850
C1281,Customer_1281,61,Mumbai,60453,699
C1282,Customer_1282,68,Pune,91152,688
C1283,Customer_1283,58,Mumbai,96669,828
C1284,Customer_1284,24,Rajkot,42707,587
C1285,Customer_1285,31,Surat,89318,681
C1286,Customer_1286,46,Vadodara,54574,618
C1287,Customer_1287,36,Rajkot,50403,737
C1288,Customer_1288,36,Surat,109523,652
C1289,Customer_1289,19,Rajkot,74582,733
C1290,Customer_1290,58,Rajkot,45308,728
C1291,Customer_1291,62,Surat,71964,748
C1292,Customer_1292,32,Ahmedabad,27417,729
C1293,Customer_1293,20,Mumbai,63013,673
C1294,Customer_1294,28,Mumbai,24108,585
C1295,Customer_1295,70,Delhi,32005,765
C1296,Customer_1296,63,Ahmedabad,75859,795
C1297,Customer_1297,47,Ahmedabad,12663,619
C1298,Customer_1298,57,Rajkot,148222,745
C1299,Customer_1299,35,Mumbai,87034,602
C1300,Customer_1300,68,Pune,20008,705
C1301,Customer_1301,65,Rajkot,205718,720
C1302,Customer_1302,19,Bengaluru,239389,658
C1303,Customer_1303,49,Rajkot,49802,697
C1304,Customer_1304,25,Mumbai,33041,753
C1305,Customer_1305,39,Pune,139045,681
C1306,Customer_1306,23,Delhi,45524,639
C1307,Customer_1307,29,Pune,60093,598
C1308,Customer_1308,64,Delhi,107430,660
C1309,Customer_1309,57,Surat,50546,601
C1310,Customer_1310,53,Delhi,48170,661
C1311,Customer_1311,32,Rajkot,27317,655
C1312,Customer_1312,45,Bengaluru,38882,750
C1313,Customer_1313,69,Mumbai,47651,695
C1314,Customer_1314,66,Delhi,27830,850
C1315,Customer_1315,62,Vadodara,29252,538
C1316,Customer_1316,35,Mumbai,56025,713
C1317,Customer_1317,19,Vadodara,19885,656
C1318,Customer_1318,30,Pune,33912,618
C1319,Customer_1319,62,Rajkot,160269,687
C1320,Customer_1320,32,Rajkot,45482,682
C1321,Customer_1321,37,Ahmedabad,42454,770
C1322,Customer_1322,46,Ahmedabad,45370,696
C1323,Customer_1323,59,Delhi,45766,638
C1324,Customer_1324,46,Ahmedabad,75453,715
C1325,Customer_1325,20,Bengaluru,72603,672
C1326,Customer_1326,36,Surat,44363,605
C1327,Customer_1327,20,Ahmedabad,48897,671
C1328,Customer_1328,31,Pune,113222,707
C1329,Customer_1329,57,Mumbai,23966,695
C1330,Customer_1330,21,Vadodara,53285,714
C1331,Customer_1331,69,Mumbai,59247,650
C1332,Customer_1332,28,Pune,35879,713
C1333,Customer_1333,48,Ahmedabad,51625,699
C1334,Customer_1334,60,Bengaluru,33311,699
C1335,Customer_1335,49,Bengaluru,78083,692
C1336,Customer_1336,44,Mumbai,26346,850
C1337,Customer_1337,47,Ahmedabad,98653,773
C1338,Customer_1338,60,Mumbai,52826,712
C1339,Customer_1339,19,Rajkot,42987,629
C1340,Customer_1340,66,Rajkot,31650,668
C1341,Customer_1341,26,Ahmedabad,96949,811
C1342,Customer_1342,45,Vadodara,38428,647
C1343,Customer_1343,48,Delhi,28943,677
C1344,Customer_1344,51,Pune,98065,673
C1345,Customer_1345,32,Pune,33447,717
C1346,Customer_1346,65,Surat,52214,657
C1347,Customer_1347,42,Surat,86286,703
C1348,Customer_1348,53,Surat,59991,658
C1349,Customer_1349,25,Bengaluru,142494,788
C1350,Customer_1350,26,Rajkot,34747,638
C1351,Customer_1351,54,Delhi,48986,763
C1352,Customer_1352,65,Mumbai,51115,646
C1353,Customer_1353,62,Vadodara,77401,625
C1354,Customer_1354,56,Pune,111728,637
C1355,Customer_1355,49,Vadodara,57272,561
C1356,Customer_1356,69,Delhi,50989,722
C1357,Customer_1357,34,Bengaluru,24329,602
C1358,Customer_1358,52,Surat,58506,663
C1359,Customer_1359,54,Ahmedabad,38461,747
C1360,Customer_1360,36,Mumbai,77282,744
C1361,Customer_1361,61,Bengaluru,43904,582
C1362,Customer_1362,46,Ahmedabad,48181,713
C1363,Customer_1363,24,Mumbai,24635,775
C1364,Customer_1364,45,Mumbai,20308,642
C1365,Customer_1365,26,Pune,153067,728
C1366,Customer_1366,45,Ahmedabad,59066,604
C1367,Customer_1367,23,Pune,68697,718
C1368,Customer_1368,46,Bengaluru,33300,699
C1369,Customer_1369,34,Ahmedabad,89020,739
C1370,Customer_1370,33,Ahmedabad,80613,734
C1371,Customer_1371,40,Bengaluru,35374,588
C1372,Customer_1372,48,Ahmedabad,30710,700
C1373,Customer_1373,20,Delhi,36761,798
C1374,Customer_1374,38,Vadodara,54151,526
C1375,Customer_1375,43,Ahmedabad,60294,762
C1376,Customer_1376,53,Delhi,56173,810
C1377,Customer_1377,59,Vadodara,112351,578
C1378,Customer_1378,54,Vadodara,37118,639
C1379,Customer_1379,70,Surat,30255,728
C1380,Customer_1380,39,Mumbai,55002,623
C1381,Customer_1381,59,Ahmedabad,21674,792
C1382,Customer_1382,29,Surat,80639,769
C1383,Customer_1383,59,Bengaluru,58044,586
C1384,Customer_1384,30,Ahmedabad,45668,634
C1385,Customer_1385,28,Mumbai,44295,747
C1386,Customer_1386,33,Surat,90724,744
C1387,Customer_1387,25,Pune,89149,850
C1388,Customer_1388,57,Ahmedabad,48030,624
C1389,Customer_1389,57,Bengaluru,76157,799
C1390,Customer_1390,62,Vadodara,88427,621
C1391,Customer_1391,19,Ahmedabad,66146,727
C1392,Customer_1392,47,Rajkot,49123,756
C1393,Customer_1393,47,Ahmedabad,67828,465
C1394,Customer_1394,29,Vadodara,31057,758
C1395,Customer_1395,27,Surat,57193,793
C1396,Customer_1396,61,Delhi,48381,772
C1397,Customer_1397,28,Vadodara,44385,844
C1398,Customer_1398,32,Ahmedabad,21279,762
C1399,Customer_1399,33,Mumbai,31254,649
C1400,Customer_1400,34,Pune,42101,782
C1401,Customer_1401,43,Ahmedabad,89981,645
C1402,Customer_1402,19,Ahmedabad,64362,696
C1403,Customer_1403,67,Rajkot,92217,752
C1404,Customer_1404,29,Pune,108955,723
C1405,Customer_1405,68,Mumbai,65920,791
C1406,Customer_1406,43,Vadodara,59411,850
C1407,Customer_1407,40,Delhi,32207,604
C1408,Customer_1408,35,Delhi,164022,665
C1409,Customer_1409,49,Mumbai,25217,713
C1410,Customer_1410,66,Delhi,58711,655
C1411,Customer_1411,55,Ahmedabad,86953,684
C1412,Customer_1412,64,Rajkot,87622,748
C1413,Customer_1413,20,Ahmedabad,29137,738
C1414,Customer_1414,55,Rajkot,43657,708
C1415,Customer_1415,20,Mumbai,35442,701
C1416,Customer_1416,47,Bengaluru,18505,673
C1417,Customer_1417,18,Rajkot,59087,795
C1418,Customer_1418,47,Ahmedabad,37063,814
C1419,Customer_1419,62,Vadodara,125882,766
C1420,Customer_1420,49,Bengaluru,77144,603
C1421,Customer_1421,45,Surat,56266,670
C1422,Customer_1422,38,Vadodara,42408,704
C1423,Customer_1423,63,Rajkot,58594,619
C1424,Customer_1424,30,Ahmedabad,47779,695
C1425,Customer_1425,44,Bengaluru,57144,691
C1426,Customer_1426,53,Bengaluru,156527,771
C1427,Customer_1427,24,Rajkot,30621,652
C1428,Customer_1428,39,Bengaluru,50128,777
C1429,Customer_1429,27,Mumbai,81113,618
C1430,Customer_1430,56,Delhi,44135,628
C1431,Customer_1431,70,Vadodara,131187,661
C1432,Customer_1432,32,Vadodara,79876,693
C1433,Customer_1433,32,Vadodara,37037,508
C1434,Customer_1434,21,Mumbai,61532,724
C1435,Customer_1435,49,Ahmedabad,37330,818
C1436,Customer_1436,40,Rajkot,35487,738
C1437,Customer_1437,23,Surat,50918,674
C1438,Customer_1438,41,Pune,110211,608
C1439,Customer_1439,37,Ahmedabad,82874,554
C1440,Customer_1440,54,Mumbai,54321,566
C1441,Customer_1441,37,Bengaluru,84519,680
C1442,Customer_1442,29,Rajkot,63756,848
C1443,Customer_1443,50,Mumbai,28901,486
C1444,Customer_1444,45,Vadodara,50780,742
C1445,Customer_1445,25,Delhi,52830,639
C1446,Customer_1446,18,Ahmedabad,83618,664
C1447,Customer_1447,54,Pune,40276,619
C1448,Customer_1448,39,Delhi,33293,587
C1449,Customer_1449,23,Bengaluru,53639,699
C1450,Customer_1450,38,Mumbai,38565,709
C1451,Customer_1451,49,Vadodara,46035,740
C1452,Customer_1452,52,Mumbai,52607,563
C1453,Customer_1453,32,Delhi,44552,755
C1454,Customer_1454,22,Mumbai,93417,756
C1455,Customer_1455,63,Rajkot,119724,721
C1456,Customer_1456,67,Bengaluru,88405,658
C1457,Customer_1457,65,Mumbai,20763,713
C1458,Customer_1458,23,Mumbai,38638,677
C1459,Customer_1459,42,Ahmedabad,49852,762
C1460,Customer_1460,63,Mumbai,19923,662
C1461,Customer_1461,57,Surat,33973,698
C1462,Customer_1462,46,Mumbai,49503,559
C1463,Customer_1463,24,Rajkot,42965,712
C1464,Customer_1464,57,Mumbai,55262,633
C1465,Customer_1465,30,Bengaluru,25735,728
C1466,Customer_1466,55,Rajkot,42699,749
C1467,Customer_1467,35,Bengaluru,59792,644
C1468,Customer_1468,19,Surat,55309,692
C1469,Customer_1469,25,Delhi,70324,703
C1470,Customer_1470,28,Pune,68104,717
C1471,Customer_1471,50,Mumbai,43966,749
C1472,Customer_1472,55,Pune,58756,739
C1473,Customer_1473,65,Delhi,35422,661
C1474,Customer_1474,44,Surat,47404,809
C1475,Customer_1475,37,Surat,30776,746
C1476,Customer_1476,29,Mumbai,98821,795
C1477,Customer_1477,60,Delhi,47318,716
C1478,Customer_1478,48,Pune,98741,720
C1479,Customer_1479,44,Delhi,65278,681
C1480,Customer_1480,49,Vadodara,33791,656
C1481,Customer_1481,27,Delhi,63145,763
C1482,Customer_1482,20,Ahmedabad,85856,709
C1483,Customer_1483,62,Mumbai,52702,680
C1484,Customer_1484,44,Rajkot,57285,613
C1485,Customer_1485,52,Surat,40610,806
C1486,Customer_1486,48,Surat,55733,698
C1487,Customer_1487,32,Surat,62688,597
C1488,Customer_1488,33,Pune,40004,696
C1489,Customer_1489,30,Surat,30378,674
C1490,Customer_1490,66,Vadodara,111688,671
C1491,Customer_1491,52,Ahmedabad,76676,733
C1492,Customer_1492,69,Surat,40695,675
C1493,Customer_1493,28,Ahmedabad,62062,667
C1494,Customer_1494,38,Rajkot,24388,792
C1495,Customer_1495,68,Mumbai,18540,559
C1496,Customer_1496,28,Mumbai,99843,686
C1497,Customer_1497,47,Mumbai,62401,759
C1498,Customer_1498,65,Vadodara,53575,737
C1499,Customer_1499,70,Surat,62508,766
C1500,Customer_1500,52,Delhi,324311,841
C1501,Customer_1501,39,Vadodara,88706,817
C1502,Customer_1502,55,Vadodara,30949,603
C1503,Customer_1503,48,Rajkot,21826,569
C1504,Customer_1504,31,Surat,98231,714
C1505,Customer_1505,41,Surat,88074,588
C1506,Customer_1506,67,Surat,75461,545
C1507,Customer_1507,66,Mumbai,35171,713
C1508,Customer_1508,49,Mumbai,67164,732
C1509,Customer_1509,53,Mumbai,36947,818
C1510,Customer_1510,49,Pune,79191,747
C1511,Customer_1511,32,Delhi,94423,833
C1512,Customer_1512,60,Pune,40789,716
C1513,Customer_1513,52,Bengaluru,102496,604
C1514,Customer_1514,20,Rajkot,58586,751
C1515,Customer_1515,33,Ahmedabad,72086,790
C1516,Customer_1516,22,Rajkot,26763,719
C1517,Customer_1517,38,Mumbai,62492,798
C1518,Customer_1518,27,Bengaluru,37930,680
C1519,Customer_1519,36,Ahmedabad,71405,730
C1520,Customer_1520,42,Bengaluru,123257,676
C1521,Customer_1521,21,Rajkot,64493,850
C1522,Customer_1522,46,Bengaluru,33510,753
C1523,Customer_1523,36,Surat,77624,606
C1524,Customer_1524,60,Rajkot,68601,828
C1525,Customer_1525,19,Vadodara,170641,635
C1526,Customer_1526,27,Ahmedabad,63244,691
C1527,Customer_1527,60,Surat,39857,725
C1528,Customer_1528,42,Surat,84031,731
C1529,Customer_1529,37,Delhi,51270,726
C1530,Customer_1530,65,Mumbai,57481,605
C1531,Customer_1531,36,Surat,33005,726
C1532,Customer_1532,40,Mumbai,51418,772
C1533,Customer_1533,41,Pune,55939,770
C1534,Customer_1534,28,Ahmedabad,51251,592
C1535,Customer_1535,63,Surat,39739,640
C1536,Customer_1536,51,Ahmedabad,64448,611
C1537,Customer_1537,45,Ahmedabad,33096,715
C1538,Customer_1538,22,Mumbai,29075,573
C1539,Customer_1539,22,Ahmedabad,81253,605
C1540,Customer_1540,68,Vadodara,77253,640
C1541,Customer_1541,38,Pune,26793,555
C1542,Customer_1542,29,Rajkot,20107,687
C1543,Customer_1543,67,Mumbai,31580,532
C1544,Customer_1544,21,Ahmedabad,51252,726
C1545,Customer_1545,66,Bengaluru,103775,660
C1546,Customer_1546,59,Vadodara,50568,643
C1547,Customer_1547,37,Delhi,36023,655
C1548,Customer_1548,55,Mumbai,59683,685
C1549,Customer_1549,42,Rajkot,51656,734
C1550,Customer_1550,31,Mumbai,25733,788
C1551,Customer_1551,28,Bengaluru,25817,766
C1552,Customer_1552,49,Mumbai,26201,850
C1553,Customer_1553,28,Delhi,215131,740
C1554,Customer_1554,35,Delhi,88263,700
C1555,Customer_1555,44,Ahmedabad,39677,655
C1556,Customer_1556,35,Ahmedabad,101177,658
C1557,Customer_1557,40,Mumbai,40241,730
C1558,Customer_1558,28,Surat,99353,615
C1559,Customer_1559,38,Delhi,57483,707
C1560,Customer_1560,61,Bengaluru,38281,688
C1561,Customer_1561,22,Surat,79936,635
C1562,Customer_1562,40,Ahmedabad,59321,611
C1563,Customer_1563,58,Pune,68468,850
C1564,Customer_1564,42,Ahmedabad,61921,585
C1565,Customer_1565,58,Delhi,61564,684
C1566,Customer_1566,27,Surat,85424,781
C1567,Customer_1567,39,Mumbai,227790,729
C1568,Customer_1568,36,Rajkot,109307,654
C1569,Customer_1569,18,Mumbai,62062,600
C1570,Customer_1570,24,Vadodara,46362,699
C1571,Customer_1571,21,Mumbai,49250,492
C1572,Customer_1572,18,Ahmedabad,27562,702
C1573,Customer_1573,32,Pune,79267,692
C1574,Customer_1574,57,Delhi,31472,770
C1575,Customer_1575,29,Ahmedabad,44812,604
C1576,Customer_1576,39,Rajkot,79521,665
C1577,Customer_1577,39,Rajkot,48269,722
C1578,Customer_1578,67,Mumbai,41954,705
C1579,Customer_1579,64,Mumbai,28466,589
C1580,Customer_1580,34,Mumbai,106725,641
C1581,Customer_1581,46,Ahmedabad,34780,794
C1582,Customer_1582,63,Surat,39849,709
C1583,Customer_1583,31,Mumbai,20529,565
C1584,Customer_1584,67,Vadodara,54402,756
C1585,Customer_1585,37,Bengaluru,45787,570
C1586,Customer_1586,67,Ahmedabad,60785,666
C1587,Customer_1587,65,Pune,28826,732
C1588,Customer_1588,50,Surat,82362,781
C1589,Customer_1589,60,Surat,20000,514
C1590,Customer_1590,32,Pune,52281,743
C1591,Customer_1591,29,Pune,58606,754
C1592,Customer_1592,57,Bengaluru,56775,648
C1593,Customer_1593,37,Ahmedabad,59985,696
C1594,Customer_1594,47,Rajkot,84868,461
C1595,Customer_1595,55,Pune,113967,483
C1596,Customer_1596,20,Mumbai,50488,773
C1597,Customer_1597,45,Ahmedabad,32298,649
C1598,Customer_1598,43,Rajkot,74868,664
C1599,Customer_1599,47,Rajkot,47143,707
C1600,Customer_1600,30,Bengaluru,110263,662
C1601,Customer_1601,30,Ahmedabad,39498,655
C1602,Customer_1602,19,Surat,34309,719
C1603,Customer_1603,54,Ahmedabad,59526,577
C1604,Customer_1604,66,Surat,21117,776
C1605,Customer_1605,55,Rajkot,42531,672
C1606,Customer_1606,19,Vadodara,45875,614
C1607,Customer_1607,53,Rajkot,62090,604
C1608,Customer_1608,43,Delhi,31797,693
C1609,Customer_1609,28,Ahmedabad,33906,667
C1610,Customer_1610,25,Mumbai,103921,573
C1611,Customer_1611,61,Delhi,54594,644
C1612,Customer_1612,57,Mumbai,88489,629
C1613,Customer_1613,60,Mumbai,40827,784
C1614,Customer_1614,39,Surat,53377,699
C1615,Customer_1615,37,Surat,61888,807
C1616,Customer_1616,25,Mumbai,143809,636
C1617,Customer_1617,46,Bengaluru,48795,668
C1618,Customer_1618,57,Mumbai,50193,718
C1619,Customer_1619,43,Mumbai,100616,735
C1620,Customer_1620,47,Pune,44631,744
C1621,Customer_1621,34,Vadodara,64320,623
C1622,Customer_1622,37,Rajkot,95905,625
C1623,Customer_1623,69,Mumbai,40069,663
C1624,Customer_1624,33,Bengaluru,66326,801
C1625,Customer_1625,63,Ahmedabad,143650,614
C1626,Customer_1626,60,Pune,91291,650
C1627,Customer_1627,24,Ahmedabad,64331,744
C1628,Customer_1628,33,Mumbai,48616,740
C1629,Customer_1629,62,Rajkot,39447,731
C1630,Customer_1630,64,Vadodara,31939,696
C1631,Customer_1631,65,Pune,126169,610
C1632,Customer_1632,44,Surat,113391,638
C1633,Customer_1633,70,Mumbai,38318,774
C1634,Customer_1634,40,Delhi,66225,748
C1635,Customer_1635,41,Bengaluru,58472,589
C1636,Customer_1636,26,Ahmedabad,105505,755
C1637,Customer_1637,52,Surat,67888,788
C1638,Customer_1638,68,Ahmedabad,54314,694
C1639,Customer_1639,37,Bengaluru,40829,721
C1640,Customer_1640,54,Bengaluru,66341,765
C1641,Customer_1641,59,Mumbai,45414,637
C1642,Customer_1642,34,Delhi,62097,850
C1643,Customer_1643,64,Vadodara,52749,781
C1644,Customer_1644,48,Mumbai,44811,729
C1645,Customer_1645,25,Rajkot,32211,687
C1646,Customer_1646,32,Pune,72976,727
C1647,Customer_1647,48,Ahmedabad,56302,572
C1648,Customer_1648,70,Delhi,146997,846
C1649,Customer_1649,47,Pune,31172,774
C1650,Customer_1650,63,Pune,77575,799
C1651,Customer_1651,37,Rajkot,52555,692
C1652,Customer_1652,56,Surat,174548,662
C1653,Customer_1653,70,Ahmedabad,74385,639
C1654,Customer_1654,29,Surat,65753,751
C1655,Customer_1655,66,Rajkot,52629,651
C1656,Customer_1656,34,Bengaluru,37360,675
C1657,Customer_1657,59,Mumbai,65274,730
C1658,Customer_1658,47,Surat,25714,640
C1659,Customer_1659,46,Surat,26373,768
C1660,Customer_1660,36,Vadodara,95983,688
C1661,Customer_1661,63,Mumbai,20866,576
C1662,Customer_1662,28,Vadodara,46134,639
C1663,Customer_1663,51,Bengaluru,30886,788
C1664,Customer_1664,67,Vadodara,44078,619
C1665,Customer_1665,24,Bengaluru,60875,757
C1666,Customer_1666,61,Delhi,94522,699
C1667,Customer_1667,51,Ahmedabad,107450,677
C1668,Customer_1668,37,Bengaluru,33178,850
C1669,Customer_1669,67,Rajkot,42565,593
C1670,Customer_1670,55,Delhi,510931,634
C1671,Customer_1671,41,Surat,47934,688
C1672,Customer_1672,27,Delhi,33856,850
C1673,Customer_1673,49,Delhi,37100,688
C1674,Customer_1674,69,Delhi,48089,710
C1675,Customer_1675,32,Delhi,44315,664
C1676,Customer_1676,54,Surat,48348,716
C1677,Customer_1677,37,Rajkot,54355,669
C1678,Customer_1678,20,Surat,54147,742
C1679,Customer_1679,54,Ahmedabad,32518,748
C1680,Customer_1680,57,Pune,67387,672
C1681,Customer_1681,25,Surat,58786,605
C1682,Customer_1682,57,Bengaluru,72273,697
C1683,Customer_1683,61,Mumbai,21421,795
C1684,Customer_1684,40,Delhi,59955,628
C1685,Customer_1685,57,Ahmedabad,18453,715
C1686,Customer_1686,28,Delhi,49937,599
C1687,Customer_1687,63,Bengaluru,78980,612
C1688,Customer_1688,25,Vadodara,97759,787
C1689,Customer_1689,46,Mumbai,66107,741
C1690,Customer_1690,47,Pune,79742,716
C1691,Customer_1691,27,Ahmedabad,46659,515
C1692,Customer_1692,56,Vadodara,41566,648
C1693,Customer_1693,45,Surat,241857,735
C1694,Customer_1694,66,Ahmedabad,86684,581
C1695,Customer_1695,53,Surat,28852,663
C1696,Customer_1696,30,Rajkot,21184,747
C1697,Customer_1697,49,Rajkot,42586,576
C1698,Customer_1698,53,Ahmedabad,105938,564
C1699,Customer_1699,54,Bengaluru,56494,577
C1700,Customer_1700,43,Mumbai,16185,715
C1701,Customer_1701,39,Bengaluru,49890,648
C1702,Customer_1702,21,Vadodara,54927,755
C1703,Customer_1703,48,Surat,14566,699
C1704,Customer_1704,35,Vadodara,55735,831
C1705,Customer_1705,55,Vadodara,31499,597
C1706,Customer_1706,41,Rajkot,20041,714
C1707,Customer_1707,40,Mumbai,132928,630
C1708,Customer_1708,39,Ahmedabad,30742,735
C1709,Customer_1709,19,Mumbai,38104,698
C1710,Customer_1710,48,Mumbai,37826,615
C1711,Customer_1711,28,Ahmedabad,55067,678
C1712,Customer_1712,45,Rajkot,145300,695
C1713,Customer_1713,63,Pune,28486,645
C1714,Customer_1714,49,Vadodara,46459,744
C1715,Customer_1715,22,Rajkot,58780,612
C1716,Customer_1716,55,Bengaluru,34106,846
C1717,Customer_1717,27,Rajkot,46050,761
C1718,Customer_1718,57,Pune,76272,716
C1719,Customer_1719,63,Bengaluru,36295,850
C1720,Customer_1720,41,Ahmedabad,45653,666
C1721,Customer_1721,52,Ahmedabad,43383,735
C1722,Customer_1722,61,Ahmedabad,51947,706
C1723,Customer_1723,65,Surat,62869,749
C1724,Customer_1724,40,Rajkot,75939,802
C1725,Customer_1725,34,Pune,159650,731
C1726,Customer_1726,18,Rajkot,12745,768
C1727,Customer_1727,48,Vadodara,50162,648
C1728,Customer_1728,48,Bengaluru,25968,674
C1729,Customer_1729,59,Delhi,44495,812
C1730,Customer_1730,59,Mumbai,89282,734
C1731,Customer_1731,70,Surat,106284,708
C1732,Customer_1732,51,Mumbai,109063,633
C1733,Customer_1733,26,Vadodara,108499,762
C1734,Customer_1734,39,Surat,49982,631
C1735,Customer_1735,30,Ahmedabad,118691,609
C1736,Customer_1736,42,Delhi,132369,698
C1737,Customer_1737,65,Vadodara,59363,509
C1738,Customer_1738,35,Ahmedabad,105089,735
C1739,Customer_1739,68,Surat,56261,718
C1740,Customer_1740,29,Surat,119457,663
C1741,Customer_1741,57,Delhi,50320,670
C1742,Customer_1742,34,Pune,39334,681
C1743,Customer_1743,32,Pune,29705,630
C1744,Customer_1744,59,Rajkot,49990,703
C1745,Customer_1745,32,Surat,57612,671
C1746,Customer_1746,32,Vadodara,32691,698
C1747,Customer_1747,56,Rajkot,47931,678
C1748,Customer_1748,30,Ahmedabad,41170,663
C1749,Customer_1749,34,Pune,30416,710
C1750,Customer_1750,49,Ahmedabad,97229,748
C1751,Customer_1751,26,Mumbai,107112,650
C1752,Customer_1752,57,Ahmedabad,96991,719
C1753,Customer_1753,37,Rajkot,52512,728
C1754,Customer_1754,43,Ahmedabad,54327,593
C1755,Customer_1755,44,Bengaluru,30648,763
C1756,Customer_1756,38,Delhi,69088,844
C1757,Customer_1757,35,Bengaluru,60378,683
C1758,Customer_1758,30,Vadodara,262829,677
C1759,Customer_1759,33,Rajkot,100006,674
C1760,Customer_1760,26,Mumbai,65412,736
C1761,Customer_1761,29,Vadodara,53755,728
C1762,Customer_1762,61,Delhi,95397,570
C1763,Customer_1763,55,Rajkot,33237,625
C1764,Customer_1764,36,Vadodara,102938,728
C1765,Customer_1765,24,Ahmedabad,30247,679
C1766,Customer_1766,52,Surat,40386,602
C1767,Customer_1767,65,Pune,20012,802
C1768,Customer_1768,35,Vadodara,77097,630
C1769,Customer_1769,33,Surat,63104,692
C1770,Customer_1770,56,Surat,40387,677
C1771,Customer_1771,21,Vadodara,32993,609
C1772,Customer_1772,42,Pune,117405,703
C1773,Customer_1773,49,Bengaluru,51103,719
C1774,Customer_1774,57,Bengaluru,36064,654
C1775,Customer_1775,30,Pune,158284,664
C1776,Customer_1776,62,Surat,38319,735
C1777,Customer_1777,34,Mumbai,102880,541
C1778,Customer_1778,66,Vadodara,29203,626
C1779,Customer_1779,54,Ahmedabad,45245,706
C1780,Customer_1780,23,Delhi,72500,650
C1781,Customer_1781,36,Rajkot,53277,649
C1782,Customer_1782,30,Bengaluru,62890,757
C1783,Customer_1783,43,Vadodara,40893,642
C1784,Customer_1784,31,Mumbai,22840,838
C1785,Customer_1785,48,Mumbai,123149,558
C1786,Customer_1786,21,Bengaluru,42289,524
C1787,Customer_1787,56,Mumbai,64475,755
C1788,Customer_1788,25,Mumbai,80915,616
C1789,Customer_1789,42,Rajkot,65179,617
C1790,Customer_1790,30,Vadodara,37248,763
C1791,Customer_1791,49,Ahmedabad,104084,652
C1792,Customer_1792,55,Pune,72956,758
C1793,Customer_1793,55,Vadodara,61353,644
C1794,Customer_1794,45,Mumbai,60576,717
C1795,Customer_1795,70,Rajkot,138736,651
C1796,Customer_1796,47,Rajkot,36811,621
C1797,Customer_1797,20,Pune,69111,819
C1798,Customer_1798,45,Rajkot,41123,773
C1799,Customer_1799,20,Rajkot,18960,635
C1800,Customer_1800,62,Rajkot,18687,676
C1801,Customer_1801,51,Bengaluru,31477,800
C1802,Customer_1802,33,Pune,38290,615
C1803,Customer_1803,39,Surat,181717,619
C1804,Customer_1804,49,Surat,80757,725
C1805,Customer_1805,55,Surat,84853,850
C1806,Customer_1806,25,Pune,38742,694
C1807,Customer_1807,25,Mumbai,56886,768
C1808,Customer_1808,23,Ahmedabad,195530,613
C1809,Customer_1809,31,Ahmedabad,28202,717
C1810,Customer_1810,49,Rajkot,70687,663
C1811,Customer_1811,52,Mumbai,133425,829
C1812,Customer_1812,27,Pune,93559,809
C1813,Customer_1813,20,Ahmedabad,148143,850
C1814,Customer_1814,29,Rajkot,61831,637
C1815,Customer_1815,66,Rajkot,76648,692
C1816,Customer_1816,48,Bengaluru,58422,718
C1817,Customer_1817,46,Surat,73749,640
C1818,Customer_1818,22,Pune,33247,699
C1819,Customer_1819,69,Mumbai,85040,758
C1820,Customer_1820,42,Surat,64661,648
C1821,Customer_1821,58,Ahmedabad,56928,637
C1822,Customer_1822,48,Ahmedabad,143717,632
C1823,Customer_1823,38,Mumbai,47530,589
C1824,Customer_1824,37,Pune,106872,754
C1825,Customer_1825,56,Mumbai,112881,637
C1826,Customer_1826,39,Mumbai,88048,629
C1827,Customer_1827,21,Rajkot,32347,729
C1828,Customer_1828,30,Bengaluru,67008,689
C1829,Customer_1829,62,Delhi,161498,650
C1830,Customer_1830,59,Surat,20229,750
C1831,Customer_1831,67,Bengaluru,49606,647
C1832,Customer_1832,66,Mumbai,104230,526
C1833,Customer_1833,37,Mumbai,51619,789
C1834,Customer_1834,69,Pune,85864,627
C1835,Customer_1835,30,Delhi,119389,636
C1836,Customer_1836,34,Mumbai,62485,636
C1837,Customer_1837,53,Ahmedabad,72768,694
C1838,Customer_1838,50,Surat,57850,669
C1839,Customer_1839,18,Bengaluru,64788,764
C1840,Customer_1840,32,Ahmedabad,174821,813
C1841,Customer_1841,30,Surat,53099,639
C1842,Customer_1842,34,Vadodara,45290,619
C1843,Customer_1843,41,Vadodara,97543,650
C1844,Customer_1844,25,Mumbai,34595,722
C1845,Customer_1845,67,Bengaluru,39221,681
C1846,Customer_1846,44,Ahmedabad,39359,652
C1847,Customer_1847,62,Ahmedabad,47779,592
C1848,Customer_1848,40,Ahmedabad,48941,524
C1849,Customer_1849,63,Delhi,80788,614
C1850,Customer_1850,25,Mumbai,45560,784
C1851,Customer_1851,25,Surat,82602,722
C1852,Customer_1852,43,Delhi,88467,675
C1853,Customer_1853,64,Delhi,38394,744
C1854,Customer_1854,30,Delhi,87428,593
C1855,Customer_1855,56,Bengaluru,91901,694
C1856,Customer_1856,54,Ahmedabad,20880,556
C1857,Customer_1857,66,Pune,64634,715
C1858,Customer_1858,45,Vadodara,41629,709
C1859,Customer_1859,42,Delhi,112619,711
C1860,Customer_1860,33,Pune,41396,777
C1861,Customer_1861,19,Pune,26327,748
C1862,Customer_1862,35,Mumbai,54105,599
C1863,Customer_1863,34,Ahmedabad,33582,778
C1864,Customer_1864,47,Mumbai,87759,674
C1865,Customer_1865,56,Bengaluru,35254,542
C1866,Customer_1866,30,Bengaluru,54472,681
C1867,Customer_1867,49,Rajkot,128705,738
C1868,Customer_1868,67,Ahmedabad,100637,613
C1869,Customer_1869,46,Ahmedabad,71531,789
C1870,Customer_1870,63,Pune,51273,620
C1871,Customer_1871,47,Delhi,67892,653
C1872,Customer_1872,35,Ahmedabad,80340,640
C1873,Customer_1873,30,Vadodara,31966,561
C1874,Customer_1874,60,Delhi,87844,615
C1875,Customer_1875,38,Pune,30006,636
C1876,Customer_1876,47,Mumbai,75352,680
C1877,Customer_1877,38,Mumbai,29920,464
C1878,Customer_1878,65,Vadodara,161882,743
C1879,Customer_1879,34,Surat,83694,743
C1880,Customer_1880,57,Mumbai,23371,778
C1881,Customer_1881,36,Mumbai,54971,578
C1882,Customer_1882,69,Delhi,41287,668
C1883,Customer_1883,32,Mumbai,38686,760
C1884,Customer_1884,26,Pune,59634,767
C1885,Customer_1885,69,Ahmedabad,33014,800
C1886,Customer_1886,27,Vadodara,83608,697
C1887,Customer_1887,61,Rajkot,81035,685
C1888,Customer_1888,48,Ahmedabad,66727,573
C1889,Customer_1889,70,Pune,54413,769
C1890,Customer_1890,40,Bengaluru,79062,655
C1891,Customer_1891,69,Rajkot,84995,692
C1892,Customer_1892,47,Surat,70635,687
C1893,Customer_1893,50,Delhi,26730,510
C1894,Customer_1894,69,Ahmedabad,35648,629
C1895,Customer_1895,26,Mumbai,47460,724
C1896,Customer_1896,64,Pune,24426,686
C1897,Customer_1897,18,Mumbai,62211,724
C1898,Customer_1898,61,Ahmedabad,119508,748
C1899,Customer_1899,52,Surat,109482,628
C1900,Customer_1900,28,Pune,82609,651
C1901,Customer_1901,51,Mumbai,82070,679
C1902,Customer_1902,33,Rajkot,185999,748
C1903,Customer_1903,26,Pune,87484,672
C1904,Customer_1904,49,Rajkot,91508,556
C1905,Customer_1905,32,Pune,24926,675
C1906,Customer_1906,29,Ahmedabad,114478,744
C1907,Customer_1907,50,Bengaluru,68477,791
C1908,Customer_1908,62,Surat,52638,711
C1909,Customer_1909,31,Surat,45930,578
C1910,Customer_1910,25,Ahmedabad,40674,659
C1911,Customer_1911,25,Surat,109789,725
C1912,Customer_1912,44,Delhi,54148,754
C1913,Customer_1913,29,Bengaluru,41508,728
C1914,Customer_1914,18,Surat,35980,671
C1915,Customer_1915,60,Vadodara,60410,754
C1916,Customer_1916,57,Pune,45130,641
C1917,Customer_1917,59,Delhi,39807,703
C1918,Customer_1918,68,Mumbai,25716,746
C1919,Customer_1919,28,Surat,93221,733
C1920,Customer_1920,56,Surat,50979,734
C1921,Customer_1921,60,Pune,30278,733
C1922,Customer_1922,48,Rajkot,47377,611
C1923,Customer_1923,34,Mumbai,74392,691
C1924,Customer_1924,50,Surat,55879,621
C1925,Customer_1925,49,Delhi,61091,668
C1926,Customer_1926,46,Rajkot,56302,602
C1927,Customer_1927,38,Mumbai,27250,715
C1928,Customer_1928,38,Vadodara,92667,542
C1929,Customer_1929,57,Mumbai,21494,736
C1930,Customer_1930,40,Rajkot,70893,691
C1931,Customer_1931,23,Mumbai,77161,832
C1932,Customer_1932,39,Mumbai,48736,674
C1933,Customer_1933,67,Mumbai,66800,674
C1934,Customer_1934,55,Mumbai,47224,741
C1935,Customer_1935,54,Mumbai,67245,679
C1936,Customer_1936,62,Delhi,94958,710
C1937,Customer_1937,68,Ahmedabad,35575,764
C1938,Customer_1938,25,Delhi,79679,669
C1939,Customer_1939,58,Vadodara,139512,779
C1940,Customer_1940,66,Rajkot,63614,564
C1941,Customer_1941,52,Rajkot,41705,810
C1942,Customer_1942,68,Surat,190969,555
C1943,Customer_1943,28,Pune,57749,791
C1944,Customer_1944,41,Pune,62469,550
C1945,Customer_1945,66,Pune,63189,838
C1946,Customer_1946,38,Vadodara,70362,702
C1947,Customer_1947,68,Vadodara,45647,619
C1948,Customer_1948,19,Ahmedabad,61058,829
C1949,Customer_1949,57,Surat,92854,608
C1950,Customer_1950,36,Vadodara,44789,672
C1951,Customer_1951,56,Rajkot,43655,850
C1952,Customer_1952,45,Ahmedabad,46837,719
C1953,Customer_1953,34,Mumbai,30070,538
C1954,Customer_1954,23,Pune,37779,669
C1955,Customer_1955,36,Bengaluru,36942,662
C1956,Customer_1956,55,Bengaluru,54984,704
C1957,Customer_1957,45,Mumbai,87113,686
C1958,Customer_1958,19,Surat,122348,730
C1959,Customer_1959,55,Mumbai,56757,575
C1960,Customer_1960,54,Pune,70696,648
C1961,Customer_1961,68,Rajkot,62878,713
C1962,Customer_1962,69,Surat,17390,632
C1963,Customer_1963,21,Delhi,29253,772
C1964,Customer_1964,39,Surat,83598,634
C1965,Customer_1965,43,Mumbai,88190,700
C1966,Customer_1966,66,Mumbai,87087,682
C1967,Customer_1967,60,Ahmedabad,49875,613
C1968,Customer_1968,53,Surat,18359,694
C1969,Customer_1969,30,Surat,31238,591
C1970,Customer_1970,69,Rajkot,33981,656
C1971,Customer_1971,49,Rajkot,77723,692
C1972,Customer_1972,34,Delhi,45185,582
C1973,Customer_1973,58,Ahmedabad,139359,736
C1974,Customer_1974,53,Vadodara,123289,709
C1975,Customer_1975,63,Surat,138084,729
C1976,Customer_1976,36,Bengaluru,33223,690
C1977,Customer_1977,52,Ahmedabad,72047,603
C1978,Customer_1978,63,Surat,42296,689
C1979,Customer_1979,57,Delhi,65868,736
C1980,Customer_1980,45,Delhi,35312,600
C1981,Customer_1981,18,Ahmedabad,107955,606
C1982,Customer_1982,59,Delhi,35677,671
C1983,Customer_1983,35,Vadodara,18846,662
C1984,Customer_1984,65,Vadodara,168327,688
C1985,Customer_1985,57,Ahmedabad,70154,668
C1986,Customer_1986,50,Rajkot,30548,701
C1987,Customer_1987,29,Pune,50303,781
C1988,Customer_1988,25,Vadodara,40047,730
C1989,Customer_1989,41,Vadodara,55173,694
C1990,Customer_1990,33,Pune,85529,606
C1991,Customer_1991,67,Pune,78453,635
C1992,Customer_1992,21,Ahmedabad,63236,753
C1993,Customer_1993,55,Mumbai,55159,654
C1994,Customer_1994,61,Ahmedabad,99544,617
C1995,Customer_1995,44,Pune,19074,847
C1996,Customer_1996,26,Mumbai,36431,804
C1997,Customer_1997,64,Bengaluru,32106,680
C1998,Customer_1998,33,Rajkot,95657,608
C1999,Customer_1999,29,Rajkot,36628,744
C2000,Customer_2000,48,Surat,27114,653
C2001,Customer_2001,41,Ahmedabad,74400,756
C2002,Customer_2002,31,Ahmedabad,33365,653
C2003,Customer_2003,62,Bengaluru,45351,813
C2004,Customer_2004,42,Ahmedabad,203763,651
C2005,Customer_2005,51,Ahmedabad,84796,850
C2006,Customer_2006,20,Pune,48972,704
C2007,Customer_2007,41,Vadodara,51455,793
C2008,Customer_2008,59,Pune,90599,649
C2009,Customer_2009,26,Rajkot,79194,591
C2010,Customer_2010,43,Vadodara,57335,517
C2011,Customer_2011,37,Rajkot,58223,785
C2012,Customer_2012,57,Rajkot,24371,695
C2013,Customer_2013,27,Bengaluru,21711,596
C2014,Customer_2014,36,Ahmedabad,49902,788
C2015,Customer_2015,20,Mumbai,38823,776
C2016,Customer_2016,41,Surat,75919,793
C2017,Customer_2017,22,Surat,61300,589
C2018,Customer_2018,20,Bengaluru,35956,783
C2019,Customer_2019,44,Rajkot,60165,718
C2020,Customer_2020,33,Mumbai,43698,797
C2021,Customer_2021,66,Bengaluru,171393,730
C2022,Customer_2022,32,Mumbai,68017,702
C2023,Customer_2023,52,Bengaluru,23312,784
C2024,Customer_2024,29,Rajkot,149697,753
C2025,Customer_2025,58,Surat,38826,771
C2026,Customer_2026,70,Ahmedabad,32176,653
C2027,Customer_2027,61,Pune,178816,677
C2028,Customer_2028,43,Bengaluru,66522,559
C2029,Customer_2029,64,Ahmedabad,80862,647
C2030,Customer_2030,51,Mumbai,82311,749
C2031,Customer_2031,40,Ahmedabad,49108,732
C2032,Customer_2032,48,Mumbai,40145,616
C2033,Customer_2033,67,Vadodara,43914,786
C2034,Customer_2034,37,Bengaluru,133247,850
C2035,Customer_2035,29,Mumbai,61523,622
C2036,Customer_2036,40,Surat,113231,674
C2037,Customer_2037,21,Rajkot,52735,643
C2038,Customer_2038,40,Ahmedabad,36301,682
C2039,Customer_2039,65,Ahmedabad,24881,710
C2040,Customer_2040,65,Ahmedabad,78549,637
C2041,Customer_2041,18,Delhi,139642,669
C2042,Customer_2042,42,Mumbai,33786,696
C2043,Customer_2043,19,Vadodara,72943,725
C2044,Customer_2044,47,Rajkot,25809,799
C2045,Customer_2045,20,Delhi,40516,688
C2046,Customer_2046,38,Pune,63732,647
C2047,Customer_2047,42,Rajkot,21258,742
C2048,Customer_2048,37,Pune,54457,720
C2049,Customer_2049,66,Mumbai,34714,675
C2050,Customer_2050,69,Rajkot,76703,726
C2051,Customer_2051,39,Vadodara,50217,661
C2052,Customer_2052,38,Vadodara,92205,650
C2053,Customer_2053,50,Ahmedabad,47160,547
C2054,Customer_2054,69,Bengaluru,25998,665
C2055,Customer_2055,55,Delhi,24276,557
C2056,Customer_2056,32,Mumbai,19247,642
C2057,Customer_2057,63,Vadodara,77902,733
C2058,Customer_2058,69,Surat,224547,577
C2059,Customer_2059,32,Mumbai,69875,675
C2060,Customer_2060,63,Mumbai,137959,694
C2061,Customer_2061,42,Rajkot,102595,672
C2062,Customer_2062,38,Vadodara,41357,653
C2063,Customer_2063,41,Delhi,110305,714
C2064,Customer_2064,22,Vadodara,42271,724
C2065,Customer_2065,23,Rajkot,42736,690
C2066,Customer_2066,66,Pune,49038,658
C2067,Customer_2067,60,Ahmedabad,50333,754
C2068,Customer_2068,65,Ahmedabad,79129,591
C2069,Customer_2069,61,Ahmedabad,38028,741
C2070,Customer_2070,64,Surat,89688,721
C2071,Customer_2071,40,Pune,88982,704
C2072,Customer_2072,21,Vadodara,66417,689
C2073,Customer_2073,44,Ahmedabad,159831,548
C2074,Customer_2074,35,Delhi,111653,794
C2075,Customer_2075,38,Delhi,99055,752
C2076,Customer_2076,45,Delhi,57037,617
C2077,Customer_2077,52,Ahmedabad,66740,746
C2078,Customer_2078,39,Vadodara,73363,704
C2079,Customer_2079,57,Bengaluru,55402,646
C2080,Customer_2080,40,Pune,44735,779
C2081,Customer_2081,20,Rajkot,14646,657
C2082,Customer_2082,57,Rajkot,81622,791
C2083,Customer_2083,67,Vadodara,97526,730
C2084,Customer_2084,27,Bengaluru,29041,761
C2085,Customer_2085,42,Mumbai,76721,733
C2086,Customer_2086,69,Vadodara,39725,729
C2087,Customer_2087,66,Rajkot,44958,706
C2088,Customer_2088,25,Mumbai,113097,635
C2089,Customer_2089,28,Delhi,31896,694
C2090,Customer_2090,22,Surat,31869,758
C2091,Customer_2091,62,Pune,148411,743
C2092,Customer_2092,70,Bengaluru,50768,727
C2093,Customer_2093,54,Ahmedabad,109172,532
C2094,Customer_2094,62,Vadodara,22829,674
C2095,Customer_2095,55,Surat,23857,666
C2096,Customer_2096,46,Delhi,33288,607
C2097,Customer_2097,22,Mumbai,42204,757
C2098,Customer_2098,26,Mumbai,25419,538
C2099,Customer_2099,65,Delhi,67386,752
C2100,Customer_2100,19,Surat,69850,789
C2101,Customer_2101,18,Bengaluru,33560,674
C2102,Customer_2102,57,Mumbai,35061,684
C2103,Customer_2103,68,Ahmedabad,37697,762
C2104,Customer_2104,47,Pune,28981,632
C2105,Customer_2105,28,Delhi,12000,739
C2106,Customer_2106,45,Surat,52486,621
C2107,Customer_2107,61,Delhi,43405,598
C2108,Customer_2108,29,Bengaluru,45917,712
C2109,Customer_2109,56,Ahmedabad,31526,687
C2110,Customer_2110,43,Bengaluru,85893,560
C2111,Customer_2111,30,Ahmedabad,208783,796
C2112,Customer_2112,25,Ahmedabad,34764,658
C2113,Customer_2113,45,Ahmedabad,118767,728
C2114,Customer_2114,47,Bengaluru,67288,810
C2115,Customer_2115,26,Mumbai,56081,708
C2116,Customer_2116,56,Ahmedabad,45516,785
C2117,Customer_2117,48,Vadodara,52539,625
C2118,Customer_2118,38,Mumbai,103503,796
C2119,Customer_2119,64,Rajkot,29411,628
C2120,Customer_2120,51,Delhi,47279,647
C2121,Customer_2121,48,Delhi,109320,580
C2122,Customer_2122,69,Vadodara,94478,710
C2123,Customer_2123,42,Bengaluru,29663,737
C2124,Customer_2124,29,Surat,49744,747
C2125,Customer_2125,18,Bengaluru,82083,582
C2126,Customer_2126,39,Mumbai,79219,718
C2127,Customer_2127,57,Mumbai,94034,720
C2128,Customer_2128,54,Ahmedabad,67944,736
C2129,Customer_2129,64,Delhi,74508,632
C2130,Customer_2130,18,Surat,66411,502
C2131,Customer_2131,18,Ahmedabad,131129,742
C2132,Customer_2132,59,Rajkot,43612,679
C2133,Customer_2133,59,Mumbai,56477,711
C2134,Customer_2134,38,Vadodara,31472,682
C2135,Customer_2135,32,Pune,28239,707
C2136,Customer_2136,34,Bengaluru,65763,745
C2137,Customer_2137,39,Rajkot,36930,550
C2138,Customer_2138,55,Pune,53282,775
C2139,Customer_2139,52,Ahmedabad,133900,676
C2140,Customer_2140,62,Delhi,129709,812
C2141,Customer_2141,33,Delhi,186897,655
C2142,Customer_2142,25,Mumbai,135374,638
C2143,Customer_2143,64,Pune,206230,678
C2144,Customer_2144,34,Surat,69925,727
C2145,Customer_2145,34,Vadodara,33470,669
C2146,Customer_2146,43,Delhi,31725,732
C2147,Customer_2147,30,Vadodara,118547,660
C2148,Customer_2148,34,Surat,56584,692
C2149,Customer_2149,55,Vadodara,58950,850
C2150,Customer_2150,34,Delhi,40664,716
C2151,Customer_2151,65,Surat,43435,722
C2152,Customer_2152,31,Ahmedabad,67924,579
C2153,Customer_2153,62,Pune,30782,791
C2154,Customer_2154,23,Delhi,63355,769
C2155,Customer_2155,52,Rajkot,126270,636
C2156,Customer_2156,63,Ahmedabad,17010,768
C2157,Customer_2157,31,Ahmedabad,23561,714
C2158,Customer_2158,64,Surat,79751,693
C2159,Customer_2159,25,Vadodara,116456,786
C2160,Customer_2160,32,Pune,42009,651
C2161,Customer_2161,44,Mumbai,18325,635
C2162,Customer_2162,30,Mumbai,120891,705
C2163,Customer_2163,66,Surat,35207,729
C2164,Customer_2164,48,Delhi,45089,762
C2165,Customer_2165,70,Vadodara,65549,678
C2166,Customer_2166,52,Bengaluru,38122,626
C2167,Customer_2167,23,Mumbai,33969,850
C2168,Customer_2168,22,Ahmedabad,34313,608
C2169,Customer_2169,39,Mumbai,152809,694
C2170,Customer_2170,66,Surat,104075,748
C2171,Customer_2171,40,Mumbai,75438,776
C2172,Customer_2172,42,Rajkot,16523,647
C2173,Customer_2173,51,Ahmedabad,75591,549
C2174,Customer_2174,43,Delhi,73379,645
C2175,Customer_2175,64,Ahmedabad,27231,754
C2176,Customer_2176,22,Delhi,63410,737
C2177,Customer_2177,43,Ahmedabad,98067,740
C2178,Customer_2178,37,Mumbai,75225,743
C2179,Customer_2179,23,Pune,37835,790
C2180,Customer_2180,23,Vadodara,55402,631
C2181,Customer_2181,67,Surat,82189,600
C2182,Customer_2182,35,Ahmedabad,56828,717
C2183,Customer_2183,21,Rajkot,109638,611
C2184,Customer_2184,34,Surat,68371,595
C2185,Customer_2185,31,Mumbai,83216,781
C2186,Customer_2186,31,Bengaluru,86410,708
C2187,Customer_2187,30,Delhi,30589,692
C2188,Customer_2188,24,Pune,56533,693
C2189,Customer_2189,61,Pune,45811,682
C2190,Customer_2190,32,Mumbai,97655,781
C2191,Customer_2191,36,Ahmedabad,70959,576
C2192,Customer_2192,60,Bengaluru,49591,573
C2193,Customer_2193,64,Mumbai,27175,619
C2194,Customer_2194,61,Mumbai,22851,711
C2195,Customer_2195,52,Rajkot,65236,825
C2196,Customer_2196,34,Vadodara,37072,755
C2197,Customer_2197,52,Vadodara,79336,734
C2198,Customer_2198,36,Delhi,22278,684
C2199,Customer_2199,37,Mumbai,132086,590
C2200,Customer_2200,53,Surat,79238,728
C2201,Customer_2201,52,Bengaluru,58083,841
C2202,Customer_2202,49,Rajkot,138797,671
C2203,Customer_2203,65,Surat,92662,647
C2204,Customer_2204,61,Rajkot,42354,672
C2205,Customer_2205,57,Pune,57397,734
C2206,Customer_2206,41,Bengaluru,18671,698
C2207,Customer_2207,34,Surat,98754,758
C2208,Customer_2208,24,Delhi,46738,687
C2209,Customer_2209,60,Surat,18538,671
C2210,Customer_2210,67,Bengaluru,28712,707
C2211,Customer_2211,18,Pune,88795,649
C2212,Customer_2212,52,Delhi,133609,820
C2213,Customer_2213,49,Rajkot,55621,751
C2214,Customer_2214,53,Bengaluru,32047,607
C2215,Customer_2215,30,Pune,25176,634
C2216,Customer_2216,23,Surat,119745,732
C2217,Customer_2217,31,Delhi,70424,703
C2218,Customer_2218,54,Surat,45867,712
C2219,Customer_2219,65,Delhi,40236,675
C2220,Customer_2220,32,Rajkot,79586,724
C2221,Customer_2221,64,Pune,78390,677
C2222,Customer_2222,21,Mumbai,33589,732
C2223,Customer_2223,57,Rajkot,29342,747
C2224,Customer_2224,33,Ahmedabad,30168,810
C2225,Customer_2225,45,Rajkot,42512,651
C2226,Customer_2226,33,Vadodara,37635,689
C2227,Customer_2227,21,Surat,133925,598
C2228,Customer_2228,62,Mumbai,41689,826
C2229,Customer_2229,43,Surat,27660,541
C2230,Customer_2230,45,Surat,28528,816
C2231,Customer_2231,49,Pune,49707,697
C2232,Customer_2232,62,Rajkot,20189,721
C2233,Customer_2233,19,Bengaluru,53211,677
C2234,Customer_2234,48,Delhi,26375,692
C2235,Customer_2235,20,Mumbai,104018,734
C2236,Customer_2236,25,Mumbai,58641,567
C2237,Customer_2237,41,Bengaluru,176601,641
C2238,Customer_2238,32,Ahmedabad,48512,626
C2239,Customer_2239,60,Rajkot,12000,723
C2240,Customer_2240,48,Ahmedabad,122616,690
C2241,Customer_2241,26,Delhi,72485,736
C2242,Customer_2242,56,Rajkot,78935,702
C2243,Customer_2243,62,Mumbai,31687,769
C2244,Customer_2244,19,Bengaluru,53718,634
C2245,Customer_2245,25,Delhi,60939,694
C2246,Customer_2246,24,Vadodara,48256,773
C2247,Customer_2247,61,Rajkot,21187,758
C2248,Customer_2248,68,Delhi,252172,579
C2249,Customer_2249,56,Mumbai,87098,613
C2250,Customer_2250,59,Rajkot,69314,683
C2251,Customer_2251,33,Rajkot,113292,672
C2252,Customer_2252,52,Bengaluru,78385,685
C2253,Customer_2253,47,Mumbai,37896,749
C2254,Customer_2254,27,Delhi,109367,711
C2255,Customer_2255,55,Delhi,87887,716
C2256,Customer_2256,35,Mumbai,38695,740
C2257,Customer_2257,67,Vadodara,84931,770
C2258,Customer_2258,22,Vadodara,48183,460
C2259,Customer_2259,70,Surat,61682,661
C2260,Customer_2260,46,Vadodara,76488,623
C2261,Customer_2261,56,Pune,116746,725
C2262,Customer_2262,51,Mumbai,38553,655
C2263,Customer_2263,60,Bengaluru,67226,695
C2264,Customer_2264,62,Vadodara,166664,753
C2265,Customer_2265,40,Mumbai,49924,644
C2266,Customer_2266,22,Mumbai,61279,717
C2267,Customer_2267,47,Mumbai,166527,806
C2268,Customer_2268,23,Pune,78096,752
C2269,Customer_2269,63,Ahmedabad,24450,571
C2270,Customer_2270,61,Vadodara,35510,668
C2271,Customer_2271,21,Rajkot,80366,716
C2272,Customer_2272,46,Surat,69406,731
C2273,Customer_2273,40,Vadodara,60144,671
C2274,Customer_2274,23,Mumbai,180549,642
C2275,Customer_2275,49,Bengaluru,39162,695
C2276,Customer_2276,59,Mumbai,52794,608
C2277,Customer_2277,35,Pune,18683,772
C2278,Customer_2278,32,Vadodara,104135,830
C2279,Customer_2279,57,Mumbai,35444,719
C2280,Customer_2280,49,Rajkot,98372,672
C2281,Customer_2281,26,Ahmedabad,92846,760
C2282,Customer_2282,54,Surat,200204,747
C2283,Customer_2283,27,Vadodara,78604,669
C2284,Customer_2284,37,Rajkot,45217,686
C2285,Customer_2285,23,Ahmedabad,70585,644
C2286,Customer_2286,65,Ahmedabad,36224,702
C2287,Customer_2287,20,Bengaluru,65553,712
C2288,Customer_2288,59,Surat,49246,631
C2289,Customer_2289,28,Vadodara,52912,609
C2290,Customer_2290,60,Ahmedabad,33556,590
C2291,Customer_2291,34,Mumbai,64882,721
C2292,Customer_2292,49,Surat,86544,689
C2293,Customer_2293,21,Ahmedabad,22168,683
C2294,Customer_2294,21,Vadodara,37660,724
C2295,Customer_2295,34,Rajkot,60325,622
C2296,Customer_2296,58,Rajkot,15124,609
C2297,Customer_2297,36,Ahmedabad,143233,708
C2298,Customer_2298,22,Rajkot,37196,560
C2299,Customer_2299,49,Rajkot,32831,670
C2300,Customer_2300,39,Surat,49072,850
C2301,Customer_2301,23,Delhi,59316,588
C2302,Customer_2302,52,Mumbai,36280,657
C2303,Customer_2303,39,Vadodara,94307,530
C2304,Customer_2304,18,Surat,68523,672
C2305,Customer_2305,37,Bengaluru,34703,837
C2306,Customer_2306,39,Surat,41264,725
C2307,Customer_2307,65,Rajkot,23881,643
C2308,Customer_2308,28,Mumbai,27604,850
C2309,Customer_2309,30,Rajkot,68068,559
C2310,Customer_2310,59,Surat,34902,724
C2311,Customer_2311,20,Vadodara,148367,694
C2312,Customer_2312,26,Delhi,57187,671
C2313,Customer_2313,29,Vadodara,26135,750
C2314,Customer_2314,40,Pune,29326,601
C2315,Customer_2315,31,Bengaluru,98147,713
C2316,Customer_2316,50,Ahmedabad,52733,703
C2317,Customer_2317,35,Ahmedabad,94910,624
C2318,Customer_2318,66,Surat,44959,836
C2319,Customer_2319,58,Surat,40415,676
C2320,Customer_2320,26,Surat,101801,679
C2321,Customer_2321,40,Bengaluru,34298,612
C2322,Customer_2322,27,Pune,71974,677
C2323,Customer_2323,36,Mumbai,48952,850
C2324,Customer_2324,64,Surat,89177,671
C2325,Customer_2325,22,Delhi,149530,728
C2326,Customer_2326,64,Bengaluru,44328,761
C2327,Customer_2327,69,Delhi,40707,676
C2328,Customer_2328,40,Rajkot,79322,659
C2329,Customer_2329,47,Mumbai,30332,725
C2330,Customer_2330,42,Rajkot,133805,671
C2331,Customer_2331,45,Ahmedabad,121832,665
C2332,Customer_2332,51,Rajkot,31747,760
C2333,Customer_2333,62,Mumbai,23025,684
C2334,Customer_2334,65,Mumbai,29049,780
C2335,Customer_2335,64,Rajkot,29293,683
C2336,Customer_2336,42,Surat,85481,591
C2337,Customer_2337,27,Vadodara,128943,433
C2338,Customer_2338,31,Surat,84936,552
C2339,Customer_2339,59,Ahmedabad,48299,565
C2340,Customer_2340,63,Surat,66400,709
C2341,Customer_2341,47,Pune,34088,617
C2342,Customer_2342,58,Rajkot,100564,541
C2343,Customer_2343,42,Rajkot,69752,680
C2344,Customer_2344,31,Surat,84149,608
C2345,Customer_2345,52,Bengaluru,36862,724
C2346,Customer_2346,69,Mumbai,50129,722
C2347,Customer_2347,65,Mumbai,81951,730
C2348,Customer_2348,51,Surat,121664,498
C2349,Customer_2349,27,Mumbai,39365,693
C2350,Customer_2350,52,Rajkot,84485,680
C2351,Customer_2351,28,Mumbai,37177,598
C2352,Customer_2352,28,Bengaluru,176229,529
C2353,Customer_2353,38,Mumbai,43780,681
C2354,Customer_2354,38,Delhi,78355,769
C2355,Customer_2355,39,Pune,60244,496
C2356,Customer_2356,62,Ahmedabad,230499,627
C2357,Customer_2357,24,Bengaluru,62413,699
C2358,Customer_2358,34,Rajkot,41431,774
C2359,Customer_2359,19,Mumbai,78183,666
C2360,Customer_2360,29,Ahmedabad,77232,834
C2361,Customer_2361,59,Rajkot,50436,555
C2362,Customer_2362,35,Surat,30120,538
C2363,Customer_2363,28,Surat,41138,766
C2364,Customer_2364,33,Vadodara,89313,513
C2365,Customer_2365,66,Mumbai,21036,724
C2366,Customer_2366,68,Rajkot,47985,667
C2367,Customer_2367,35,Ahmedabad,95060,622
C2368,Customer_2368,52,Mumbai,52243,657
C2369,Customer_2369,70,Surat,181793,593
C2370,Customer_2370,43,Pune,21068,666
C2371,Customer_2371,33,Mumbai,32413,691
C2372,Customer_2372,23,Delhi,15398,658
C2373,Customer_2373,61,Pune,164656,646
C2374,Customer_2374,60,Surat,32707,709
C2375,Customer_2375,64,Mumbai,18440,814
C2376,Customer_2376,64,Ahmedabad,39282,670
C2377,Customer_2377,65,Surat,25566,751
C2378,Customer_2378,59,Pune,39436,617
C2379,Customer_2379,29,Vadodara,56261,589
C2380,Customer_2380,30,Delhi,85630,723
C2381,Customer_2381,21,Delhi,49962,672
C2382,Customer_2382,56,Delhi,55770,774
C2383,Customer_2383,19,Bengaluru,39943,789
C2384,Customer_2384,43,Vadodara,23948,752
C2385,Customer_2385,44,Surat,19920,751
C2386,Customer_2386,44,Mumbai,45009,433
C2387,Customer_2387,32,Surat,57620,723
C2388,Customer_2388,25,Mumbai,43211,754
C2389,Customer_2389,24,Pune,20332,594
C2390,Customer_2390,64,Mumbai,61442,690
C2391,Customer_2391,63,Surat,134753,611
C2392,Customer_2392,57,Ahmedabad,51639,767
C2393,Customer_2393,29,Vadodara,39988,618
C2394,Customer_2394,30,Ahmedabad,53200,630
C2395,Customer_2395,60,Bengaluru,29961,655
C2396,Customer_2396,34,Surat,28917,850
C2397,Customer_2397,34,Ahmedabad,70499,765
C2398,Customer_2398,53,Rajkot,94822,810
C2399,Customer_2399,38,Mumbai,50725,554
C2400,Customer_2400,25,Mumbai,18573,594
C2401,Customer_2401,22,Surat,66798,790
C2402,Customer_2402,43,Rajkot,171467,557
C2403,Customer_2403,33,Surat,48095,639
C2404,Customer_2404,53,Surat,49874,844
C2405,Customer_2405,45,Mumbai,34034,617
C2406,Customer_2406,46,Mumbai,71670,553
C2407,Customer_2407,64,Surat,38026,693
C2408,Customer_2408,29,Ahmedabad,96462,556
C2409,Customer_2409,54,Bengaluru,38308,782
C2410,Customer_2410,47,Vadodara,66374,622
C2411,Customer_2411,40,Mumbai,53615,607
C2412,Customer_2412,33,Ahmedabad,129365,692
C2413,Customer_2413,31,Vadodara,68892,659
C2414,Customer_2414,27,Rajkot,117941,708
C2415,Customer_2415,24,Vadodara,58385,729
C2416,Customer_2416,62,Bengaluru,50070,673
C2417,Customer_2417,69,Surat,53856,602
C2418,Customer_2418,54,Rajkot,35983,744
C2419,Customer_2419,46,Rajkot,73681,637
C2420,Customer_2420,20,Surat,37623,624
C2421,Customer_2421,32,Ahmedabad,58509,700
C2422,Customer_2422,53,Rajkot,88031,545
C2423,Customer_2423,64,Pune,131405,719
C2424,Customer_2424,63,Vadodara,60153,704
C2425,Customer_2425,69,Surat,88322,774
C2426,Customer_2426,36,Bengaluru,82712,652
C2427,Customer_2427,30,Rajkot,44568,789
C2428,Customer_2428,59,Bengaluru,175322,729
C2429,Customer_2429,38,Surat,40060,687
C2430,Customer_2430,54,Delhi,57822,826
C2431,Customer_2431,44,Mumbai,122376,697
C2432,Customer_2432,69,Delhi,120727,651
C2433,Customer_2433,46,Bengaluru,55434,699
C2434,Customer_2434,37,Surat,94827,649
C2435,Customer_2435,42,Bengaluru,48625,718
C2436,Customer_2436,23,Surat,42037,789
C2437,Customer_2437,53,Surat,28227,689
C2438,Customer_2438,19,Surat,81897,696
C2439,Customer_2439,39,Mumbai,86782,749
C2440,Customer_2440,49,Ahmedabad,40245,779
C2441,Customer_2441,33,Mumbai,63738,656
C2442,Customer_2442,35,Mumbai,236364,702
C2443,Customer_2443,22,Pune,103338,750
C2444,Customer_2444,53,Delhi,33499,714
C2445,Customer_2445,47,Vadodara,95410,550
C2446,Customer_2446,62,Surat,33584,763
C2447,Customer_2447,36,Ahmedabad,12000,729
C2448,Customer_2448,40,Ahmedabad,54385,734
C2449,Customer_2449,51,Rajkot,129942,600
C2450,Customer_2450,30,Surat,118620,701
C2451,Customer_2451,60,Ahmedabad,67681,753
C2452,Customer_2452,46,Bengaluru,40828,623
C2453,Customer_2453,53,Mumbai,71871,643
C2454,Customer_2454,39,Surat,47431,754
C2455,Customer_2455,69,Mumbai,41463,639
C2456,Customer_2456,69,Ahmedabad,98635,674
C2457,Customer_2457,64,Vadodara,41182,612
C2458,Customer_2458,53,Mumbai,102239,826
C2459,Customer_2459,26,Vadodara,39711,729
C2460,Customer_2460,56,Surat,170631,670
C2461,Customer_2461,68,Bengaluru,22308,656
C2462,Customer_2462,36,Delhi,32495,597
C2463,Customer_2463,55,Mumbai,50495,681
C2464,Customer_2464,23,Mumbai,18469,739
C2465,Customer_2465,69,Mumbai,13373,629
C2466,Customer_2466,64,Ahmedabad,18557,697
C2467,Customer_2467,32,Surat,46837,662
C2468,Customer_2468,37,Rajkot,47495,793
C2469,Customer_2469,26,Vadodara,66054,642
C2470,Customer_2470,49,Mumbai,49352,748
C2471,Customer_2471,21,Ahmedabad,64849,794
C2472,Customer_2472,67,Bengaluru,42936,661
C2473,Customer_2473,35,Bengaluru,81490,645
C2474,Customer_2474,22,Pune,76264,759
C2475,Customer_2475,37,Mumbai,45954,556
C2476,Customer_2476,40,Delhi,73735,722
C2477,Customer_2477,28,Ahmedabad,49525,571
C2478,Customer_2478,54,Delhi,23808,781
C2479,Customer_2479,39,Ahmedabad,90450,671
C2480,Customer_2480,21,Delhi,33400,683
C2481,Customer_2481,46,Ahmedabad,89921,635
C2482,Customer_2482,61,Delhi,65729,571
C2483,Customer_2483,51,Bengaluru,52501,784
C2484,Customer_2484,30,Ahmedabad,19589,677
C2485,Customer_2485,59,Vadodara,128277,850
C2486,Customer_2486,26,Bengaluru,45043,629
C2487,Customer_2487,59,Vadodara,77971,641
C2488,Customer_2488,48,Delhi,51658,622
C2489,Customer_2489,24,Mumbai,47372,676
C2490,Customer_2490,21,Surat,61152,808
C2491,Customer_2491,36,Surat,55809,765
C2492,Customer_2492,59,Ahmedabad,47488,577
C2493,Customer_2493,47,Pune,53351,780
C2494,Customer_2494,48,Surat,69562,741
C2495,Customer_2495,52,Vadodara,72322,726
C2496,Customer_2496,38,Vadodara,56327,638
C2497,Customer_2497,48,Mumbai,77389,644
C2498,Customer_2498,36,Delhi,43558,700
C2499,Customer_2499,48,Bengaluru,186983,648
C2500,Customer_2500,70,Surat,124512,788
