transaction_id,customer_id,transaction_date,transaction_type,transaction_amount
T000001,C2264,2025-01-01 00:00:00.000000000,Transfer,2845
T000002,C0427,2025-01-01 01:12:50.764230352,Transfer,1690
T000003,C1159,2025-01-01 02:25:41.528460705,Deposit,888
T000004,C1067,2025-01-01 03:38:32.292691057,Deposit,2111
T000005,C0284,2025-01-01 04:51:23.056921410,Withdrawal,8528
T000006,C0834,2025-01-01 06:04:13.821151762,Withdrawal,326
T000007,C0230,2025-01-01 07:17:04.585382115,Deposit,5235
T000008,C1920,2025-01-01 08:29:55.349612467,Transfer,1180
T000009,C1667,2025-01-01 09:42:46.113842820,Withdrawal,3398
T000010,C0385,2025-01-01 10:55:36.878073172,Withdrawal,3520
T000011,C0159,2025-01-01 12:08:27.642303525,Deposit,1442
T000012,C0824,2025-01-01 13:21:18.406533877,Deposit,3080
T000013,C0208,2025-01-01 14:34:09.170764230,Deposit,1536
T000014,C0174,2025-01-01 15:46:59.934994582,Deposit,10071
T000015,C1824,2025-01-01 16:59:50.699224935,Transfer,6128
T000016,C1105,2025-01-01 18:12:41.463455287,Withdrawal,487
T000017,C1042,2025-01-01 19:25:32.227685640,Transfer,1531
T000018,C1017,2025-01-01 20:38:22.991915993,Transfer,8849
T000019,C0708,2025-01-01 21:51:13.756146345,Deposit,4118
T000020,C1384,2025-01-01 23:04:04.520376698,Deposit,5382
T000021,C1892,2025-01-02 00:16:55.284607050,Transfer,4348
T000022,C1303,2025-01-02 01:29:46.048837403,Withdrawal,3286
T000023,C2445,2025-01-02 02:42:36.813067755,Withdrawal,516
T000024,C0677,2025-01-02 03:55:27.577298108,Withdrawal,11433
T000025,C0662,2025-01-02 05:08:18.341528460,Transfer,19317
T000026,C1564,2025-01-02 06:21:09.105758813,Withdrawal,984
T000027,C1261,2025-01-02 07:33:59.869989165,Transfer,12750
T000028,C2354,2025-01-02 08:46:50.634219518,Transfer,3055
T000029,C0358,2025-01-02 09:59:41.398449870,Withdrawal,452
T000030,C1309,2025-01-02 11:12:32.162680223,Withdrawal,1321
T000031,C1317,2025-01-02 12:25:22.926910575,Deposit,155
T000032,C0419,2025-01-02 13:38:13.691140928,Deposit,956
T000033,C1492,2025-01-02 14:51:04.455371280,Withdrawal,1925
T000034,C0642,2025-01-02 16:03:55.219601633,Deposit,10287
T000035,C1594,2025-01-02 17:16:45.983831986,Transfer,3928
T000036,C0507,2025-01-02 18:29:36.748062338,Withdrawal,4910
T000037,C1682,2025-01-02 19:42:27.512292691,Transfer,1030
T000038,C1502,2025-01-02 20:55:18.276523043,Deposit,883
T000039,C1386,2025-01-02 22:08:09.040753396,Transfer,3963
T000040,C0312,2025-01-02 23:20:59.804983748,Withdrawal,687
T000041,C1658,2025-01-03 00:33:50.569214101,Transfer,712
T000042,C0245,2025-01-03 01:46:41.333444453,Deposit,5683
T000043,C0477,2025-01-03 02:59:32.097674806,Withdrawal,17223
T000044,C0615,2025-01-03 04:12:22.861905158,Withdrawal,8655
T000045,C2484,2025-01-03 05:25:13.626135511,Deposit,357
T000046,C0250,2025-01-03 06:38:04.390365863,Deposit,1262
T000047,C1596,2025-01-03 07:50:55.154596216,Transfer,690
T000048,C1774,2025-01-03 09:03:45.918826568,Deposit,1496
T000049,C1930,2025-01-03 10:16:36.683056921,Deposit,8371
T000050,C1876,2025-01-03 11:29:27.447287273,Deposit,3245
T000051,C0511,2025-01-03 12:42:18.211517626,Transfer,2916
T000052,C1670,2025-01-03 13:55:08.975747979,Withdrawal,16077
T000053,C1873,2025-01-03 15:07:59.739978331,Deposit,1256
T000054,C0774,2025-01-03 16:20:50.504208684,Deposit,12327
T000055,C1366,2025-01-03 17:33:41.268439036,Transfer,3789
T000056,C0924,2025-01-03 18:46:32.032669389,Deposit,919
T000057,C0074,2025-01-03 19:59:22.796899741,Deposit,1298
T000058,C0809,2025-01-03 21:12:13.561130094,Deposit,4444
T000059,C1046,2025-01-03 22:25:04.325360446,Withdrawal,1854
T000060,C2268,2025-01-03 23:37:55.089590799,Withdrawal,549
T000061,C2127,2025-01-04 00:50:45.853821151,Withdrawal,7688
T000062,C0235,2025-01-04 02:03:36.618051504,Withdrawal,1269
T000063,C2205,2025-01-04 03:16:27.382281856,Deposit,1052
T000064,C2375,2025-01-04 04:29:18.146512209,Deposit,1492
T000065,C0642,2025-01-04 05:42:08.910742561,Deposit,3174
T000066,C0621,2025-01-04 06:54:59.674972914,Deposit,1916
T000067,C0985,2025-01-04 08:07:50.439203266,Deposit,3862
T000068,C1299,2025-01-04 09:20:41.203433619,Withdrawal,1732
T000069,C1618,2025-01-04 10:33:31.967663972,Deposit,891
T000070,C1796,2025-01-04 11:46:22.731894324,Withdrawal,906
T000071,C0860,2025-01-04 12:59:13.496124677,Withdrawal,1141
T000072,C2086,2025-01-04 14:12:04.260355029,Deposit,796
T000073,C2166,2025-01-04 15:24:55.024585382,Withdrawal,2686
T000074,C2438,2025-01-04 16:37:45.788815734,Withdrawal,2981
T000075,C0377,2025-01-04 17:50:36.553046087,Transfer,1102
T000076,C1898,2025-01-04 19:03:27.317276439,Transfer,2333
T000077,C0376,2025-01-04 20:16:18.081506792,Withdrawal,1637
T000078,C1605,2025-01-04 21:29:08.845737144,Withdrawal,1329
T000079,C0595,2025-01-04 22:41:59.609967497,Deposit,3598
T000080,C1066,2025-01-04 23:54:50.374197849,Withdrawal,2584
T000081,C2008,2025-01-05 01:07:41.138428202,Transfer,3296
T000082,C1052,2025-01-05 02:20:31.902658554,Withdrawal,2568
T000083,C0629,2025-01-05 03:33:22.666888907,Deposit,4620
T000084,C2374,2025-01-05 04:46:13.431119259,Withdrawal,1133
T000085,C1533,2025-01-05 05:59:04.195349612,Transfer,2036
T000086,C2373,2025-01-05 07:11:54.959579965,Deposit,2067
T000087,C1831,2025-01-05 08:24:45.723810317,Withdrawal,1492
T000088,C1184,2025-01-05 09:37:36.488040670,Deposit,472
T000089,C0746,2025-01-05 10:50:27.252271022,Deposit,491
T000090,C1278,2025-01-05 12:03:18.016501375,Deposit,303
T000091,C1952,2025-01-05 13:16:08.780731727,Deposit,299
T000092,C2296,2025-01-05 14:28:59.544962080,Deposit,3158
T000093,C2446,2025-01-05 15:41:50.309192432,Deposit,1326
T000094,C2251,2025-01-05 16:54:41.073422785,Withdrawal,9996
T000095,C1326,2025-01-05 18:07:31.837653137,Deposit,1157
T000096,C1172,2025-01-05 19:20:22.601883490,Transfer,917
T000097,C0221,2025-01-05 20:33:13.366113842,Deposit,590
T000098,C1872,2025-01-05 21:46:04.130344195,Withdrawal,4494
T000099,C2311,2025-01-05 22:58:54.894574547,Deposit,9328
T000100,C2344,2025-01-06 00:11:45.658804900,Deposit,4377
T000101,C2340,2025-01-06 01:24:36.423035252,Withdrawal,2218
T000102,C0684,2025-01-06 02:37:27.187265605,Withdrawal,1991
T000103,C0876,2025-01-06 03:50:17.951495958,Withdrawal,566
T000104,C1055,2025-01-06 05:03:08.715726310,Withdrawal,6590
T000105,C1963,2025-01-06 06:15:59.479956663,Withdrawal,305
T000106,C0349,2025-01-06 07:28:50.244187015,Deposit,833
T000107,C0219,2025-01-06 08:41:41.008417368,Withdrawal,1852
T000108,C1023,2025-01-06 09:54:31.772647720,Withdrawal,725
T000109,C0450,2025-01-06 11:07:22.536878073,Deposit,468
T000110,C0504,2025-01-06 12:20:13.301108425,Deposit,942
T000111,C0086,2025-01-06 13:33:04.065338778,Deposit,443
T000112,C1289,2025-01-06 14:45:54.829569130,Deposit,2170
T000113,C0523,2025-01-06 15:58:45.593799483,Withdrawal,2571
T000114,C0630,2025-01-06 17:11:36.358029835,Withdrawal,1333
T000115,C2300,2025-01-06 18:24:27.122260188,Withdrawal,1780
T000116,C0018,2025-01-06 19:37:17.886490540,Transfer,11454
T000117,C1269,2025-01-06 20:50:08.650720893,Deposit,3061
T000118,C1177,2025-01-06 22:02:59.414951245,Deposit,6039
T000119,C1633,2025-01-06 23:15:50.179181598,Withdrawal,3118
T000120,C0500,2025-01-07 00:28:40.943411951,Transfer,2250
T000121,C0458,2025-01-07 01:41:31.707642303,Withdrawal,1111
T000122,C0115,2025-01-07 02:54:22.471872656,Withdrawal,4782
T000123,C0753,2025-01-07 04:07:13.236103008,Transfer,3975
T000124,C0769,2025-01-07 05:20:04.000333361,Withdrawal,1371
T000125,C2495,2025-01-07 06:32:54.764563713,Withdrawal,2758
T000126,C2401,2025-01-07 07:45:45.528794066,Transfer,939
T000127,C1871,2025-01-07 08:58:36.293024418,Deposit,7675
T000128,C0322,2025-01-07 10:11:27.057254771,Transfer,1066
T000129,C1973,2025-01-07 11:24:17.821485123,Deposit,6567
T000130,C0226,2025-01-07 12:37:08.585715476,Transfer,359
T000131,C0361,2025-01-07 13:49:59.349945828,Deposit,7902
T000132,C1555,2025-01-07 15:02:50.114176181,Withdrawal,2670
T000133,C0834,2025-01-07 16:15:40.878406533,Transfer,2050
T000134,C0112,2025-01-07 17:28:31.642636886,Deposit,18749
T000135,C0212,2025-01-07 18:41:22.406867238,Withdrawal,1259
T000136,C1257,2025-01-07 19:54:13.171097591,Deposit,1495
T000137,C0948,2025-01-07 21:07:03.935327944,Deposit,3584
T000138,C0159,2025-01-07 22:19:54.699558296,Transfer,1351
T000139,C1909,2025-01-07 23:32:45.463788649,Deposit,2123
T000140,C1348,2025-01-08 00:45:36.228019001,Withdrawal,1018
T000141,C1272,2025-01-08 01:58:26.992249354,Deposit,2609
T000142,C0911,2025-01-08 03:11:17.756479706,Transfer,596
T000143,C2452,2025-01-08 04:24:08.520710059,Withdrawal,697
T000144,C0404,2025-01-08 05:36:59.284940411,Withdrawal,416
T000145,C1842,2025-01-08 06:49:50.049170764,Transfer,5475
T000146,C1691,2025-01-08 08:02:40.813401116,Deposit,2737
T000147,C1464,2025-01-08 09:15:31.577631469,Withdrawal,1237
T000148,C1257,2025-01-08 10:28:22.341861821,Withdrawal,474
T000149,C0193,2025-01-08 11:41:13.106092174,Deposit,1633
T000150,C1123,2025-01-08 12:54:03.870322526,Withdrawal,5340
T000151,C1975,2025-01-08 14:06:54.634552879,Withdrawal,8993
T000152,C1643,2025-01-08 15:19:45.398783231,Withdrawal,5438
T000153,C1000,2025-01-08 16:32:36.163013584,Deposit,1645
T000154,C1740,2025-01-08 17:45:26.927243937,Deposit,680
T000155,C0523,2025-01-08 18:58:17.691474289,Deposit,2325
T000156,C0350,2025-01-08 20:11:08.455704642,Deposit,2439
T000157,C2364,2025-01-08 21:23:59.219934994,Deposit,7350
T000158,C1741,2025-01-08 22:36:49.984165347,Withdrawal,1210
T000159,C1945,2025-01-08 23:49:40.748395699,Withdrawal,790
T000160,C1561,2025-01-09 01:02:31.512626052,Transfer,584
T000161,C0652,2025-01-09 02:15:22.276856404,Withdrawal,2819
T000162,C0635,2025-01-09 03:28:13.041086757,Deposit,2154
T000163,C1802,2025-01-09 04:41:03.805317109,Deposit,497
T000164,C0593,2025-01-09 05:53:54.569547462,Withdrawal,6199
T000165,C2492,2025-01-09 07:06:45.333777814,Transfer,3110
T000166,C1232,2025-01-09 08:19:36.098008167,Withdrawal,2567
T000167,C0756,2025-01-09 09:32:26.862238519,Withdrawal,1571
T000168,C1300,2025-01-09 10:45:17.626468872,Deposit,1160
T000169,C0497,2025-01-09 11:58:08.390699224,Withdrawal,1496
T000170,C0773,2025-01-09 13:10:59.154929577,Withdrawal,1689
T000171,C2422,2025-01-09 14:23:49.919159930,Deposit,2206
T000172,C1599,2025-01-09 15:36:40.683390282,Withdrawal,1571
T000173,C0184,2025-01-09 16:49:31.447620635,Deposit,3721
T000174,C0032,2025-01-09 18:02:22.211850987,Withdrawal,10341
T000175,C0283,2025-01-09 19:15:12.976081340,Withdrawal,3804
T000176,C0836,2025-01-09 20:28:03.740311692,Withdrawal,39078
T000177,C1456,2025-01-09 21:40:54.504542045,Withdrawal,7780
T000178,C0686,2025-01-09 22:53:45.268772397,Withdrawal,995
T000179,C0462,2025-01-10 00:06:36.033002750,Transfer,2912
T000180,C0871,2025-01-10 01:19:26.797233102,Withdrawal,5568
T000181,C0368,2025-01-10 02:32:17.561463455,Withdrawal,1230
T000182,C0166,2025-01-10 03:45:08.325693807,Deposit,1114
T000183,C1729,2025-01-10 04:57:59.089924160,Withdrawal,6986
T000184,C0602,2025-01-10 06:10:49.854154512,Deposit,2154
T000185,C2174,2025-01-10 07:23:40.618384865,Deposit,5950
T000186,C0038,2025-01-10 08:36:31.382615217,Deposit,1208
T000187,C0348,2025-01-10 09:49:22.146845570,Withdrawal,1528
T000188,C1237,2025-01-10 11:02:12.911075923,Withdrawal,917
T000189,C2022,2025-01-10 12:15:03.675306275,Transfer,2195
T000190,C0734,2025-01-10 13:27:54.439536628,Withdrawal,1202
T000191,C0426,2025-01-10 14:40:45.203766980,Deposit,1006
T000192,C1271,2025-01-10 15:53:35.967997333,Withdrawal,372
T000193,C0648,2025-01-10 17:06:26.732227685,Withdrawal,3197
T000194,C2334,2025-01-10 18:19:17.496458038,Withdrawal,608
T000195,C0320,2025-01-10 19:32:08.260688390,Deposit,1415
T000196,C0512,2025-01-10 20:44:59.024918743,Deposit,529
T000197,C2273,2025-01-10 21:57:49.789149095,Withdrawal,3037
T000198,C1723,2025-01-10 23:10:40.553379448,Withdrawal,244
T000199,C1757,2025-01-11 00:23:31.317609800,Transfer,934
T000200,C1778,2025-01-11 01:36:22.081840153,Deposit,3079
T000201,C1540,2025-01-11 02:49:12.846070505,Withdrawal,1469
T000202,C0938,2025-01-11 04:02:03.610300858,Withdrawal,2891
T000203,C0765,2025-01-11 05:14:54.374531210,Deposit,599
T000204,C2211,2025-01-11 06:27:45.138761563,Withdrawal,9351
T000205,C0653,2025-01-11 07:40:35.902991916,Transfer,1658
T000206,C2130,2025-01-11 08:53:26.667222268,Withdrawal,6798
T000207,C0481,2025-01-11 10:06:17.431452621,Deposit,913
T000208,C0516,2025-01-11 11:19:08.195682973,Deposit,501
T000209,C1664,2025-01-11 12:31:58.959913326,Deposit,4882
T000210,C0187,2025-01-11 13:44:49.724143678,Deposit,1406
T000211,C0146,2025-01-11 14:57:40.488374031,Withdrawal,2220
T000212,C1006,2025-01-11 16:10:31.252604383,Withdrawal,548
T000213,C0152,2025-01-11 17:23:22.016834736,Withdrawal,8977
T000214,C1387,2025-01-11 18:36:12.781065088,Withdrawal,620
T000215,C0093,2025-01-11 19:49:03.545295441,Withdrawal,2339
T000216,C1850,2025-01-11 21:01:54.309525793,Withdrawal,549
T000217,C0602,2025-01-11 22:14:45.073756146,Deposit,1997
T000218,C0049,2025-01-11 23:27:35.837986498,Withdrawal,18942
T000219,C1903,2025-01-12 00:40:26.602216851,Deposit,2818
T000220,C2204,2025-01-12 01:53:17.366447203,Transfer,1311
T000221,C0775,2025-01-12 03:06:08.130677556,Transfer,747
T000222,C0546,2025-01-12 04:18:58.894907909,Withdrawal,2971
T000223,C1464,2025-01-12 05:31:49.659138261,Withdrawal,1264
T000224,C1261,2025-01-12 06:44:40.423368614,Withdrawal,3359
T000225,C0650,2025-01-12 07:57:31.187598966,Withdrawal,2121
T000226,C2024,2025-01-12 09:10:21.951829319,Deposit,4322
T000227,C1081,2025-01-12 10:23:12.716059671,Deposit,1412
T000228,C0175,2025-01-12 11:36:03.480290024,Transfer,2148
T000229,C1238,2025-01-12 12:48:54.244520376,Deposit,1532
T000230,C2075,2025-01-12 14:01:45.008750729,Withdrawal,13564
T000231,C1942,2025-01-12 15:14:35.772981081,Transfer,24639
T000232,C1143,2025-01-12 16:27:26.537211434,Withdrawal,1806
T000233,C0147,2025-01-12 17:40:17.301441786,Withdrawal,652
T000234,C0868,2025-01-12 18:53:08.065672139,Transfer,1533
T000235,C2313,2025-01-12 20:05:58.829902491,Withdrawal,434
T000236,C2306,2025-01-12 21:18:49.594132844,Withdrawal,858
T000237,C1884,2025-01-12 22:31:40.358363196,Deposit,2084
T000238,C0743,2025-01-12 23:44:31.122593549,Withdrawal,440
T000239,C1523,2025-01-13 00:57:21.886823902,Deposit,1496
T000240,C0710,2025-01-13 02:10:12.651054254,Deposit,1771
T000241,C1351,2025-01-13 03:23:03.415284607,Withdrawal,11396
T000242,C1094,2025-01-13 04:35:54.179514959,Withdrawal,1858
T000243,C1953,2025-01-13 05:48:44.943745312,Transfer,230
T000244,C1606,2025-01-13 07:01:35.707975664,Deposit,1805
T000245,C1682,2025-01-13 08:14:26.472206017,Withdrawal,3553
T000246,C1855,2025-01-13 09:27:17.236436369,Deposit,2909
T000247,C2267,2025-01-13 10:40:08.000666722,Transfer,9319
T000248,C0561,2025-01-13 11:52:58.764897074,Deposit,1203
T000249,C0892,2025-01-13 13:05:49.529127427,Deposit,824
T000250,C0597,2025-01-13 14:18:40.293357779,Withdrawal,1100
T000251,C2391,2025-01-13 15:31:31.057588132,Transfer,2502
T000252,C0450,2025-01-13 16:44:21.821818484,Transfer,770
T000253,C2384,2025-01-13 17:57:12.586048837,Deposit,852
T000254,C2052,2025-01-13 19:10:03.350279189,Withdrawal,3735
T000255,C1826,2025-01-13 20:22:54.114509542,Withdrawal,271
T000256,C1250,2025-01-13 21:35:44.878739895,Withdrawal,2028
T000257,C1174,2025-01-13 22:48:35.642970247,Withdrawal,392
T000258,C2286,2025-01-14 00:01:26.407200600,Withdrawal,1409
T000259,C1684,2025-01-14 01:14:17.171430952,Transfer,4015
T000260,C2151,2025-01-14 02:27:07.935661305,Transfer,1110
T000261,C1199,2025-01-14 03:39:58.699891657,Withdrawal,6780
T000262,C1010,2025-01-14 04:52:49.464122010,Withdrawal,722
T000263,C1772,2025-01-14 06:05:40.228352362,Withdrawal,12234
T000264,C1708,2025-01-14 07:18:30.992582715,Deposit,981
T000265,C0440,2025-01-14 08:31:21.756813067,Withdrawal,828
T000266,C1309,2025-01-14 09:44:12.521043420,Withdrawal,2795
T000267,C2273,2025-01-14 10:57:03.285273772,Deposit,1600
T000268,C2031,2025-01-14 12:09:54.049504125,Transfer,7796
T000269,C1968,2025-01-14 13:22:44.813734477,Transfer,2377
T000270,C0246,2025-01-14 14:35:35.577964830,Transfer,1758
T000271,C1543,2025-01-14 15:48:26.342195183,Deposit,100
T000272,C1238,2025-01-14 17:01:17.106425535,Withdrawal,1305
T000273,C1614,2025-01-14 18:14:07.870655888,Transfer,5233
T000274,C1725,2025-01-14 19:26:58.634886240,Deposit,10873
T000275,C0953,2025-01-14 20:39:49.399116593,Withdrawal,523
T000276,C2264,2025-01-14 21:52:40.163346945,Transfer,5083
T000277,C0283,2025-01-14 23:05:30.927577298,Withdrawal,4064
T000278,C2430,2025-01-15 00:18:21.691807650,Transfer,497
T000279,C1941,2025-01-15 01:31:12.456038003,Withdrawal,386
T000280,C0172,2025-01-15 02:44:03.220268355,Deposit,15075
T000281,C1245,2025-01-15 03:56:53.984498708,Deposit,1862
T000282,C1119,2025-01-15 05:09:44.748729060,Withdrawal,175
T000283,C1883,2025-01-15 06:22:35.512959413,Deposit,715
T000284,C2092,2025-01-15 07:35:26.277189765,Withdrawal,2230
T000285,C2276,2025-01-15 08:48:17.041420118,Deposit,3459
T000286,C2365,2025-01-15 10:01:07.805650470,Transfer,400
T000287,C0601,2025-01-15 11:13:58.569880823,Deposit,470
T000288,C2024,2025-01-15 12:26:49.334111176,Withdrawal,10463
T000289,C0467,2025-01-15 13:39:40.098341528,Withdrawal,1834
T000290,C1739,2025-01-15 14:52:30.862571881,Transfer,1512
T000291,C0297,2025-01-15 16:05:21.626802233,Withdrawal,6256
T000292,C1020,2025-01-15 17:18:12.391032586,Transfer,1118
T000293,C2263,2025-01-15 18:31:03.155262938,Withdrawal,12332
T000294,C1548,2025-01-15 19:43:53.919493291,Deposit,964
T000295,C1899,2025-01-15 20:56:44.683723643,Withdrawal,2669
T000296,C0661,2025-01-15 22:09:35.447953996,Withdrawal,974
T000297,C0654,2025-01-15 23:22:26.212184348,Withdrawal,492
T000298,C0802,2025-01-16 00:35:16.976414701,Withdrawal,2383
T000299,C0341,2025-01-16 01:48:07.740645053,Withdrawal,745
T000300,C0704,2025-01-16 03:00:58.504875406,Deposit,14781
T000301,C2455,2025-01-16 04:13:49.269105758,Deposit,1506
T000302,C0853,2025-01-16 05:26:40.033336111,Transfer,2553
T000303,C0306,2025-01-16 06:39:30.797566463,Withdrawal,1044
T000304,C1934,2025-01-16 07:52:21.561796816,Deposit,962
T000305,C1788,2025-01-16 09:05:12.326027169,Deposit,4824
T000306,C0874,2025-01-16 10:18:03.090257521,Deposit,7335
T000307,C1582,2025-01-16 11:30:53.854487874,Transfer,538
T000308,C0495,2025-01-16 12:43:44.618718226,Deposit,1098
T000309,C1686,2025-01-16 13:56:35.382948579,Withdrawal,108
T000310,C1606,2025-01-16 15:09:26.147178931,Deposit,780
T000311,C1538,2025-01-16 16:22:16.911409284,Withdrawal,4209
T000312,C1636,2025-01-16 17:35:07.675639636,Deposit,4288
T000313,C0896,2025-01-16 18:47:58.439869989,Deposit,1298
T000314,C1168,2025-01-16 20:00:49.204100341,Withdrawal,595
T000315,C2347,2025-01-16 21:13:39.968330694,Withdrawal,2963
T000316,C2475,2025-01-16 22:26:30.732561046,Withdrawal,1386
T000317,C1862,2025-01-16 23:39:21.496791399,Deposit,1062
T000318,C0757,2025-01-17 00:52:12.261021751,Withdrawal,2191
T000319,C0031,2025-01-17 02:05:03.025252104,Deposit,2314
T000320,C2380,2025-01-17 03:17:53.789482456,Withdrawal,1059
T000321,C1994,2025-01-17 04:30:44.553712809,Deposit,3720
T000322,C2100,2025-01-17 05:43:35.317943162,Deposit,4894
T000323,C0243,2025-01-17 06:56:26.082173514,Deposit,1195
T000324,C0686,2025-01-17 08:09:16.846403867,Deposit,606
T000325,C1636,2025-01-17 09:22:07.610634219,Withdrawal,6977
T000326,C1441,2025-01-17 10:34:58.374864572,Withdrawal,2936
T000327,C1499,2025-01-17 11:47:49.139094924,Withdrawal,1549
T000328,C1416,2025-01-17 13:00:39.903325277,Deposit,670
T000329,C1413,2025-01-17 14:13:30.667555629,Deposit,5602
T000330,C0573,2025-01-17 15:26:21.431785982,Deposit,2835
T000331,C1992,2025-01-17 16:39:12.196016334,Deposit,9124
T000332,C1432,2025-01-17 17:52:02.960246687,Deposit,4976
T000333,C1213,2025-01-17 19:04:53.724477039,Deposit,956
T000334,C2331,2025-01-17 20:17:44.488707392,Transfer,2789
T000335,C1660,2025-01-17 21:30:35.252937744,Withdrawal,1682
T000336,C0599,2025-01-17 22:43:26.017168097,Withdrawal,6412
T000337,C2196,2025-01-17 23:56:16.781398449,Withdrawal,954
T000338,C0070,2025-01-18 01:09:07.545628802,Transfer,734
T000339,C1394,2025-01-18 02:21:58.309859155,Deposit,939
T000340,C1650,2025-01-18 03:34:49.074089507,Deposit,787
T000341,C1539,2025-01-18 04:47:39.838319860,Transfer,6384
T000342,C2282,2025-01-18 06:00:30.602550212,Withdrawal,2934
T000343,C0467,2025-01-18 07:13:21.366780565,Withdrawal,8894
T000344,C0557,2025-01-18 08:26:12.131010917,Withdrawal,5096
T000345,C0894,2025-01-18 09:39:02.895241270,Withdrawal,3509
T000346,C0836,2025-01-18 10:51:53.659471622,Withdrawal,3139
T000347,C1311,2025-01-18 12:04:44.423701975,Withdrawal,963
T000348,C0618,2025-01-18 13:17:35.187932327,Deposit,1589
T000349,C1318,2025-01-18 14:30:25.952162680,Withdrawal,254
T000350,C1505,2025-01-18 15:43:16.716393032,Transfer,9950
T000351,C0134,2025-01-18 16:56:07.480623385,Withdrawal,697
T000352,C0008,2025-01-18 18:08:58.244853737,Deposit,1275
T000353,C2076,2025-01-18 19:21:49.009084090,Withdrawal,6112
T000354,C0783,2025-01-18 20:34:39.773314442,Deposit,3013
T000355,C1334,2025-01-18 21:47:30.537544795,Transfer,18407
T000356,C0541,2025-01-18 23:00:21.301775148,Withdrawal,1317
T000357,C1058,2025-01-19 00:13:12.066005500,Deposit,931
T000358,C2055,2025-01-19 01:26:02.830235853,Withdrawal,4208
T000359,C2088,2025-01-19 02:38:53.594466205,Withdrawal,1820
T000360,C0909,2025-01-19 03:51:44.358696558,Deposit,2183
T000361,C2110,2025-01-19 05:04:35.122926910,Deposit,2672
T000362,C1321,2025-01-19 06:17:25.887157263,Withdrawal,5745
T000363,C2427,2025-01-19 07:30:16.651387615,Transfer,946
T000364,C0322,2025-01-19 08:43:07.415617968,Deposit,7318
T000365,C0733,2025-01-19 09:55:58.179848320,Withdrawal,1800
T000366,C1419,2025-01-19 11:08:48.944078673,Deposit,13122
T000367,C1381,2025-01-19 12:21:39.708309025,Deposit,540
T000368,C2467,2025-01-19 13:34:30.472539378,Deposit,681
T000369,C1360,2025-01-19 14:47:21.236769730,Deposit,4194
T000370,C2068,2025-01-19 16:00:12.001000083,Transfer,766
T000371,C2460,2025-01-19 17:13:02.765230435,Transfer,1408
T000372,C1915,2025-01-19 18:25:53.529460788,Deposit,3671
T000373,C0549,2025-01-19 19:38:44.293691141,Withdrawal,1608
T000374,C1283,2025-01-19 20:51:35.057921493,Transfer,998
T000375,C0605,2025-01-19 22:04:25.822151846,Deposit,1121
T000376,C1723,2025-01-19 23:17:16.586382198,Deposit,3378
T000377,C2405,2025-01-20 00:30:07.350612551,Deposit,509
T000378,C2249,2025-01-20 01:42:58.114842903,Withdrawal,271
T000379,C1582,2025-01-20 02:55:48.879073256,Withdrawal,1158
T000380,C2279,2025-01-20 04:08:39.643303608,Withdrawal,1602
T000381,C2351,2025-01-20 05:21:30.407533961,Withdrawal,2470
T000382,C2435,2025-01-20 06:34:21.171764313,Deposit,3864
T000383,C0715,2025-01-20 07:47:11.935994666,Deposit,1006
T000384,C0925,2025-01-20 09:00:02.700225018,Transfer,24764
T000385,C0058,2025-01-20 10:12:53.464455371,Transfer,1810
T000386,C0434,2025-01-20 11:25:44.228685723,Withdrawal,1088
T000387,C1785,2025-01-20 12:38:34.992916076,Deposit,3209
T000388,C0483,2025-01-20 13:51:25.757146428,Withdrawal,1675
T000389,C0367,2025-01-20 15:04:16.521376781,Withdrawal,1602
T000390,C0889,2025-01-20 16:17:07.285607134,Withdrawal,6026
T000391,C1853,2025-01-20 17:29:58.049837486,Transfer,807
T000392,C1355,2025-01-20 18:42:48.814067839,Deposit,965
T000393,C1724,2025-01-20 19:55:39.578298191,Withdrawal,2853
T000394,C1259,2025-01-20 21:08:30.342528544,Deposit,513
T000395,C0411,2025-01-20 22:21:21.106758896,Withdrawal,678
T000396,C2231,2025-01-20 23:34:11.870989249,Withdrawal,4610
T000397,C2206,2025-01-21 00:47:02.635219601,Withdrawal,1686
T000398,C2061,2025-01-21 01:59:53.399449954,Deposit,981
T000399,C1813,2025-01-21 03:12:44.163680306,Withdrawal,4397
T000400,C1803,2025-01-21 04:25:34.927910659,Transfer,9891
T000401,C0678,2025-01-21 05:38:25.692141011,Withdrawal,9731
T000402,C0618,2025-01-21 06:51:16.456371364,Deposit,2343
T000403,C2252,2025-01-21 08:04:07.220601716,Transfer,5441
T000404,C2350,2025-01-21 09:16:57.984832069,Deposit,2058
T000405,C0795,2025-01-21 10:29:48.749062421,Deposit,2934
T000406,C0729,2025-01-21 11:42:39.513292774,Withdrawal,2267
T000407,C1694,2025-01-21 12:55:30.277523127,Deposit,3886
T000408,C1886,2025-01-21 14:08:21.041753479,Deposit,2850
T000409,C0639,2025-01-21 15:21:11.805983832,Withdrawal,3885
T000410,C0191,2025-01-21 16:34:02.570214184,Deposit,12478
T000411,C1802,2025-01-21 17:46:53.334444537,Withdrawal,1450
T000412,C0899,2025-01-21 18:59:44.098674889,Deposit,6004
T000413,C1997,2025-01-21 20:12:34.862905242,Withdrawal,664
T000414,C2108,2025-01-21 21:25:25.627135594,Deposit,1091
T000415,C1490,2025-01-21 22:38:16.391365947,Deposit,14119
T000416,C1403,2025-01-21 23:51:07.155596299,Deposit,260
T000417,C1453,2025-01-22 01:03:57.919826652,Deposit,1212
T000418,C2110,2025-01-22 02:16:48.684057004,Deposit,3442
T000419,C1944,2025-01-22 03:29:39.448287357,Withdrawal,774
T000420,C2350,2025-01-22 04:42:30.212517709,Withdrawal,7030
T000421,C0638,2025-01-22 05:55:20.976748062,Deposit,3012
T000422,C0999,2025-01-22 07:08:11.740978414,Deposit,2472
T000423,C2220,2025-01-22 08:21:02.505208767,Withdrawal,9570
T000424,C1529,2025-01-22 09:33:53.269439120,Withdrawal,4865
T000425,C0063,2025-01-22 10:46:44.033669472,Withdrawal,2206
T000426,C0016,2025-01-22 11:59:34.797899825,Transfer,683
T000427,C0842,2025-01-22 13:12:25.562130177,Transfer,911
T000428,C1125,2025-01-22 14:25:16.326360530,Deposit,5552
T000429,C1217,2025-01-22 15:38:07.090590882,Deposit,1861
T000430,C1997,2025-01-22 16:50:57.854821235,Transfer,4126
T000431,C0899,2025-01-22 18:03:48.619051587,Deposit,2766
T000432,C1491,2025-01-22 19:16:39.383281940,Withdrawal,2095
T000433,C2223,2025-01-22 20:29:30.147512292,Transfer,189
T000434,C1258,2025-01-22 21:42:20.911742645,Withdrawal,967
T000435,C1515,2025-01-22 22:55:11.675972997,Deposit,2606
T000436,C0417,2025-01-23 00:08:02.440203350,Withdrawal,629
T000437,C1557,2025-01-23 01:20:53.204433702,Deposit,1727
T000438,C0451,2025-01-23 02:33:43.968664055,Transfer,899
T000439,C1824,2025-01-23 03:46:34.732894407,Deposit,910
T000440,C0280,2025-01-23 04:59:25.497124760,Withdrawal,7276
T000441,C0244,2025-01-23 06:12:16.261355113,Withdrawal,10557
T000442,C0675,2025-01-23 07:25:07.025585465,Deposit,9417
T000443,C2194,2025-01-23 08:37:57.789815818,Deposit,1156
T000444,C0103,2025-01-23 09:50:48.554046170,Deposit,4870
T000445,C2358,2025-01-23 11:03:39.318276523,Withdrawal,383
T000446,C0117,2025-01-23 12:16:30.082506875,Transfer,1511
T000447,C1496,2025-01-23 13:29:20.846737228,Deposit,2593
T000448,C0763,2025-01-23 14:42:11.610967580,Deposit,347
T000449,C1724,2025-01-23 15:55:02.375197933,Withdrawal,1837
T000450,C2235,2025-01-23 17:07:53.139428285,Deposit,2127
T000451,C0785,2025-01-23 18:20:43.903658638,Withdrawal,363
T000452,C1493,2025-01-23 19:33:34.667888990,Deposit,1897
T000453,C0707,2025-01-23 20:46:25.432119343,Withdrawal,421
T000454,C0796,2025-01-23 21:59:16.196349695,Deposit,2797
T000455,C0473,2025-01-23 23:12:06.960580048,Deposit,3774
T000456,C0682,2025-01-24 00:24:57.724810400,Withdrawal,106
T000457,C0094,2025-01-24 01:37:48.489040753,Deposit,1167
T000458,C0736,2025-01-24 02:50:39.253271106,Transfer,1570
T000459,C2042,2025-01-24 04:03:30.017501458,Withdrawal,921
T000460,C2086,2025-01-24 05:16:20.781731811,Deposit,164
T000461,C2159,2025-01-24 06:29:11.545962163,Transfer,5388
T000462,C1914,2025-01-24 07:42:02.310192516,Deposit,4361
T000463,C2458,2025-01-24 08:54:53.074422868,Withdrawal,12367
T000464,C1590,2025-01-24 10:07:43.838653221,Withdrawal,3775
T000465,C2445,2025-01-24 11:20:34.602883573,Deposit,574
T000466,C1151,2025-01-24 12:33:25.367113926,Transfer,378
T000467,C2014,2025-01-24 13:46:16.131344278,Transfer,2552
T000468,C0042,2025-01-24 14:59:06.895574631,Withdrawal,3528
T000469,C0041,2025-01-24 16:11:57.659804983,Withdrawal,9493
T000470,C1511,2025-01-24 17:24:48.424035336,Transfer,2518
T000471,C1695,2025-01-24 18:37:39.188265688,Withdrawal,340
T000472,C2447,2025-01-24 19:50:29.952496041,Deposit,784
T000473,C2230,2025-01-24 21:03:20.716726393,Withdrawal,634
T000474,C0744,2025-01-24 22:16:11.480956746,Transfer,10547
T000475,C1074,2025-01-24 23:29:02.245187099,Transfer,885
T000476,C1432,2025-01-25 00:41:53.009417451,Transfer,1945
T000477,C0298,2025-01-25 01:54:43.773647804,Deposit,1144
T000478,C2193,2025-01-25 03:07:34.537878156,Withdrawal,2339
T000479,C0016,2025-01-25 04:20:25.302108509,Deposit,2821
T000480,C1076,2025-01-25 05:33:16.066338861,Withdrawal,1797
T000481,C0107,2025-01-25 06:46:06.830569214,Withdrawal,953
T000482,C0219,2025-01-25 07:58:57.594799566,Deposit,1728
T000483,C2385,2025-01-25 09:11:48.359029919,Withdrawal,942
T000484,C0371,2025-01-25 10:24:39.123260271,Deposit,2484
T000485,C0254,2025-01-25 11:37:29.887490624,Deposit,599
T000486,C1429,2025-01-25 12:50:20.651720976,Deposit,3889
T000487,C2009,2025-01-25 14:03:11.415951329,Withdrawal,4217
T000488,C1723,2025-01-25 15:16:02.180181681,Deposit,4932
T000489,C2233,2025-01-25 16:28:52.944412034,Deposit,461
T000490,C1313,2025-01-25 17:41:43.708642386,Deposit,1993
T000491,C0985,2025-01-25 18:54:34.472872739,Withdrawal,1915
T000492,C0350,2025-01-25 20:07:25.237103092,Deposit,3554
T000493,C2108,2025-01-25 21:20:16.001333444,Withdrawal,536
T000494,C1479,2025-01-25 22:33:06.765563797,Transfer,6547
T000495,C0879,2025-01-25 23:45:57.529794149,Withdrawal,1060
T000496,C0311,2025-01-26 00:58:48.294024502,Withdrawal,3523
T000497,C1115,2025-01-26 02:11:39.058254854,Withdrawal,20084
T000498,C1322,2025-01-26 03:24:29.822485207,Deposit,1636
T000499,C0280,2025-01-26 04:37:20.586715559,Deposit,10287
T000500,C0967,2025-01-26 05:50:11.350945912,Withdrawal,1480
T000501,C0695,2025-01-26 07:03:02.115176264,Transfer,8674
T000502,C0910,2025-01-26 08:15:52.879406617,Transfer,7541
T000503,C0271,2025-01-26 09:28:43.643636969,Transfer,1708
T000504,C1541,2025-01-26 10:41:34.407867322,Transfer,197
T000505,C1125,2025-01-26 11:54:25.172097674,Deposit,1642
T000506,C1412,2025-01-26 13:07:15.936328027,Deposit,1901
T000507,C1310,2025-01-26 14:20:06.700558379,Withdrawal,2594
T000508,C1754,2025-01-26 15:32:57.464788732,Withdrawal,4242
T000509,C0841,2025-01-26 16:45:48.229019085,Withdrawal,1063
T000510,C1822,2025-01-26 17:58:38.993249437,Transfer,5516
T000511,C1004,2025-01-26 19:11:29.757479790,Withdrawal,597
T000512,C0240,2025-01-26 20:24:20.521710142,Withdrawal,1088
T000513,C1640,2025-01-26 21:37:11.285940495,Deposit,2041
T000514,C0361,2025-01-26 22:50:02.050170847,Deposit,3043
T000515,C0734,2025-01-27 00:02:52.814401200,Withdrawal,2067
T000516,C0852,2025-01-27 01:15:43.578631552,Transfer,519
T000517,C0860,2025-01-27 02:28:34.342861905,Deposit,7645
T000518,C0701,2025-01-27 03:41:25.107092257,Withdrawal,463
T000519,C1351,2025-01-27 04:54:15.871322610,Transfer,5216
T000520,C0823,2025-01-27 06:07:06.635552962,Deposit,2476
T000521,C1635,2025-01-27 07:19:57.399783315,Deposit,1750
T000522,C0097,2025-01-27 08:32:48.164013668,Withdrawal,3995
T000523,C0327,2025-01-27 09:45:38.928244020,Withdrawal,874
T000524,C2121,2025-01-27 10:58:29.692474373,Transfer,1758
T000525,C0994,2025-01-27 12:11:20.456704725,Deposit,5421
T000526,C1280,2025-01-27 13:24:11.220935078,Deposit,6137
T000527,C1767,2025-01-27 14:37:01.985165430,Deposit,1067
T000528,C0994,2025-01-27 15:49:52.749395783,Withdrawal,2855
T000529,C0333,2025-01-27 17:02:43.513626135,Deposit,2917
T000530,C1181,2025-01-27 18:15:34.277856488,Withdrawal,550
T000531,C1965,2025-01-27 19:28:25.042086840,Withdrawal,9349
T000532,C0099,2025-01-27 20:41:15.806317193,Withdrawal,6801
T000533,C0244,2025-01-27 21:54:06.570547545,Withdrawal,204
T000534,C1501,2025-01-27 23:06:57.334777898,Withdrawal,1587
T000535,C1465,2025-01-28 00:19:48.099008250,Transfer,2474
T000536,C1399,2025-01-28 01:32:38.863238603,Deposit,856
T000537,C0367,2025-01-28 02:45:29.627468955,Deposit,1009
T000538,C1482,2025-01-28 03:58:20.391699308,Withdrawal,9455
T000539,C2161,2025-01-28 05:11:11.155929661,Withdrawal,368
T000540,C1048,2025-01-28 06:24:01.920160013,Deposit,414
T000541,C0283,2025-01-28 07:36:52.684390366,Withdrawal,7940
T000542,C1316,2025-01-28 08:49:43.448620718,Deposit,1287
T000543,C1387,2025-01-28 10:02:34.212851071,Deposit,2905
T000544,C2449,2025-01-28 11:15:24.977081423,Deposit,3671
T000545,C1738,2025-01-28 12:28:15.741311776,Transfer,2319
T000546,C0422,2025-01-28 13:41:06.505542128,Transfer,778
T000547,C1267,2025-01-28 14:53:57.269772481,Deposit,1532
T000548,C1378,2025-01-28 16:06:48.034002833,Deposit,548
T000549,C1412,2025-01-28 17:19:38.798233186,Deposit,9367
T000550,C0475,2025-01-28 18:32:29.562463538,Deposit,4061
T000551,C2453,2025-01-28 19:45:20.326693891,Transfer,3833
T000552,C2084,2025-01-28 20:58:11.090924243,Deposit,1507
T000553,C0358,2025-01-28 22:11:01.855154596,Deposit,211
T000554,C0558,2025-01-28 23:23:52.619384948,Deposit,5093
T000555,C1351,2025-01-29 00:36:43.383615301,Deposit,1114
T000556,C1068,2025-01-29 01:49:34.147845654,Withdrawal,6025
T000557,C2368,2025-01-29 03:02:24.912076006,Withdrawal,7370
T000558,C0738,2025-01-29 04:15:15.676306359,Deposit,994
T000559,C0025,2025-01-29 05:28:06.440536711,Deposit,156
T000560,C0640,2025-01-29 06:40:57.204767064,Withdrawal,1041
T000561,C1575,2025-01-29 07:53:47.968997416,Withdrawal,558
T000562,C1209,2025-01-29 09:06:38.733227769,Deposit,1004
T000563,C0174,2025-01-29 10:19:29.497458121,Deposit,2289
T000564,C1418,2025-01-29 11:32:20.261688474,Deposit,2764
T000565,C0186,2025-01-29 12:45:11.025918826,Deposit,3229
T000566,C1305,2025-01-29 13:58:01.790149179,Deposit,17146
T000567,C1001,2025-01-29 15:10:52.554379531,Deposit,892
T000568,C1319,2025-01-29 16:23:43.318609884,Deposit,13923
T000569,C0528,2025-01-29 17:36:34.082840236,Withdrawal,6512
T000570,C0684,2025-01-29 18:49:24.847070589,Deposit,2739
T000571,C2234,2025-01-29 20:02:15.611300941,Withdrawal,2261
T000572,C1568,2025-01-29 21:15:06.375531294,Withdrawal,7372
T000573,C0575,2025-01-29 22:27:57.139761647,Withdrawal,440
T000574,C2035,2025-01-29 23:40:47.903991999,Withdrawal,1255
T000575,C1885,2025-01-30 00:53:38.668222352,Withdrawal,2519
T000576,C1325,2025-01-30 02:06:29.432452704,Transfer,3650
T000577,C0309,2025-01-30 03:19:20.196683057,Withdrawal,5248
T000578,C1213,2025-01-30 04:32:10.960913409,Withdrawal,2175
T000579,C1842,2025-01-30 05:45:01.725143762,Withdrawal,961
T000580,C1435,2025-01-30 06:57:52.489374114,Withdrawal,619
T000581,C0538,2025-01-30 08:10:43.253604467,Deposit,206
T000582,C0858,2025-01-30 09:23:34.017834819,Deposit,3037
T000583,C1575,2025-01-30 10:36:24.782065172,Deposit,436
T000584,C0193,2025-01-30 11:49:15.546295524,Deposit,613
T000585,C1187,2025-01-30 13:02:06.310525877,Deposit,8483
T000586,C0053,2025-01-30 14:14:57.074756229,Deposit,2487
T000587,C0475,2025-01-30 15:27:47.838986582,Transfer,10152
T000588,C0174,2025-01-30 16:40:38.603216934,Deposit,1970
T000589,C1220,2025-01-30 17:53:29.367447287,Withdrawal,943
T000590,C1814,2025-01-30 19:06:20.131677640,Transfer,2057
T000591,C0700,2025-01-30 20:19:10.895907992,Withdrawal,282
T000592,C2438,2025-01-30 21:32:01.660138345,Withdrawal,7453
T000593,C0457,2025-01-30 22:44:52.424368697,Withdrawal,5165
T000594,C1355,2025-01-30 23:57:43.188599050,Deposit,3150
T000595,C1519,2025-01-31 01:10:33.952829402,Deposit,5104
T000596,C2170,2025-01-31 02:23:24.717059755,Transfer,7485
T000597,C2466,2025-01-31 03:36:15.481290107,Deposit,537
T000598,C0159,2025-01-31 04:49:06.245520460,Transfer,5304
T000599,C1838,2025-01-31 06:01:57.009750812,Deposit,1679
T000600,C0516,2025-01-31 07:14:47.773981165,Withdrawal,635
T000601,C1026,2025-01-31 08:27:38.538211517,Withdrawal,882
T000602,C0659,2025-01-31 09:40:29.302441870,Transfer,2632
T000603,C0678,2025-01-31 10:53:20.066672222,Deposit,1076
T000604,C0315,2025-01-31 12:06:10.830902575,Transfer,523
T000605,C2376,2025-01-31 13:19:01.595132927,Deposit,1457
T000606,C0276,2025-01-31 14:31:52.359363280,Withdrawal,992
T000607,C0452,2025-01-31 15:44:43.123593633,Withdrawal,1714
T000608,C1589,2025-01-31 16:57:33.887823985,Deposit,722
T000609,C0486,2025-01-31 18:10:24.652054338,Withdrawal,328
T000610,C1131,2025-01-31 19:23:15.416284690,Deposit,970
T000611,C0567,2025-01-31 20:36:06.180515043,Deposit,1529
T000612,C0246,2025-01-31 21:48:56.944745395,Withdrawal,3980
T000613,C0889,2025-01-31 23:01:47.708975748,Transfer,1610
T000614,C2212,2025-02-01 00:14:38.473206100,Withdrawal,27275
T000615,C0001,2025-02-01 01:27:29.237436453,Withdrawal,4282
T000616,C2185,2025-02-01 02:40:20.001666805,Withdrawal,4060
T000617,C0151,2025-02-01 03:53:10.765897158,Transfer,1733
T000618,C1768,2025-02-01 05:06:01.530127510,Transfer,3387
T000619,C1511,2025-02-01 06:18:52.294357863,Withdrawal,3531
T000620,C1249,2025-02-01 07:31:43.058588215,Deposit,281
T000621,C1129,2025-02-01 08:44:33.822818568,Deposit,911
T000622,C0999,2025-02-01 09:57:24.587048920,Deposit,1462
T000623,C0698,2025-02-01 11:10:15.351279273,Transfer,4511
T000624,C1089,2025-02-01 12:23:06.115509626,Transfer,4668
T000625,C2381,2025-02-01 13:35:56.879739978,Withdrawal,1396
T000626,C2420,2025-02-01 14:48:47.643970331,Transfer,507
T000627,C1231,2025-02-01 16:01:38.408200683,Deposit,1796
T000628,C0686,2025-02-01 17:14:29.172431036,Withdrawal,2306
T000629,C0928,2025-02-01 18:27:19.936661388,Withdrawal,955
T000630,C1843,2025-02-01 19:40:10.700891741,Withdrawal,3381
T000631,C1733,2025-02-01 20:53:01.465122093,Withdrawal,1125
T000632,C0740,2025-02-01 22:05:52.229352446,Deposit,7596
T000633,C0271,2025-02-01 23:18:42.993582798,Withdrawal,2002
T000634,C1973,2025-02-02 00:31:33.757813151,Withdrawal,6310
T000635,C0711,2025-02-02 01:44:24.522043503,Transfer,1910
T000636,C0325,2025-02-02 02:57:15.286273856,Withdrawal,680
T000637,C0990,2025-02-02 04:10:06.050504208,Deposit,3330
T000638,C1551,2025-02-02 05:22:56.814734561,Withdrawal,310
T000639,C0798,2025-02-02 06:35:47.578964913,Deposit,1911
T000640,C1870,2025-02-02 07:48:38.343195266,Deposit,1094
T000641,C1093,2025-02-02 09:01:29.107425619,Withdrawal,1561
T000642,C0212,2025-02-02 10:14:19.871655971,Deposit,2755
T000643,C1582,2025-02-02 11:27:10.635886324,Withdrawal,454
T000644,C1444,2025-02-02 12:40:01.400116676,Deposit,23572
T000645,C0048,2025-02-02 13:52:52.164347029,Deposit,2390
T000646,C0231,2025-02-02 15:05:42.928577381,Withdrawal,4521
T000647,C0579,2025-02-02 16:18:33.692807734,Deposit,2549
T000648,C1113,2025-02-02 17:31:24.457038086,Deposit,7750
T000649,C1755,2025-02-02 18:44:15.221268439,Deposit,578
T000650,C2100,2025-02-02 19:57:05.985498791,Deposit,1232
T000651,C0422,2025-02-02 21:09:56.749729144,Deposit,4117
T000652,C0611,2025-02-02 22:22:47.513959496,Deposit,6906
T000653,C0446,2025-02-02 23:35:38.278189849,Withdrawal,1923
T000654,C0961,2025-02-03 00:48:29.042420201,Deposit,5398
T000655,C0131,2025-02-03 02:01:19.806650554,Deposit,756
T000656,C1672,2025-02-03 03:14:10.570880906,Withdrawal,1316
T000657,C2422,2025-02-03 04:27:01.335111259,Deposit,9082
T000658,C2435,2025-02-03 05:39:52.099341611,Withdrawal,1882
T000659,C0336,2025-02-03 06:52:42.863571964,Deposit,729
T000660,C1141,2025-02-03 08:05:33.627802317,Transfer,983
T000661,C1025,2025-02-03 09:18:24.392032669,Deposit,1610
T000662,C1653,2025-02-03 10:31:15.156263022,Withdrawal,3356
T000663,C0538,2025-02-03 11:44:05.920493374,Deposit,1890
T000664,C0496,2025-02-03 12:56:56.684723727,Withdrawal,8179
T000665,C0508,2025-02-03 14:09:47.448954079,Withdrawal,1021
T000666,C0681,2025-02-03 15:22:38.213184432,Deposit,554
T000667,C0781,2025-02-03 16:35:28.977414784,Deposit,593
T000668,C0760,2025-02-03 17:48:19.741645137,Transfer,1701
T000669,C0128,2025-02-03 19:01:10.505875489,Transfer,2317
T000670,C1293,2025-02-03 20:14:01.270105842,Withdrawal,3541
T000671,C2194,2025-02-03 21:26:52.034336194,Transfer,6098
T000672,C0966,2025-02-03 22:39:42.798566547,Deposit,2176
T000673,C0560,2025-02-03 23:52:33.562796899,Withdrawal,1847
T000674,C1223,2025-02-04 01:05:24.327027252,Deposit,6381
T000675,C0924,2025-02-04 02:18:15.091257604,Withdrawal,575
T000676,C1628,2025-02-04 03:31:05.855487957,Withdrawal,2003
T000677,C2451,2025-02-04 04:43:56.619718310,Deposit,565
T000678,C2390,2025-02-04 05:56:47.383948662,Withdrawal,6776
T000679,C1072,2025-02-04 07:09:38.148179015,Withdrawal,1222
T000680,C0541,2025-02-04 08:22:28.912409367,Withdrawal,6890
T000681,C1200,2025-02-04 09:35:19.676639720,Transfer,3295
T000682,C0511,2025-02-04 10:48:10.440870072,Transfer,10289
T000683,C2067,2025-02-04 12:01:01.205100425,Deposit,766
T000684,C0355,2025-02-04 13:13:51.969330777,Withdrawal,1069
T000685,C0345,2025-02-04 14:26:42.733561130,Withdrawal,2536
T000686,C1084,2025-02-04 15:39:33.497791482,Deposit,2988
T000687,C1791,2025-02-04 16:52:24.262021835,Transfer,5265
T000688,C2277,2025-02-04 18:05:15.026252187,Deposit,1165
T000689,C0147,2025-02-04 19:18:05.790482540,Deposit,718
T000690,C2380,2025-02-04 20:30:56.554712892,Deposit,1259
T000691,C2481,2025-02-04 21:43:47.318943245,Deposit,1530
T000692,C0399,2025-02-04 22:56:38.083173597,Deposit,783
T000693,C1724,2025-02-05 00:09:28.847403950,Withdrawal,1343
T000694,C1435,2025-02-05 01:22:19.611634303,Withdrawal,976
T000695,C0587,2025-02-05 02:35:10.375864655,Deposit,3211
T000696,C1295,2025-02-05 03:48:01.140095008,Deposit,3878
T000697,C2394,2025-02-05 05:00:51.904325360,Withdrawal,697
T000698,C1543,2025-02-05 06:13:42.668555713,Deposit,552
T000699,C1805,2025-02-05 07:26:33.432786065,Deposit,2728
T000700,C2036,2025-02-05 08:39:24.197016418,Deposit,1572
T000701,C1428,2025-02-05 09:52:14.961246770,Deposit,125
T000702,C0738,2025-02-05 11:05:05.725477123,Deposit,723
T000703,C1778,2025-02-05 12:17:56.489707475,Withdrawal,779
T000704,C0380,2025-02-05 13:30:47.253937828,Deposit,3606
T000705,C2469,2025-02-05 14:43:38.018168180,Deposit,966
T000706,C1204,2025-02-05 15:56:28.782398533,Withdrawal,6623
T000707,C1662,2025-02-05 17:09:19.546628885,Transfer,2975
T000708,C1307,2025-02-05 18:22:10.310859238,Transfer,781
T000709,C2466,2025-02-05 19:35:01.075089590,Transfer,367
T000710,C0356,2025-02-05 20:47:51.839319943,Transfer,853
T000711,C0016,2025-02-05 22:00:42.603550296,Withdrawal,722
T000712,C0315,2025-02-05 23:13:33.367780648,Transfer,5326
T000713,C1040,2025-02-06 00:26:24.132011001,Withdrawal,987
T000714,C1487,2025-02-06 01:39:14.896241353,Deposit,2284
T000715,C0694,2025-02-06 02:52:05.660471706,Deposit,819
T000716,C0069,2025-02-06 04:04:56.424702058,Withdrawal,995
T000717,C0411,2025-02-06 05:17:47.188932411,Transfer,4219
T000718,C0919,2025-02-06 06:30:37.953162763,Deposit,1540
T000719,C0740,2025-02-06 07:43:28.717393116,Deposit,3737
T000720,C1491,2025-02-06 08:56:19.481623468,Withdrawal,3343
T000721,C2487,2025-02-06 10:09:10.245853821,Withdrawal,3919
T000722,C0273,2025-02-06 11:22:01.010084173,Transfer,650
T000723,C0459,2025-02-06 12:34:51.774314526,Transfer,475
T000724,C0820,2025-02-06 13:47:42.538544878,Deposit,1627
T000725,C1197,2025-02-06 15:00:33.302775231,Deposit,1149
T000726,C0861,2025-02-06 16:13:24.067005583,Deposit,1169
T000727,C1974,2025-02-06 17:26:14.831235936,Transfer,5188
T000728,C1545,2025-02-06 18:39:05.595466289,Deposit,8841
T000729,C0795,2025-02-06 19:51:56.359696641,Deposit,4123
T000730,C0805,2025-02-06 21:04:47.123926994,Deposit,5909
T000731,C1096,2025-02-06 22:17:37.888157346,Deposit,3641
T000732,C1891,2025-02-06 23:30:28.652387699,Deposit,3132
T000733,C0840,2025-02-07 00:43:19.416618051,Transfer,1676
T000734,C0603,2025-02-07 01:56:10.180848404,Withdrawal,4823
T000735,C1433,2025-02-07 03:09:00.945078756,Transfer,3586
T000736,C1834,2025-02-07 04:21:51.709309109,Deposit,1774
T000737,C0367,2025-02-07 05:34:42.473539461,Withdrawal,1519
T000738,C0256,2025-02-07 06:47:33.237769814,Withdrawal,4767
T000739,C2488,2025-02-07 08:00:24.002000166,Withdrawal,847
T000740,C1359,2025-02-07 09:13:14.766230519,Deposit,2044
T000741,C2483,2025-02-07 10:26:05.530460871,Withdrawal,415682
T000742,C0690,2025-02-07 11:38:56.294691224,Withdrawal,347
T000743,C0308,2025-02-07 12:51:47.058921576,Deposit,1187
T000744,C2036,2025-02-07 14:04:37.823151929,Deposit,1462
T000745,C1697,2025-02-07 15:17:28.587382282,Deposit,918
T000746,C0409,2025-02-07 16:30:19.351612634,Deposit,1007
T000747,C0826,2025-02-07 17:43:10.115842987,Deposit,800
T000748,C1192,2025-02-07 18:56:00.880073339,Deposit,9018
T000749,C2135,2025-02-07 20:08:51.644303692,Deposit,2654
T000750,C2051,2025-02-07 21:21:42.408534044,Withdrawal,1942
T000751,C2420,2025-02-07 22:34:33.172764397,Transfer,3779
T000752,C1552,2025-02-07 23:47:23.936994749,Deposit,1768
T000753,C0098,2025-02-08 01:00:14.701225102,Deposit,1479
T000754,C1775,2025-02-08 02:13:05.465455454,Withdrawal,18343
T000755,C1546,2025-02-08 03:25:56.229685807,Withdrawal,1784
T000756,C0321,2025-02-08 04:38:46.993916159,Withdrawal,631038
T000757,C0534,2025-02-08 05:51:37.758146512,Withdrawal,512
T000758,C2415,2025-02-08 07:04:28.522376864,Withdrawal,2642
T000759,C1208,2025-02-08 08:17:19.286607217,Transfer,4811
T000760,C0417,2025-02-08 09:30:10.050837569,Transfer,2681
T000761,C1238,2025-02-08 10:43:00.815067922,Withdrawal,1307
T000762,C0848,2025-02-08 11:55:51.579298275,Transfer,1086
T000763,C0670,2025-02-08 13:08:42.343528627,Withdrawal,2299
T000764,C1944,2025-02-08 14:21:33.107758980,Withdrawal,3904
T000765,C2181,2025-02-08 15:34:23.871989332,Withdrawal,2056
T000766,C2101,2025-02-08 16:47:14.636219685,Transfer,547
T000767,C0741,2025-02-08 18:00:05.400450037,Transfer,621
T000768,C0023,2025-02-08 19:12:56.164680390,Deposit,637614
T000769,C1655,2025-02-08 20:25:46.928910742,Withdrawal,766
T000770,C0460,2025-02-08 21:38:37.693141095,Transfer,1362
T000771,C0650,2025-02-08 22:51:28.457371447,Deposit,13242
T000772,C0482,2025-02-09 00:04:19.221601800,Deposit,1164
T000773,C0120,2025-02-09 01:17:09.985832152,Deposit,2837
T000774,C0673,2025-02-09 02:30:00.750062505,Withdrawal,859
T000775,C2256,2025-02-09 03:42:51.514292857,Withdrawal,2100
T000776,C1885,2025-02-09 04:55:42.278523210,Deposit,1463
T000777,C0318,2025-02-09 06:08:33.042753562,Withdrawal,8471
T000778,C2386,2025-02-09 07:21:23.806983915,Transfer,721
T000779,C2203,2025-02-09 08:34:14.571214268,Deposit,1125
T000780,C0868,2025-02-09 09:47:05.335444620,Deposit,1804
T000781,C0394,2025-02-09 10:59:56.099674973,Transfer,1026
T000782,C0971,2025-02-09 12:12:46.863905325,Transfer,3219
T000783,C0313,2025-02-09 13:25:37.628135678,Deposit,1616
T000784,C1283,2025-02-09 14:38:28.392366030,Withdrawal,13079
T000785,C2062,2025-02-09 15:51:19.156596383,Withdrawal,3019
T000786,C0077,2025-02-09 17:04:09.920826735,Deposit,16529
T000787,C0409,2025-02-09 18:17:00.685057088,Transfer,2470
T000788,C2442,2025-02-09 19:29:51.449287440,Withdrawal,10282
T000789,C2268,2025-02-09 20:42:42.213517793,Withdrawal,4639
T000790,C0744,2025-02-09 21:55:32.977748145,Deposit,846
T000791,C0433,2025-02-09 23:08:23.741978498,Transfer,626
T000792,C1479,2025-02-10 00:21:14.506208850,Deposit,3983
T000793,C1678,2025-02-10 01:34:05.270439203,Deposit,1101
T000794,C1832,2025-02-10 02:46:56.034669555,Deposit,3472
T000795,C0988,2025-02-10 03:59:46.798899908,Deposit,324
T000796,C1522,2025-02-10 05:12:37.563130261,Transfer,718
T000797,C1554,2025-02-10 06:25:28.327360613,Deposit,2164
T000798,C0755,2025-02-10 07:38:19.091590966,Withdrawal,4382
T000799,C0676,2025-02-10 08:51:09.855821318,Transfer,1880
T000800,C0832,2025-02-10 10:04:00.620051671,Withdrawal,658
T000801,C1120,2025-02-10 11:16:51.384282023,Deposit,399
T000802,C0028,2025-02-10 12:29:42.148512376,Withdrawal,3836
T000803,C1254,2025-02-10 13:42:32.912742728,Withdrawal,2637
T000804,C0416,2025-02-10 14:55:23.676973081,Deposit,3206
T000805,C2073,2025-02-10 16:08:14.441203433,Deposit,3347
T000806,C1711,2025-02-10 17:21:05.205433786,Withdrawal,2439
T000807,C0542,2025-02-10 18:33:55.969664138,Withdrawal,3558
T000808,C0165,2025-02-10 19:46:46.733894491,Withdrawal,3991
T000809,C2256,2025-02-10 20:59:37.498124843,Deposit,422
T000810,C0985,2025-02-10 22:12:28.262355196,Withdrawal,675
T000811,C0373,2025-02-10 23:25:19.026585548,Deposit,1217
T000812,C0618,2025-02-11 00:38:09.790815901,Deposit,2549
T000813,C0069,2025-02-11 01:51:00.555046254,Transfer,749
T000814,C1544,2025-02-11 03:03:51.319276606,Deposit,812
T000815,C1659,2025-02-11 04:16:42.083506959,Deposit,2742
T000816,C0101,2025-02-11 05:29:32.847737311,Transfer,10591
T000817,C0001,2025-02-11 06:42:23.611967664,Deposit,2825
T000818,C2399,2025-02-11 07:55:14.376198016,Withdrawal,6656
T000819,C2055,2025-02-11 09:08:05.140428369,Withdrawal,318
T000820,C0318,2025-02-11 10:20:55.904658721,Deposit,6528
T000821,C1879,2025-02-11 11:33:46.668889074,Transfer,856
T000822,C0186,2025-02-11 12:46:37.433119426,Withdrawal,1564
T000823,C0728,2025-02-11 13:59:28.197349779,Withdrawal,735
T000824,C0343,2025-02-11 15:12:18.961580131,Deposit,369
T000825,C0713,2025-02-11 16:25:09.725810484,Transfer,1370
T000826,C0136,2025-02-11 17:38:00.490040836,Withdrawal,14427
T000827,C1923,2025-02-11 18:50:51.254271189,Withdrawal,3097
T000828,C0383,2025-02-11 20:03:42.018501541,Transfer,8303
T000829,C0186,2025-02-11 21:16:32.782731894,Withdrawal,2405
T000830,C0928,2025-02-11 22:29:23.546962247,Withdrawal,180
T000831,C0964,2025-02-11 23:42:14.311192599,Transfer,813
T000832,C0561,2025-02-12 00:55:05.075422952,Deposit,1239
T000833,C1190,2025-02-12 02:07:55.839653304,Withdrawal,1161
T000834,C0898,2025-02-12 03:20:46.603883657,Deposit,1697
T000835,C1929,2025-02-12 04:33:37.368114009,Withdrawal,1490
T000836,C1838,2025-02-12 05:46:28.132344362,Withdrawal,2593
T000837,C2369,2025-02-12 06:59:18.896574714,Deposit,14925
T000838,C1713,2025-02-12 08:12:09.660805067,Deposit,545
T000839,C1739,2025-02-12 09:25:00.425035419,Withdrawal,3022
T000840,C1181,2025-02-12 10:37:51.189265772,Withdrawal,3630
T000841,C0858,2025-02-12 11:50:41.953496124,Withdrawal,4172
T000842,C0285,2025-02-12 13:03:32.717726477,Transfer,969
T000843,C2399,2025-02-12 14:16:23.481956829,Deposit,8087
T000844,C2131,2025-02-12 15:29:14.246187182,Transfer,2237
T000845,C1648,2025-02-12 16:42:05.010417534,Deposit,3304
T000846,C0666,2025-02-12 17:54:55.774647887,Deposit,4878
T000847,C1394,2025-02-12 19:07:46.538878240,Deposit,272
T000848,C2025,2025-02-12 20:20:37.303108592,Transfer,585
T000849,C2261,2025-02-12 21:33:28.067338945,Withdrawal,4188
T000850,C0930,2025-02-12 22:46:18.831569297,Deposit,375
T000851,C2408,2025-02-12 23:59:09.595799650,Withdrawal,1633
T000852,C0214,2025-02-13 01:12:00.360030002,Withdrawal,3188
T000853,C0304,2025-02-13 02:24:51.124260355,Transfer,1434
T000854,C1404,2025-02-13 03:37:41.888490707,Withdrawal,16517
T000855,C0200,2025-02-13 04:50:32.652721060,Withdrawal,1947
T000856,C2286,2025-02-13 06:03:23.416951412,Transfer,1771
T000857,C0671,2025-02-13 07:16:14.181181765,Transfer,2530
T000858,C1729,2025-02-13 08:29:04.945412117,Deposit,2846
T000859,C1250,2025-02-13 09:41:55.709642470,Withdrawal,3302
T000860,C0879,2025-02-13 10:54:46.473872822,Deposit,1138
T000861,C0251,2025-02-13 12:07:37.238103175,Withdrawal,2158
T000862,C0498,2025-02-13 13:20:28.002333527,Withdrawal,702
T000863,C1988,2025-02-13 14:33:18.766563880,Deposit,1921
T000864,C0978,2025-02-13 15:46:09.530794233,Transfer,2565
T000865,C0784,2025-02-13 16:59:00.295024585,Deposit,1631
T000866,C2477,2025-02-13 18:11:51.059254938,Withdrawal,9496
T000867,C0539,2025-02-13 19:24:41.823485290,Transfer,5144
T000868,C0901,2025-02-13 20:37:32.587715643,Deposit,1088
T000869,C1467,2025-02-13 21:50:23.351945995,Deposit,3067
T000870,C0210,2025-02-13 23:03:14.116176348,Deposit,4927
T000871,C1734,2025-02-14 00:16:04.880406700,Withdrawal,1051
T000872,C0491,2025-02-14 01:28:55.644637053,Transfer,2430
T000873,C1710,2025-02-14 02:41:46.408867405,Deposit,1066
T000874,C1754,2025-02-14 03:54:37.173097758,Deposit,549
T000875,C1919,2025-02-14 05:07:27.937328110,Withdrawal,2011
T000876,C2035,2025-02-14 06:20:18.701558463,Withdrawal,873077
T000877,C1930,2025-02-14 07:33:09.465788815,Withdrawal,456
T000878,C1487,2025-02-14 08:46:00.230019168,Withdrawal,6499
T000879,C2004,2025-02-14 09:58:50.994249520,Deposit,4344
T000880,C1501,2025-02-14 11:11:41.758479873,Withdrawal,2145
T000881,C0198,2025-02-14 12:24:32.522710226,Deposit,7132
T000882,C1968,2025-02-14 13:37:23.286940578,Deposit,267
T000883,C0521,2025-02-14 14:50:14.051170931,Deposit,2291
T000884,C1523,2025-02-14 16:03:04.815401283,Withdrawal,670
T000885,C1535,2025-02-14 17:15:55.579631636,Deposit,768
T000886,C1714,2025-02-14 18:28:46.343861988,Withdrawal,994
T000887,C1349,2025-02-14 19:41:37.108092341,Withdrawal,12306
T000888,C0688,2025-02-14 20:54:27.872322693,Transfer,1463
T000889,C0467,2025-02-14 22:07:18.636553046,Withdrawal,8437
T000890,C0596,2025-02-14 23:20:09.400783398,Deposit,47929
T000891,C0139,2025-02-15 00:33:00.165013751,Transfer,5524
T000892,C1015,2025-02-15 01:45:50.929244103,Deposit,296
T000893,C0242,2025-02-15 02:58:41.693474456,Deposit,4195
T000894,C2364,2025-02-15 04:11:32.457704808,Transfer,11320
T000895,C0733,2025-02-15 05:24:23.221935161,Withdrawal,900
T000896,C0135,2025-02-15 06:37:13.986165513,Withdrawal,1002
T000897,C2487,2025-02-15 07:50:04.750395866,Deposit,1991
T000898,C2125,2025-02-15 09:02:55.514626219,Deposit,6159
T000899,C2448,2025-02-15 10:15:46.278856571,Deposit,1208
T000900,C2422,2025-02-15 11:28:37.043086924,Deposit,14893
T000901,C1511,2025-02-15 12:41:27.807317276,Deposit,8948
T000902,C1819,2025-02-15 13:54:18.571547629,Deposit,747
T000903,C0758,2025-02-15 15:07:09.335777981,Deposit,643
T000904,C0417,2025-02-15 16:20:00.100008334,Withdrawal,1535
T000905,C0207,2025-02-15 17:32:50.864238686,Transfer,416
T000906,C2389,2025-02-15 18:45:41.628469039,Withdrawal,635
T000907,C1644,2025-02-15 19:58:32.392699391,Withdrawal,920
T000908,C0311,2025-02-15 21:11:23.156929744,Deposit,2193
T000909,C1332,2025-02-15 22:24:13.921160096,Deposit,1223
T000910,C1400,2025-02-15 23:37:04.685390449,Deposit,2094
T000911,C1551,2025-02-16 00:49:55.449620801,Deposit,2084
T000912,C0083,2025-02-16 02:02:46.213851154,Withdrawal,2926
T000913,C1601,2025-02-16 03:15:36.978081506,Transfer,1363
T000914,C1476,2025-02-16 04:28:27.742311859,Transfer,4462
T000915,C1027,2025-02-16 05:41:18.506542212,Deposit,316
T000916,C1480,2025-02-16 06:54:09.270772564,Transfer,2072
T000917,C2284,2025-02-16 08:07:00.035002917,Deposit,4703
T000918,C2437,2025-02-16 09:19:50.799233269,Deposit,1642
T000919,C2441,2025-02-16 10:32:41.563463622,Withdrawal,2039
T000920,C1665,2025-02-16 11:45:32.327693974,Withdrawal,898
T000921,C1783,2025-02-16 12:58:23.091924327,Withdrawal,604
T000922,C2078,2025-02-16 14:11:13.856154679,Deposit,2075
T000923,C1607,2025-02-16 15:24:04.620385032,Deposit,3056
T000924,C0982,2025-02-16 16:36:55.384615384,Deposit,126
T000925,C0605,2025-02-16 17:49:46.148845737,Deposit,606
T000926,C2331,2025-02-16 19:02:36.913076089,Transfer,9023
T000927,C0238,2025-02-16 20:15:27.677306442,Transfer,10854
T000928,C0731,2025-02-16 21:28:18.441536794,Transfer,2259
T000929,C1343,2025-02-16 22:41:09.205767147,Deposit,1684
T000930,C1995,2025-02-16 23:53:59.969997499,Deposit,576
T000931,C1361,2025-02-17 01:06:50.734227852,Transfer,1625
T000932,C2079,2025-02-17 02:19:41.498458205,Transfer,727
T000933,C0978,2025-02-17 03:32:32.262688557,Deposit,3203
T000934,C0915,2025-02-17 04:45:23.026918910,Withdrawal,1390
T000935,C1638,2025-02-17 05:58:13.791149262,Deposit,2227
T000936,C1629,2025-02-17 07:11:04.555379615,Transfer,2493
T000937,C2255,2025-02-17 08:23:55.319609967,Deposit,4995
T000938,C1982,2025-02-17 09:36:46.083840320,Transfer,599
T000939,C0583,2025-02-17 10:49:36.848070672,Deposit,2318
T000940,C0460,2025-02-17 12:02:27.612301025,Withdrawal,1955
T000941,C0136,2025-02-17 13:15:18.376531377,Deposit,4347
T000942,C1977,2025-02-17 14:28:09.140761730,Withdrawal,4887
T000943,C0978,2025-02-17 15:40:59.904992082,Withdrawal,3874
T000944,C0284,2025-02-17 16:53:50.669222435,Withdrawal,6757
T000945,C2399,2025-02-17 18:06:41.433452787,Deposit,2667
T000946,C0017,2025-02-17 19:19:32.197683140,Withdrawal,13135
T000947,C1239,2025-02-17 20:32:22.961913492,Deposit,2014
T000948,C1423,2025-02-17 21:45:13.726143845,Deposit,1104
T000949,C2462,2025-02-17 22:58:04.490374198,Withdrawal,1365
T000950,C1268,2025-02-18 00:10:55.254604550,Deposit,3895
T000951,C2054,2025-02-18 01:23:46.018834903,Transfer,2363
T000952,C0780,2025-02-18 02:36:36.783065255,Withdrawal,919
T000953,C2135,2025-02-18 03:49:27.547295608,Withdrawal,635847
T000954,C2237,2025-02-18 05:02:18.311525960,Deposit,10431
T000955,C1640,2025-02-18 06:15:09.075756313,Deposit,1204
T000956,C0420,2025-02-18 07:27:59.839986665,Transfer,4076
T000957,C1827,2025-02-18 08:40:50.604217018,Deposit,1252
T000958,C2296,2025-02-18 09:53:41.368447370,Transfer,470
T000959,C0860,2025-02-18 11:06:32.132677723,Deposit,3273
T000960,C0207,2025-02-18 12:19:22.896908075,Deposit,1001
T000961,C2472,2025-02-18 13:32:13.661138428,Withdrawal,1735
T000962,C2181,2025-02-18 14:45:04.425368780,Transfer,1118
T000963,C2041,2025-02-18 15:57:55.189599133,Deposit,16161
T000964,C0115,2025-02-18 17:10:45.953829485,Deposit,2247
T000965,C2425,2025-02-18 18:23:36.718059838,Withdrawal,1943
T000966,C0211,2025-02-18 19:36:27.482290191,Deposit,1515
T000967,C0132,2025-02-18 20:49:18.246520543,Deposit,593
T000968,C1398,2025-02-18 22:02:09.010750896,Deposit,1707
T000969,C0154,2025-02-18 23:14:59.774981248,Withdrawal,14897
T000970,C0920,2025-02-19 00:27:50.539211601,Withdrawal,372
T000971,C1447,2025-02-19 01:40:41.303441953,Transfer,291
T000972,C0952,2025-02-19 02:53:32.067672306,Deposit,1652
T000973,C1390,2025-02-19 04:06:22.831902658,Deposit,4023
T000974,C1718,2025-02-19 05:19:13.596133011,Deposit,420
T000975,C0147,2025-02-19 06:32:04.360363363,Deposit,398
T000976,C1818,2025-02-19 07:44:55.124593716,Deposit,3444
T000977,C0715,2025-02-19 08:57:45.888824068,Withdrawal,1952
T000978,C1597,2025-02-19 10:10:36.653054421,Deposit,3323
T000979,C2279,2025-02-19 11:23:27.417284773,Withdrawal,490
T000980,C2499,2025-02-19 12:36:18.181515126,Transfer,6261
T000981,C1524,2025-02-19 13:49:08.945745478,Transfer,2180
T000982,C0907,2025-02-19 15:01:59.709975831,Deposit,2082
T000983,C1647,2025-02-19 16:14:50.474206184,Withdrawal,1098
T000984,C1725,2025-02-19 17:27:41.238436536,Deposit,3467
T000985,C2031,2025-02-19 18:40:32.002666889,Transfer,2532
T000986,C2155,2025-02-19 19:53:22.766897241,Transfer,8226
T000987,C2141,2025-02-19 21:06:13.531127594,Transfer,4243
T000988,C1660,2025-02-19 22:19:04.295357946,Withdrawal,3914
T000989,C0829,2025-02-19 23:31:55.059588299,Deposit,2021
T000990,C2188,2025-02-20 00:44:45.823818651,Transfer,2470
T000991,C1338,2025-02-20 01:57:36.588049004,Transfer,1211
T000992,C0011,2025-02-20 03:10:27.352279356,Transfer,3229
T000993,C2496,2025-02-20 04:23:18.116509709,Deposit,3271
T000994,C2443,2025-02-20 05:36:08.880740061,Withdrawal,3698
T000995,C1529,2025-02-20 06:48:59.644970414,Deposit,2700
T000996,C0378,2025-02-20 08:01:50.409200766,Transfer,2652
T000997,C0361,2025-02-20 09:14:41.173431119,Transfer,2974
T000998,C1572,2025-02-20 10:27:31.937661471,Deposit,1920
T000999,C0642,2025-02-20 11:40:22.701891824,Withdrawal,1203
T001000,C0573,2025-02-20 12:53:13.466122177,Deposit,711
T001001,C1956,2025-02-20 14:06:04.230352529,Deposit,6142
T001002,C1585,2025-02-20 15:18:54.994582882,Deposit,228
T001003,C0923,2025-02-20 16:31:45.758813234,Deposit,1701
T001004,C2444,2025-02-20 17:44:36.523043587,Deposit,864
T001005,C2234,2025-02-20 18:57:27.287273939,Deposit,1574
T001006,C1542,2025-02-20 20:10:18.051504292,Withdrawal,245
T001007,C1815,2025-02-20 21:23:08.815734644,Deposit,3489
T001008,C2419,2025-02-20 22:35:59.579964997,Transfer,4066
T001009,C1890,2025-02-20 23:48:50.344195349,Withdrawal,3709
T001010,C1900,2025-02-21 01:01:41.108425702,Withdrawal,1315
T001011,C1228,2025-02-21 02:14:31.872656054,Transfer,3784
T001012,C2330,2025-02-21 03:27:22.636886407,Deposit,8108
T001013,C1440,2025-02-21 04:40:13.401116759,Deposit,1656
T001014,C1057,2025-02-21 05:53:04.165347112,Deposit,279
T001015,C2130,2025-02-21 07:05:54.929577464,Deposit,1479
T001016,C1507,2025-02-21 08:18:45.693807817,Deposit,3211
T001017,C2196,2025-02-21 09:31:36.458038170,Withdrawal,1092
T001018,C1631,2025-02-21 10:44:27.222268522,Withdrawal,1370
T001019,C0965,2025-02-21 11:57:17.986498875,Withdrawal,1302
T001020,C0992,2025-02-21 13:10:08.750729227,Deposit,1517
T001021,C0495,2025-02-21 14:22:59.514959580,Deposit,859
T001022,C1194,2025-02-21 15:35:50.279189932,Deposit,5405
T001023,C0703,2025-02-21 16:48:41.043420285,Withdrawal,1302
T001024,C1031,2025-02-21 18:01:31.807650637,Deposit,967
T001025,C1404,2025-02-21 19:14:22.571880990,Transfer,3190
T001026,C0826,2025-02-21 20:27:13.336111342,Withdrawal,178
T001027,C2482,2025-02-21 21:40:04.100341695,Deposit,3019
T001028,C1058,2025-02-21 22:52:54.864572047,Deposit,914
T001029,C0563,2025-02-22 00:05:45.628802400,Deposit,196
T001030,C2186,2025-02-22 01:18:36.393032752,Transfer,805
T001031,C0367,2025-02-22 02:31:27.157263105,Transfer,995
T001032,C2154,2025-02-22 03:44:17.921493458,Deposit,6007
T001033,C0794,2025-02-22 04:57:08.685723810,Withdrawal,1999
T001034,C0636,2025-02-22 06:09:59.449954163,Deposit,11654
T001035,C1706,2025-02-22 07:22:50.214184515,Deposit,728
T001036,C0987,2025-02-22 08:35:40.978414868,Withdrawal,2632
T001037,C0958,2025-02-22 09:48:31.742645220,Transfer,4714
T001038,C0855,2025-02-22 11:01:22.506875573,Deposit,1118
T001039,C2126,2025-02-22 12:14:13.271105925,Deposit,1458
T001040,C1570,2025-02-22 13:27:04.035336278,Withdrawal,1565
T001041,C2257,2025-02-22 14:39:54.799566630,Transfer,1479
T001042,C1435,2025-02-22 15:52:45.563796983,Withdrawal,297
T001043,C0008,2025-02-22 17:05:36.328027336,Deposit,3115
T001044,C0737,2025-02-22 18:18:27.092257688,Transfer,1030
T001045,C2275,2025-02-22 19:31:17.856488041,Transfer,306
T001046,C2223,2025-02-22 20:44:08.620718393,Withdrawal,343
T001047,C0081,2025-02-22 21:56:59.384948746,Transfer,2861
T001048,C1159,2025-02-22 23:09:50.149179098,Withdrawal,355
T001049,C0238,2025-02-23 00:22:40.913409451,Deposit,2558
T001050,C1496,2025-02-23 01:35:31.677639803,Deposit,6806
T001051,C1050,2025-02-23 02:48:22.441870156,Withdrawal,726
T001052,C0187,2025-02-23 04:01:13.206100508,Transfer,1765
T001053,C1906,2025-02-23 05:14:03.970330861,Transfer,2483
T001054,C0630,2025-02-23 06:26:54.734561213,Deposit,601
T001055,C1733,2025-02-23 07:39:45.498791566,Deposit,5151
T001056,C0815,2025-02-23 08:52:36.263021918,Transfer,7201
T001057,C0614,2025-02-23 10:05:27.027252271,Withdrawal,1351
T001058,C1187,2025-02-23 11:18:17.791482623,Deposit,3049
T001059,C2226,2025-02-23 12:31:08.555712976,Withdrawal,343
T001060,C0985,2025-02-23 13:43:59.319943329,Deposit,11073
T001061,C2328,2025-02-23 14:56:50.084173681,Transfer,1826
T001062,C0798,2025-02-23 16:09:40.848404034,Transfer,792
T001063,C1078,2025-02-23 17:22:31.612634386,Transfer,1434
T001064,C0067,2025-02-23 18:35:22.376864739,Deposit,713
T001065,C0544,2025-02-23 19:48:13.141095091,Transfer,1461
T001066,C1787,2025-02-23 21:01:03.905325444,Withdrawal,2162
T001067,C0520,2025-02-23 22:13:54.669555796,Deposit,851
T001068,C0946,2025-02-23 23:26:45.433786149,Withdrawal,630
T001069,C1455,2025-02-24 00:39:36.198016501,Transfer,2896
T001070,C1059,2025-02-24 01:52:26.962246854,Withdrawal,880
T001071,C2237,2025-02-24 03:05:17.726477206,Deposit,3786
T001072,C1113,2025-02-24 04:18:08.490707559,Transfer,594
T001073,C0947,2025-02-24 05:30:59.254937911,Deposit,791
T001074,C0136,2025-02-24 06:43:50.019168264,Transfer,6757
T001075,C0793,2025-02-24 07:56:40.783398616,Withdrawal,1048
T001076,C1137,2025-02-24 09:09:31.547628969,Withdrawal,1166
T001077,C1363,2025-02-24 10:22:22.311859322,Withdrawal,714
T001078,C0555,2025-02-24 11:35:13.076089674,Deposit,970
T001079,C0946,2025-02-24 12:48:03.840320027,Transfer,1465
T001080,C2222,2025-02-24 14:00:54.604550379,Deposit,827
T001081,C2255,2025-02-24 15:13:45.368780732,Withdrawal,2058
T001082,C1367,2025-02-24 16:26:36.133011084,Deposit,5606
T001083,C0949,2025-02-24 17:39:26.897241437,Deposit,1149
T001084,C0104,2025-02-24 18:52:17.661471789,Withdrawal,701
T001085,C1047,2025-02-24 20:05:08.425702142,Transfer,9809
T001086,C1861,2025-02-24 21:17:59.189932494,Deposit,531
T001087,C2338,2025-02-24 22:30:49.954162847,Deposit,1934
T001088,C0964,2025-02-24 23:43:40.718393199,Withdrawal,833
T001089,C0838,2025-02-25 00:56:31.482623552,Withdrawal,1636
T001090,C2459,2025-02-25 02:09:22.246853904,Deposit,2815
T001091,C1583,2025-02-25 03:22:13.011084257,Withdrawal,249
T001092,C0882,2025-02-25 04:35:03.775314609,Deposit,5095
T001093,C0424,2025-02-25 05:47:54.539544962,Deposit,390
T001094,C2203,2025-02-25 07:00:45.303775315,Withdrawal,743
T001095,C2199,2025-02-25 08:13:36.068005667,Withdrawal,1145
T001096,C0212,2025-02-25 09:26:26.832236020,Deposit,590
T001097,C1216,2025-02-25 10:39:17.596466372,Withdrawal,1774
T001098,C0881,2025-02-25 11:52:08.360696725,Withdrawal,302
T001099,C0755,2025-02-25 13:04:59.124927077,Withdrawal,714
T001100,C1122,2025-02-25 14:17:49.889157430,Withdrawal,1060
T001101,C0701,2025-02-25 15:30:40.653387782,Deposit,1097
T001102,C2220,2025-02-25 16:43:31.417618135,Withdrawal,4948
T001103,C0371,2025-02-25 17:56:22.181848487,Transfer,5069
T001104,C1733,2025-02-25 19:09:12.946078840,Deposit,3923
T001105,C1164,2025-02-25 20:22:03.710309192,Deposit,2279
T001106,C0913,2025-02-25 21:34:54.474539545,Withdrawal,4592
T001107,C1829,2025-02-25 22:47:45.238769897,Withdrawal,1768
T001108,C0802,2025-02-26 00:00:36.003000250,Withdrawal,270
T001109,C2304,2025-02-26 01:13:26.767230602,Withdrawal,414
T001110,C0990,2025-02-26 02:26:17.531460955,Withdrawal,4390
T001111,C0676,2025-02-26 03:39:08.295691308,Withdrawal,1797
T001112,C0416,2025-02-26 04:51:59.059921660,Deposit,113
T001113,C2377,2025-02-26 06:04:49.824152013,Deposit,1381
T001114,C1163,2025-02-26 07:17:40.588382365,Transfer,2238
T001115,C0962,2025-02-26 08:30:31.352612718,Transfer,549
T001116,C1621,2025-02-26 09:43:22.116843070,Withdrawal,920
T001117,C1536,2025-02-26 10:56:12.881073423,Deposit,1586
T001118,C0249,2025-02-26 12:09:03.645303775,Withdrawal,3000
T001119,C1887,2025-02-26 13:21:54.409534128,Withdrawal,2622
T001120,C2356,2025-02-26 14:34:45.173764480,Withdrawal,3917
T001121,C0573,2025-02-26 15:47:35.937994833,Withdrawal,6621
T001122,C1809,2025-02-26 17:00:26.702225185,Deposit,2048
T001123,C0798,2025-02-26 18:13:17.466455538,Deposit,3081
T001124,C1001,2025-02-26 19:26:08.230685890,Withdrawal,3986
T001125,C0761,2025-02-26 20:38:58.994916243,Transfer,3087
T001126,C0293,2025-02-26 21:51:49.759146595,Transfer,7920
T001127,C2458,2025-02-26 23:04:40.523376948,Withdrawal,3467
T001128,C0198,2025-02-27 00:17:31.287607301,Deposit,1152
T001129,C0080,2025-02-27 01:30:22.051837653,Deposit,563
T001130,C1409,2025-02-27 02:43:12.816068006,Deposit,125
T001131,C0137,2025-02-27 03:56:03.580298358,Withdrawal,3422
T001132,C0213,2025-02-27 05:08:54.344528711,Withdrawal,2976
T001133,C1863,2025-02-27 06:21:45.108759063,Withdrawal,811
T001134,C0619,2025-02-27 07:34:35.872989416,Transfer,7728
T001135,C0960,2025-02-27 08:47:26.637219768,Deposit,3282
T001136,C2214,2025-02-27 10:00:17.401450121,Deposit,688
T001137,C2478,2025-02-27 11:13:08.165680473,Deposit,2218
T001138,C2169,2025-02-27 12:25:58.929910826,Deposit,8721
T001139,C2379,2025-02-27 13:38:49.694141178,Withdrawal,1422
T001140,C1723,2025-02-27 14:51:40.458371531,Withdrawal,3293
T001141,C1162,2025-02-27 16:04:31.222601883,Withdrawal,3729
T001142,C1890,2025-02-27 17:17:21.986832236,Transfer,496
T001143,C2041,2025-02-27 18:30:12.751062588,Deposit,38609
T001144,C1554,2025-02-27 19:43:03.515292941,Withdrawal,1180
T001145,C1100,2025-02-27 20:55:54.279523294,Withdrawal,4575
T001146,C1689,2025-02-27 22:08:45.043753646,Deposit,10478
T001147,C0037,2025-02-27 23:21:35.807983999,Deposit,1013
T001148,C0845,2025-02-28 00:34:26.572214351,Withdrawal,887
T001149,C1682,2025-02-28 01:47:17.336444704,Deposit,2690
T001150,C1644,2025-02-28 03:00:08.100675056,Transfer,1113
T001151,C2334,2025-02-28 04:12:58.864905409,Deposit,2740
T001152,C1264,2025-02-28 05:25:49.629135761,Deposit,2797
T001153,C2268,2025-02-28 06:38:40.393366114,Deposit,1600
T001154,C2044,2025-02-28 07:51:31.157596466,Withdrawal,797
T001155,C0216,2025-02-28 09:04:21.921826819,Deposit,636
T001156,C0681,2025-02-28 10:17:12.686057171,Withdrawal,1141
T001157,C2341,2025-02-28 11:30:03.450287524,Deposit,716
T001158,C1813,2025-02-28 12:42:54.214517876,Deposit,1681
T001159,C1508,2025-02-28 13:55:44.978748229,Deposit,1321
T001160,C2091,2025-02-28 15:08:35.742978581,Deposit,9276
T001161,C1117,2025-02-28 16:21:26.507208934,Withdrawal,100
T001162,C1293,2025-02-28 17:34:17.271439287,Withdrawal,4975
T001163,C1645,2025-02-28 18:47:08.035669639,Deposit,687
T001164,C1239,2025-02-28 19:59:58.799899992,Deposit,1405
T001165,C0959,2025-02-28 21:12:49.564130344,Transfer,4425
T001166,C2162,2025-02-28 22:25:40.328360697,Withdrawal,1813
T001167,C1149,2025-02-28 23:38:31.092591049,Transfer,3984
T001168,C2285,2025-03-01 00:51:21.856821402,Deposit,773
T001169,C1829,2025-03-01 02:04:12.621051754,Deposit,1640
T001170,C0158,2025-03-01 03:17:03.385282107,Withdrawal,1000
T001171,C0908,2025-03-01 04:29:54.149512459,Deposit,1199
T001172,C1529,2025-03-01 05:42:44.913742812,Withdrawal,3879
T001173,C1141,2025-03-01 06:55:35.677973164,Deposit,602
T001174,C1560,2025-03-01 08:08:26.442203517,Deposit,2107
T001175,C2108,2025-03-01 09:21:17.206433869,Deposit,1073
T001176,C2449,2025-03-01 10:34:07.970664222,Withdrawal,3839
T001177,C1898,2025-03-01 11:46:58.734894574,Withdrawal,643
T001178,C0828,2025-03-01 12:59:49.499124927,Deposit,2477
T001179,C1801,2025-03-01 14:12:40.263355280,Deposit,1960
T001180,C1204,2025-03-01 15:25:31.027585632,Withdrawal,1215
T001181,C0845,2025-03-01 16:38:21.791815985,Deposit,1203
T001182,C1269,2025-03-01 17:51:12.556046337,Withdrawal,12306
T001183,C0638,2025-03-01 19:04:03.320276690,Withdrawal,2957
T001184,C0649,2025-03-01 20:16:54.084507042,Deposit,506
T001185,C2261,2025-03-01 21:29:44.848737395,Deposit,1001
T001186,C1630,2025-03-01 22:42:35.612967747,Withdrawal,3650
T001187,C0990,2025-03-01 23:55:26.377198100,Deposit,1554
T001188,C0804,2025-03-02 01:08:17.141428452,Deposit,2684
T001189,C0128,2025-03-02 02:21:07.905658805,Deposit,1662
T001190,C0952,2025-03-02 03:33:58.669889157,Transfer,1973
T001191,C2265,2025-03-02 04:46:49.434119510,Transfer,1113
T001192,C0020,2025-03-02 05:59:40.198349862,Withdrawal,3279
T001193,C1782,2025-03-02 07:12:30.962580215,Deposit,3037
T001194,C0675,2025-03-02 08:25:21.726810567,Withdrawal,695
T001195,C0739,2025-03-02 09:38:12.491040920,Deposit,2340
T001196,C0557,2025-03-02 10:51:03.255271273,Deposit,3969
T001197,C2245,2025-03-02 12:03:54.019501625,Withdrawal,539
T001198,C0504,2025-03-02 13:16:44.783731978,Withdrawal,10944
T001199,C1271,2025-03-02 14:29:35.547962330,Deposit,905
T001200,C0738,2025-03-02 15:42:26.312192683,Transfer,492
T001201,C0792,2025-03-02 16:55:17.076423035,Deposit,10274
T001202,C1371,2025-03-02 18:08:07.840653388,Withdrawal,403
T001203,C0197,2025-03-02 19:20:58.604883740,Withdrawal,764
T001204,C1131,2025-03-02 20:33:49.369114093,Deposit,1612
T001205,C0744,2025-03-02 21:46:40.133344445,Deposit,1933
T001206,C1637,2025-03-02 22:59:30.897574798,Deposit,3531
T001207,C1184,2025-03-03 00:12:21.661805150,Transfer,1628
T001208,C2470,2025-03-03 01:25:12.426035503,Withdrawal,843
T001209,C1631,2025-03-03 02:38:03.190265855,Deposit,14632
T001210,C1952,2025-03-03 03:50:53.954496208,Transfer,1198
T001211,C2039,2025-03-03 05:03:44.718726560,Withdrawal,982
T001212,C1337,2025-03-03 06:16:35.482956913,Deposit,2358
T001213,C2480,2025-03-03 07:29:26.247187266,Withdrawal,762
T001214,C0926,2025-03-03 08:42:17.011417618,Withdrawal,2672
T001215,C0235,2025-03-03 09:55:07.775647971,Deposit,8734
T001216,C2375,2025-03-03 11:07:58.539878323,Withdrawal,877
T001217,C0479,2025-03-03 12:20:49.304108676,Deposit,413
T001218,C2476,2025-03-03 13:33:40.068339028,Withdrawal,2628
T001219,C0666,2025-03-03 14:46:30.832569381,Deposit,1604
T001220,C1124,2025-03-03 15:59:21.596799733,Deposit,5658
T001221,C1388,2025-03-03 17:12:12.361030086,Transfer,1455
T001222,C0642,2025-03-03 18:25:03.125260438,Withdrawal,411
T001223,C1517,2025-03-03 19:37:53.889490791,Deposit,2943
T001224,C0575,2025-03-03 20:50:44.653721143,Withdrawal,860
T001225,C1722,2025-03-03 22:03:35.417951496,Transfer,2439
T001226,C1019,2025-03-03 23:16:26.182181848,Deposit,3963
T001227,C1328,2025-03-04 00:29:16.946412201,Withdrawal,2960
T001228,C0400,2025-03-04 01:42:07.710642553,Withdrawal,2897
T001229,C0595,2025-03-04 02:54:58.474872906,Withdrawal,1215
T001230,C1457,2025-03-04 04:07:49.239103259,Withdrawal,510043
T001231,C1596,2025-03-04 05:20:40.003333611,Withdrawal,1816
T001232,C0117,2025-03-04 06:33:30.767563964,Transfer,1457
T001233,C0383,2025-03-04 07:46:21.531794316,Transfer,1698
T001234,C0859,2025-03-04 08:59:12.296024669,Deposit,9126
T001235,C2130,2025-03-04 10:12:03.060255021,Transfer,512
T001236,C1851,2025-03-04 11:24:53.824485374,Deposit,5469
T001237,C0832,2025-03-04 12:37:44.588715726,Withdrawal,6877
T001238,C0873,2025-03-04 13:50:35.352946079,Transfer,2108
T001239,C2118,2025-03-04 15:03:26.117176431,Withdrawal,1404
T001240,C0387,2025-03-04 16:16:16.881406784,Deposit,2074
T001241,C2007,2025-03-04 17:29:07.645637136,Transfer,10258
T001242,C0297,2025-03-04 18:41:58.409867489,Deposit,3034
T001243,C0719,2025-03-04 19:54:49.174097841,Deposit,3598
T001244,C1599,2025-03-04 21:07:39.938328194,Withdrawal,3026
T001245,C2226,2025-03-04 22:20:30.702558546,Deposit,597
T001246,C1967,2025-03-04 23:33:21.466788899,Transfer,451
T001247,C1183,2025-03-05 00:46:12.231019252,Deposit,1007
T001248,C0011,2025-03-05 01:59:02.995249604,Transfer,2567
T001249,C0785,2025-03-05 03:11:53.759479957,Transfer,559
T001250,C0411,2025-03-05 04:24:44.523710309,Withdrawal,2440
T001251,C2203,2025-03-05 05:37:35.287940662,Withdrawal,2296
T001252,C1230,2025-03-05 06:50:26.052171014,Withdrawal,3877
T001253,C0599,2025-03-05 08:03:16.816401367,Deposit,4433
T001254,C0824,2025-03-05 09:16:07.580631719,Deposit,1781
T001255,C2398,2025-03-05 10:28:58.344862072,Transfer,3122
T001256,C1122,2025-03-05 11:41:49.109092424,Withdrawal,161
T001257,C0019,2025-03-05 12:54:39.873322777,Transfer,658
T001258,C0313,2025-03-05 14:07:30.637553129,Withdrawal,15802
T001259,C2493,2025-03-05 15:20:21.401783482,Deposit,5768
T001260,C1946,2025-03-05 16:33:12.166013834,Deposit,1853
T001261,C0231,2025-03-05 17:46:02.930244187,Deposit,3596
T001262,C2407,2025-03-05 18:58:53.694474539,Transfer,306
T001263,C0044,2025-03-05 20:11:44.458704892,Withdrawal,1018
T001264,C2271,2025-03-05 21:24:35.222935245,Withdrawal,218
T001265,C1289,2025-03-05 22:37:25.987165597,Withdrawal,993
T001266,C2319,2025-03-05 23:50:16.751395950,Deposit,775
T001267,C2260,2025-03-06 01:03:07.515626302,Deposit,4650
T001268,C1520,2025-03-06 02:15:58.279856655,Deposit,3369
T001269,C1411,2025-03-06 03:28:49.044087007,Deposit,3633
T001270,C2295,2025-03-06 04:41:39.808317360,Deposit,1468
T001271,C0821,2025-03-06 05:54:30.572547712,Deposit,2363
T001272,C2120,2025-03-06 07:07:21.336778065,Transfer,1155
T001273,C2343,2025-03-06 08:20:12.101008417,Withdrawal,2897
T001274,C0171,2025-03-06 09:33:02.865238770,Deposit,103
T001275,C0246,2025-03-06 10:45:53.629469122,Withdrawal,823
T001276,C1165,2025-03-06 11:58:44.393699475,Deposit,752
T001277,C1640,2025-03-06 13:11:35.157929827,Withdrawal,9120
T001278,C0617,2025-03-06 14:24:25.922160180,Deposit,3303
T001279,C0240,2025-03-06 15:37:16.686390532,Transfer,5354
T001280,C1957,2025-03-06 16:50:07.450620885,Deposit,1487
T001281,C2359,2025-03-06 18:02:58.214851238,Transfer,1372
T001282,C1440,2025-03-06 19:15:48.979081590,Withdrawal,7541
T001283,C0398,2025-03-06 20:28:39.743311943,Withdrawal,1259
T001284,C1857,2025-03-06 21:41:30.507542295,Transfer,1084
T001285,C0923,2025-03-06 22:54:21.271772648,Deposit,1208
T001286,C0792,2025-03-07 00:07:12.036003000,Deposit,3462
T001287,C1907,2025-03-07 01:20:02.800233353,Deposit,6515
T001288,C1905,2025-03-07 02:32:53.564463705,Transfer,419
T001289,C2070,2025-03-07 03:45:44.328694058,Deposit,5612
T001290,C0813,2025-03-07 04:58:35.092924410,Deposit,8899
T001291,C0904,2025-03-07 06:11:25.857154763,Withdrawal,3325
T001292,C1731,2025-03-07 07:24:16.621385115,Withdrawal,16476
T001293,C0832,2025-03-07 08:37:07.385615468,Deposit,2150
T001294,C1395,2025-03-07 09:49:58.149845820,Withdrawal,3186
T001295,C1967,2025-03-07 11:02:48.914076173,Deposit,861
T001296,C1045,2025-03-07 12:15:39.678306525,Deposit,11980
T001297,C2208,2025-03-07 13:28:30.442536878,Withdrawal,3340
T001298,C0744,2025-03-07 14:41:21.206767230,Withdrawal,3919
T001299,C0813,2025-03-07 15:54:11.970997583,Transfer,1916
T001300,C1580,2025-03-07 17:07:02.735227936,Withdrawal,580
T001301,C1376,2025-03-07 18:19:53.499458288,Deposit,295
T001302,C2228,2025-03-07 19:32:44.263688641,Withdrawal,548
T001303,C1651,2025-03-07 20:45:35.027918993,Transfer,1105
T001304,C2261,2025-03-07 21:58:25.792149346,Deposit,6754
T001305,C0530,2025-03-07 23:11:16.556379698,Withdrawal,3544
T001306,C1419,2025-03-08 00:24:07.320610051,Withdrawal,4195
T001307,C2075,2025-03-08 01:36:58.084840403,Deposit,4346
T001308,C0939,2025-03-08 02:49:48.849070756,Withdrawal,2135
T001309,C2486,2025-03-08 04:02:39.613301108,Withdrawal,3811
T001310,C0285,2025-03-08 05:15:30.377531461,Deposit,971
T001311,C1821,2025-03-08 06:28:21.141761813,Deposit,1452
T001312,C0649,2025-03-08 07:41:11.905992166,Transfer,2763
T001313,C0189,2025-03-08 08:54:02.670222518,Deposit,1705
T001314,C1726,2025-03-08 10:06:53.434452871,Withdrawal,140
T001315,C1223,2025-03-08 11:19:44.198683223,Withdrawal,3689
T001316,C1126,2025-03-08 12:32:34.962913576,Deposit,15397
T001317,C0479,2025-03-08 13:45:25.727143929,Transfer,1114
T001318,C2044,2025-03-08 14:58:16.491374281,Withdrawal,1623
T001319,C2026,2025-03-08 16:11:07.255604634,Withdrawal,804
T001320,C0517,2025-03-08 17:23:58.019834986,Withdrawal,2761
T001321,C1889,2025-03-08 18:36:48.784065339,Transfer,544
T001322,C1551,2025-03-08 19:49:39.548295691,Transfer,343
T001323,C1541,2025-03-08 21:02:30.312526044,Deposit,1500
T001324,C2278,2025-03-08 22:15:21.076756396,Withdrawal,2837
T001325,C1138,2025-03-08 23:28:11.840986749,Deposit,276
T001326,C1540,2025-03-09 00:41:02.605217101,Deposit,1803
T001327,C1749,2025-03-09 01:53:53.369447454,Deposit,2221
T001328,C0034,2025-03-09 03:06:44.133677806,Withdrawal,538
T001329,C0296,2025-03-09 04:19:34.897908159,Transfer,336
T001330,C1430,2025-03-09 05:32:25.662138511,Withdrawal,6548
T001331,C1151,2025-03-09 06:45:16.426368864,Withdrawal,712
T001332,C2190,2025-03-09 07:58:07.190599216,Transfer,12996
T001333,C1988,2025-03-09 09:10:57.954829569,Transfer,1801
T001334,C0648,2025-03-09 10:23:48.719059922,Withdrawal,702
T001335,C2176,2025-03-09 11:36:39.483290274,Transfer,2857
T001336,C1710,2025-03-09 12:49:30.247520627,Deposit,1651
T001337,C1548,2025-03-09 14:02:21.011750979,Deposit,9459
T001338,C0463,2025-03-09 15:15:11.775981332,Deposit,7215
T001339,C1210,2025-03-09 16:28:02.540211684,Deposit,2535
T001340,C0514,2025-03-09 17:40:53.304442037,Withdrawal,871
T001341,C0001,2025-03-09 18:53:44.068672389,Transfer,1604
T001342,C1263,2025-03-09 20:06:34.832902742,Withdrawal,1099
T001343,C1079,2025-03-09 21:19:25.597133094,Withdrawal,3810
T001344,C1472,2025-03-09 22:32:16.361363447,Deposit,1367
T001345,C0338,2025-03-09 23:45:07.125593799,Withdrawal,950
T001346,C1128,2025-03-10 00:57:57.889824152,Deposit,1889
T001347,C2393,2025-03-10 02:10:48.654054504,Withdrawal,782
T001348,C0977,2025-03-10 03:23:39.418284857,Withdrawal,735
T001349,C0883,2025-03-10 04:36:30.182515209,Withdrawal,3494
T001350,C2246,2025-03-10 05:49:20.946745562,Deposit,1504
T001351,C1038,2025-03-10 07:02:11.710975915,Transfer,12941
T001352,C1704,2025-03-10 08:15:02.475206267,Deposit,506
T001353,C0872,2025-03-10 09:27:53.239436620,Withdrawal,5757
T001354,C0457,2025-03-10 10:40:44.003666972,Transfer,2441
T001355,C1550,2025-03-10 11:53:34.767897325,Transfer,638
T001356,C0366,2025-03-10 13:06:25.532127677,Deposit,475
T001357,C2449,2025-03-10 14:19:16.296358030,Withdrawal,2298
T001358,C2158,2025-03-10 15:32:07.060588382,Deposit,4132
T001359,C2454,2025-03-10 16:44:57.824818735,Deposit,878
T001360,C2357,2025-03-10 17:57:48.589049087,Withdrawal,1387
T001361,C0160,2025-03-10 19:10:39.353279440,Withdrawal,1392
T001362,C0844,2025-03-10 20:23:30.117509792,Withdrawal,1625
T001363,C2103,2025-03-10 21:36:20.881740145,Deposit,5164
T001364,C2000,2025-03-10 22:49:11.645970497,Transfer,849
T001365,C2304,2025-03-11 00:02:02.410200850,Withdrawal,26651
T001366,C2470,2025-03-11 01:14:53.174431202,Withdrawal,14813
T001367,C1639,2025-03-11 02:27:43.938661555,Withdrawal,5481
T001368,C2312,2025-03-11 03:40:34.702891908,Transfer,4527
T001369,C0233,2025-03-11 04:53:25.467122260,Transfer,2089
T001370,C0233,2025-03-11 06:06:16.231352613,Withdrawal,581431
T001371,C0558,2025-03-11 07:19:06.995582965,Withdrawal,11728
T001372,C1950,2025-03-11 08:31:57.759813318,Withdrawal,1641
T001373,C1460,2025-03-11 09:44:48.524043670,Deposit,833
T001374,C0335,2025-03-11 10:57:39.288274023,Deposit,3623
T001375,C2452,2025-03-11 12:10:30.052504375,Deposit,1248
T001376,C0256,2025-03-11 13:23:20.816734728,Withdrawal,6465
T001377,C1090,2025-03-11 14:36:11.580965080,Deposit,1075
T001378,C0772,2025-03-11 15:49:02.345195433,Withdrawal,4288
T001379,C0946,2025-03-11 17:01:53.109425785,Deposit,613
T001380,C1112,2025-03-11 18:14:43.873656138,Withdrawal,1616
T001381,C0311,2025-03-11 19:27:34.637886490,Transfer,2895
T001382,C1595,2025-03-11 20:40:25.402116843,Deposit,3622
T001383,C1282,2025-03-11 21:53:16.166347195,Withdrawal,731
T001384,C1582,2025-03-11 23:06:06.930577548,Withdrawal,2209
T001385,C2177,2025-03-12 00:18:57.694807901,Deposit,2356
T001386,C2374,2025-03-12 01:31:48.459038253,Withdrawal,2689
T001387,C0790,2025-03-12 02:44:39.223268606,Withdrawal,2457
T001388,C2065,2025-03-12 03:57:29.987498958,Withdrawal,2911
T001389,C0342,2025-03-12 05:10:20.751729311,Withdrawal,1261
T001390,C1003,2025-03-12 06:23:11.515959663,Transfer,2366
T001391,C0838,2025-03-12 07:36:02.280190016,Transfer,4032
T001392,C0628,2025-03-12 08:48:53.044420368,Transfer,2674
T001393,C1273,2025-03-12 10:01:43.808650721,Transfer,2778
T001394,C0710,2025-03-12 11:14:34.572881073,Deposit,914
T001395,C0739,2025-03-12 12:27:25.337111426,Deposit,1655
T001396,C2225,2025-03-12 13:40:16.101341778,Transfer,294
T001397,C1779,2025-03-12 14:53:06.865572131,Withdrawal,2651
T001398,C0946,2025-03-12 16:05:57.629802483,Withdrawal,1018
T001399,C2405,2025-03-12 17:18:48.394032836,Withdrawal,2141
T001400,C0495,2025-03-12 18:31:39.158263188,Deposit,2105
T001401,C0035,2025-03-12 19:44:29.922493541,Withdrawal,1225
T001402,C1431,2025-03-12 20:57:20.686723894,Withdrawal,8468
T001403,C1992,2025-03-12 22:10:11.450954246,Withdrawal,5199
T001404,C0818,2025-03-12 23:23:02.215184599,Withdrawal,457
T001405,C0010,2025-03-13 00:35:52.979414951,Transfer,3486
T001406,C0986,2025-03-13 01:48:43.743645304,Deposit,1496
T001407,C1738,2025-03-13 03:01:34.507875656,Withdrawal,340
T001408,C1559,2025-03-13 04:14:25.272106009,Withdrawal,2302
T001409,C2143,2025-03-13 05:27:16.036336361,Withdrawal,3963
T001410,C0450,2025-03-13 06:40:06.800566714,Withdrawal,1246
T001411,C1244,2025-03-13 07:52:57.564797066,Transfer,264
T001412,C2144,2025-03-13 09:05:48.329027419,Withdrawal,3005
T001413,C0865,2025-03-13 10:18:39.093257771,Deposit,1098
T001414,C1801,2025-03-13 11:31:29.857488124,Withdrawal,672
T001415,C0207,2025-03-13 12:44:20.621718476,Deposit,1227
T001416,C1810,2025-03-13 13:57:11.385948829,Deposit,392
T001417,C0850,2025-03-13 15:10:02.150179181,Deposit,1978
T001418,C0246,2025-03-13 16:22:52.914409534,Withdrawal,1152
T001419,C1735,2025-03-13 17:35:43.678639887,Deposit,4841
T001420,C1998,2025-03-13 18:48:34.442870239,Deposit,8161
T001421,C2131,2025-03-13 20:01:25.207100592,Withdrawal,9268
T001422,C0317,2025-03-13 21:14:15.971330944,Withdrawal,790
T001423,C2418,2025-03-13 22:27:06.735561297,Withdrawal,633
T001424,C1720,2025-03-13 23:39:57.499791649,Transfer,1039
T001425,C2228,2025-03-14 00:52:48.264022002,Withdrawal,1362
T001426,C1807,2025-03-14 02:05:39.028252354,Withdrawal,261
T001427,C0600,2025-03-14 03:18:29.792482707,Deposit,939
T001428,C1107,2025-03-14 04:31:20.556713059,Withdrawal,3447
T001429,C1556,2025-03-14 05:44:11.320943412,Withdrawal,2418
T001430,C0841,2025-03-14 06:57:02.085173764,Deposit,2197
T001431,C0348,2025-03-14 08:09:52.849404117,Withdrawal,1481
T001432,C1296,2025-03-14 09:22:43.613634469,Withdrawal,7081
T001433,C0331,2025-03-14 10:35:34.377864822,Withdrawal,779
T001434,C0610,2025-03-14 11:48:25.142095174,Withdrawal,5337
T001435,C1945,2025-03-14 13:01:15.906325527,Deposit,2739
T001436,C0744,2025-03-14 14:14:06.670555880,Withdrawal,1638
T001437,C0569,2025-03-14 15:26:57.434786232,Withdrawal,786
T001438,C1685,2025-03-14 16:39:48.199016585,Deposit,1440
T001439,C2437,2025-03-14 17:52:38.963246937,Withdrawal,521
T001440,C0971,2025-03-14 19:05:29.727477290,Transfer,5716
T001441,C0747,2025-03-14 20:18:20.491707642,Deposit,1221
T001442,C2185,2025-03-14 21:31:11.255937995,Transfer,2751
T001443,C1765,2025-03-14 22:44:02.020168347,Deposit,1265
T001444,C1385,2025-03-14 23:56:52.784398700,Transfer,2636
T001445,C2330,2025-03-15 01:09:43.548629052,Deposit,15142
T001446,C1226,2025-03-15 02:22:34.312859405,Deposit,986
T001447,C1019,2025-03-15 03:35:25.077089757,Deposit,767
T001448,C0016,2025-03-15 04:48:15.841320110,Transfer,1652
T001449,C0568,2025-03-15 06:01:06.605550462,Withdrawal,6278
T001450,C2025,2025-03-15 07:13:57.369780815,Withdrawal,1644
T001451,C1614,2025-03-15 08:26:48.134011167,Transfer,7673
T001452,C2078,2025-03-15 09:39:38.898241520,Deposit,1082
T001453,C1543,2025-03-15 10:52:29.662471873,Deposit,258
T001454,C1932,2025-03-15 12:05:20.426702225,Withdrawal,2514
T001455,C2070,2025-03-15 13:18:11.190932578,Deposit,3613
T001456,C1455,2025-03-15 14:31:01.955162930,Deposit,3553
T001457,C1703,2025-03-15 15:43:52.719393283,Withdrawal,993
T001458,C1434,2025-03-15 16:56:43.483623635,Deposit,511
T001459,C0325,2025-03-15 18:09:34.247853988,Deposit,602
T001460,C1322,2025-03-15 19:22:25.012084340,Deposit,275
T001461,C2229,2025-03-15 20:35:15.776314693,Deposit,504
T001462,C0122,2025-03-15 21:48:06.540545045,Withdrawal,2893
T001463,C2172,2025-03-15 23:00:57.304775398,Deposit,156
T001464,C1477,2025-03-16 00:13:48.069005750,Deposit,1630
T001465,C0266,2025-03-16 01:26:38.833236103,Withdrawal,8217
T001466,C0028,2025-03-16 02:39:29.597466455,Transfer,5566
T001467,C1283,2025-03-16 03:52:20.361696808,Withdrawal,1548
T001468,C2125,2025-03-16 05:05:11.125927160,Withdrawal,1270
T001469,C0432,2025-03-16 06:18:01.890157513,Withdrawal,4695
T001470,C0879,2025-03-16 07:30:52.654387866,Withdrawal,1062
T001471,C1059,2025-03-16 08:43:43.418618218,Transfer,3735
T001472,C0436,2025-03-16 09:56:34.182848571,Transfer,1635
T001473,C1086,2025-03-16 11:09:24.947078923,Withdrawal,267
T001474,C2100,2025-03-16 12:22:15.711309276,Withdrawal,4056
T001475,C2164,2025-03-16 13:35:06.475539628,Withdrawal,2206
T001476,C2095,2025-03-16 14:47:57.239769981,Deposit,647
T001477,C2486,2025-03-16 16:00:48.004000333,Transfer,881
T001478,C0101,2025-03-16 17:13:38.768230686,Withdrawal,18017
T001479,C1303,2025-03-16 18:26:29.532461038,Withdrawal,207
T001480,C2155,2025-03-16 19:39:20.296691391,Deposit,1163
T001481,C0983,2025-03-16 20:52:11.060921743,Deposit,1210
T001482,C2407,2025-03-16 22:05:01.825152096,Deposit,1911
T001483,C0887,2025-03-16 23:17:52.589382448,Deposit,796
T001484,C0800,2025-03-17 00:30:43.353612801,Withdrawal,1103
T001485,C1026,2025-03-17 01:43:34.117843153,Deposit,906
T001486,C1516,2025-03-17 02:56:24.882073506,Transfer,203
T001487,C1904,2025-03-17 04:09:15.646303859,Deposit,4154
T001488,C1914,2025-03-17 05:22:06.410534211,Deposit,929
T001489,C1296,2025-03-17 06:34:57.174764564,Withdrawal,4473
T001490,C1168,2025-03-17 07:47:47.938994916,Deposit,3792
T001491,C0435,2025-03-17 09:00:38.703225269,Transfer,3871
T001492,C1475,2025-03-17 10:13:29.467455621,Withdrawal,610
T001493,C0916,2025-03-17 11:26:20.231685974,Deposit,414
T001494,C2276,2025-03-17 12:39:10.995916326,Deposit,2076
T001495,C0545,2025-03-17 13:52:01.760146679,Deposit,782
T001496,C1238,2025-03-17 15:04:52.524377031,Withdrawal,10409
T001497,C0648,2025-03-17 16:17:43.288607384,Deposit,4789
T001498,C2296,2025-03-17 17:30:34.052837736,Withdrawal,134
T001499,C1432,2025-03-17 18:43:24.817068089,Withdrawal,3232
T001500,C1077,2025-03-17 19:56:15.581298441,Withdrawal,12117
T001501,C1600,2025-03-17 21:09:06.345528794,Deposit,2632
T001502,C2362,2025-03-17 22:21:57.109759146,Withdrawal,530
T001503,C0037,2025-03-17 23:34:47.873989499,Deposit,3484
T001504,C0724,2025-03-18 00:47:38.638219852,Withdrawal,11440
T001505,C1548,2025-03-18 02:00:29.402450204,Deposit,505
T001506,C0980,2025-03-18 03:13:20.166680557,Deposit,5997
T001507,C0084,2025-03-18 04:26:10.930910909,Withdrawal,922
T001508,C1118,2025-03-18 05:39:01.695141262,Withdrawal,1106
T001509,C1366,2025-03-18 06:51:52.459371614,Deposit,502
T001510,C0719,2025-03-18 08:04:43.223601967,Deposit,1645
T001511,C0550,2025-03-18 09:17:33.987832319,Transfer,668
T001512,C1372,2025-03-18 10:30:24.752062672,Deposit,3068
T001513,C0587,2025-03-18 11:43:15.516293024,Deposit,307
T001514,C1865,2025-03-18 12:56:06.280523377,Deposit,1299
T001515,C0152,2025-03-18 14:08:57.044753729,Withdrawal,1447
T001516,C1062,2025-03-18 15:21:47.808984082,Withdrawal,2517
T001517,C2213,2025-03-18 16:34:38.573214434,Deposit,4405
T001518,C1568,2025-03-18 17:47:29.337444787,Withdrawal,8879
T001519,C0212,2025-03-18 19:00:20.101675139,Withdrawal,1387
T001520,C0742,2025-03-18 20:13:10.865905492,Withdrawal,1369
T001521,C2180,2025-03-18 21:26:01.630135845,Transfer,5733
T001522,C0096,2025-03-18 22:38:52.394366197,Deposit,1113
T001523,C1527,2025-03-18 23:51:43.158596550,Transfer,1393
T001524,C0522,2025-03-19 01:04:33.922826902,Transfer,1821
T001525,C2422,2025-03-19 02:17:24.687057255,Deposit,3901
T001526,C1040,2025-03-19 03:30:15.451287607,Transfer,765
T001527,C1703,2025-03-19 04:43:06.215517960,Withdrawal,389
T001528,C0018,2025-03-19 05:55:56.979748312,Transfer,2815
T001529,C1720,2025-03-19 07:08:47.743978665,Withdrawal,3664
T001530,C0978,2025-03-19 08:21:38.508209017,Deposit,1724
T001531,C0879,2025-03-19 09:34:29.272439370,Withdrawal,328
T001532,C0594,2025-03-19 10:47:20.036669722,Deposit,993
T001533,C0643,2025-03-19 12:00:10.800900075,Deposit,1728
T001534,C2177,2025-03-19 13:13:01.565130427,Withdrawal,3735
T001535,C0801,2025-03-19 14:25:52.329360780,Transfer,1897
T001536,C0455,2025-03-19 15:38:43.093591132,Withdrawal,511
T001537,C1610,2025-03-19 16:51:33.857821485,Withdrawal,4758
T001538,C0876,2025-03-19 18:04:24.622051838,Deposit,456
T001539,C1096,2025-03-19 19:17:15.386282190,Withdrawal,3290
T001540,C1014,2025-03-19 20:30:06.150512543,Withdrawal,753
T001541,C1111,2025-03-19 21:42:56.914742895,Deposit,469
T001542,C2449,2025-03-19 22:55:47.678973248,Deposit,3120
T001543,C0462,2025-03-20 00:08:38.443203600,Withdrawal,1613
T001544,C2137,2025-03-20 01:21:29.207433953,Withdrawal,1174
T001545,C2054,2025-03-20 02:34:19.971664305,Deposit,684
T001546,C0945,2025-03-20 03:47:10.735894658,Transfer,11352
T001547,C0084,2025-03-20 05:00:01.500125010,Transfer,722
T001548,C1440,2025-03-20 06:12:52.264355363,Withdrawal,6156
T001549,C1136,2025-03-20 07:25:43.028585715,Withdrawal,582
T001550,C2220,2025-03-20 08:38:33.792816068,Deposit,1511
T001551,C0699,2025-03-20 09:51:24.557046420,Deposit,3210
T001552,C1821,2025-03-20 11:04:15.321276773,Transfer,3584
T001553,C2321,2025-03-20 12:17:06.085507125,Withdrawal,570
T001554,C0530,2025-03-20 13:29:56.849737478,Withdrawal,526
T001555,C0319,2025-03-20 14:42:47.613967831,Deposit,3738
T001556,C1099,2025-03-20 15:55:38.378198183,Transfer,3514
T001557,C2477,2025-03-20 17:08:29.142428536,Deposit,2607
T001558,C0249,2025-03-20 18:21:19.906658888,Deposit,616
T001559,C0387,2025-03-20 19:34:10.670889241,Deposit,873
T001560,C1958,2025-03-20 20:47:01.435119593,Withdrawal,1472
T001561,C1891,2025-03-20 21:59:52.199349946,Withdrawal,6799
T001562,C0363,2025-03-20 23:12:42.963580298,Withdrawal,3868
T001563,C2116,2025-03-21 00:25:33.727810651,Deposit,2222
T001564,C2486,2025-03-21 01:38:24.492041003,Transfer,1676
T001565,C1556,2025-03-21 02:51:15.256271356,Transfer,3383
T001566,C1807,2025-03-21 04:04:06.020501708,Deposit,2264
T001567,C0296,2025-03-21 05:16:56.784732061,Transfer,2314
T001568,C1992,2025-03-21 06:29:47.548962413,Transfer,5685
T001569,C2081,2025-03-21 07:42:38.313192766,Deposit,151
T001570,C1398,2025-03-21 08:55:29.077423118,Deposit,339
T001571,C0032,2025-03-21 10:08:19.841653471,Transfer,2770
T001572,C0555,2025-03-21 11:21:10.605883824,Deposit,1246
T001573,C0305,2025-03-21 12:34:01.370114176,Deposit,2810
T001574,C0793,2025-03-21 13:46:52.134344529,Withdrawal,1002
T001575,C1132,2025-03-21 14:59:42.898574881,Withdrawal,3163
T001576,C0096,2025-03-21 16:12:33.662805234,Withdrawal,1311
T001577,C1090,2025-03-21 17:25:24.427035586,Withdrawal,6327
T001578,C0230,2025-03-21 18:38:15.191265939,Withdrawal,2515
T001579,C0358,2025-03-21 19:51:05.955496291,Deposit,804
T001580,C0402,2025-03-21 21:03:56.719726644,Deposit,440
T001581,C0790,2025-03-21 22:16:47.483956996,Withdrawal,3444
T001582,C0099,2025-03-21 23:29:38.248187349,Transfer,2460
T001583,C0271,2025-03-22 00:42:29.012417701,Transfer,3074
T001584,C1799,2025-03-22 01:55:19.776648054,Withdrawal,1229
T001585,C0362,2025-03-22 03:08:10.540878406,Deposit,3751
T001586,C1188,2025-03-22 04:21:01.305108759,Transfer,828
T001587,C0540,2025-03-22 05:33:52.069339111,Deposit,2278
T001588,C1866,2025-03-22 06:46:42.833569464,Deposit,5475
T001589,C0833,2025-03-22 07:59:33.597799817,Transfer,1208
T001590,C2445,2025-03-22 09:12:24.362030169,Withdrawal,1193
T001591,C1060,2025-03-22 10:25:15.126260522,Deposit,2049
T001592,C0314,2025-03-22 11:38:05.890490874,Transfer,4638
T001593,C1300,2025-03-22 12:50:56.654721227,Transfer,13201
T001594,C0233,2025-03-22 14:03:47.418951579,Deposit,2067
T001595,C1640,2025-03-22 15:16:38.183181932,Transfer,1464
T001596,C1030,2025-03-22 16:29:28.947412284,Withdrawal,728
T001597,C0244,2025-03-22 17:42:19.711642637,Deposit,565
T001598,C2289,2025-03-22 18:55:10.475872989,Transfer,3744
T001599,C2123,2025-03-22 20:08:01.240103342,Deposit,226
T001600,C2331,2025-03-22 21:20:52.004333694,Deposit,957
T001601,C1559,2025-03-22 22:33:42.768564047,Deposit,4468
T001602,C0087,2025-03-22 23:46:33.532794399,Withdrawal,2772
T001603,C0881,2025-03-23 00:59:24.297024752,Deposit,599
T001604,C1173,2025-03-23 02:12:15.061255104,Transfer,3866
T001605,C0160,2025-03-23 03:25:05.825485457,Withdrawal,1470
T001606,C2494,2025-03-23 04:37:56.589715810,Deposit,597
T001607,C2130,2025-03-23 05:50:47.353946162,Withdrawal,1263
T001608,C2230,2025-03-23 07:03:38.118176515,Withdrawal,1416
T001609,C1550,2025-03-23 08:16:28.882406867,Deposit,907
T001610,C0478,2025-03-23 09:29:19.646637220,Deposit,3758
T001611,C2231,2025-03-23 10:42:10.410867572,Withdrawal,2351
T001612,C1580,2025-03-23 11:55:01.175097925,Deposit,1711
T001613,C2222,2025-03-23 13:07:51.939328277,Transfer,3700
T001614,C2062,2025-03-23 14:20:42.703558630,Deposit,4823
T001615,C1961,2025-03-23 15:33:33.467788982,Withdrawal,1151
T001616,C2121,2025-03-23 16:46:24.232019335,Withdrawal,5879
T001617,C1746,2025-03-23 17:59:14.996249687,Withdrawal,1919
T001618,C0602,2025-03-23 19:12:05.760480040,Deposit,1804
T001619,C2391,2025-03-23 20:24:56.524710392,Deposit,1393
T001620,C1420,2025-03-23 21:37:47.288940745,Deposit,32608
T001621,C1919,2025-03-23 22:50:38.053171097,Withdrawal,2160
T001622,C0333,2025-03-24 00:03:28.817401450,Deposit,2250
T001623,C0355,2025-03-24 01:16:19.581631803,Deposit,2454
T001624,C0847,2025-03-24 02:29:10.345862155,Deposit,653
T001625,C0163,2025-03-24 03:42:01.110092508,Transfer,3083
T001626,C0116,2025-03-24 04:54:51.874322860,Transfer,1793
T001627,C1103,2025-03-24 06:07:42.638553213,Withdrawal,1208
T001628,C1471,2025-03-24 07:20:33.402783565,Deposit,435
T001629,C1907,2025-03-24 08:33:24.167013918,Deposit,1656
T001630,C1047,2025-03-24 09:46:14.931244270,Withdrawal,6147
T001631,C0543,2025-03-24 10:59:05.695474623,Withdrawal,1564
T001632,C0414,2025-03-24 12:11:56.459704975,Deposit,4996
T001633,C0682,2025-03-24 13:24:47.223935328,Deposit,2507
T001634,C0642,2025-03-24 14:37:37.988165680,Withdrawal,1064
T001635,C1433,2025-03-24 15:50:28.752396033,Deposit,3265
T001636,C0669,2025-03-24 17:03:19.516626385,Deposit,1690
T001637,C2070,2025-03-24 18:16:10.280856738,Deposit,3881
T001638,C0969,2025-03-24 19:29:01.045087090,Deposit,2061
T001639,C1705,2025-03-24 20:41:51.809317443,Deposit,1467
T001640,C1181,2025-03-24 21:54:42.573547796,Deposit,1182
T001641,C2378,2025-03-24 23:07:33.337778148,Deposit,707
T001642,C1046,2025-03-25 00:20:24.102008501,Deposit,787
T001643,C1496,2025-03-25 01:33:14.866238853,Deposit,752
T001644,C1288,2025-03-25 02:46:05.630469206,Deposit,1304
T001645,C1799,2025-03-25 03:58:56.394699558,Deposit,584
T001646,C0724,2025-03-25 05:11:47.158929911,Withdrawal,2222
T001647,C1160,2025-03-25 06:24:37.923160263,Transfer,2844
T001648,C0252,2025-03-25 07:37:28.687390616,Transfer,3100
T001649,C0205,2025-03-25 08:50:19.451620968,Withdrawal,4550
T001650,C1880,2025-03-25 10:03:10.215851321,Withdrawal,709
T001651,C0791,2025-03-25 11:16:00.980081673,Deposit,333
T001652,C1085,2025-03-25 12:28:51.744312026,Transfer,1881
T001653,C0465,2025-03-25 13:41:42.508542378,Withdrawal,1885
T001654,C1842,2025-03-25 14:54:33.272772731,Transfer,2719
T001655,C1326,2025-03-25 16:07:24.037003083,Deposit,750
T001656,C1496,2025-03-25 17:20:14.801233436,Deposit,1257
T001657,C0394,2025-03-25 18:33:05.565463789,Deposit,8352
T001658,C1631,2025-03-25 19:45:56.329694141,Transfer,908
T001659,C2029,2025-03-25 20:58:47.093924494,Deposit,11333
T001660,C0912,2025-03-25 22:11:37.858154846,Withdrawal,2888
T001661,C1283,2025-03-25 23:24:28.622385199,Deposit,2420
T001662,C1211,2025-03-26 00:37:19.386615551,Transfer,858
T001663,C1236,2025-03-26 01:50:10.150845904,Deposit,3612
T001664,C1059,2025-03-26 03:03:00.915076256,Transfer,1607
T001665,C1171,2025-03-26 04:15:51.679306609,Deposit,1798
T001666,C1273,2025-03-26 05:28:42.443536961,Withdrawal,1318
T001667,C0057,2025-03-26 06:41:33.207767314,Deposit,2419
T001668,C1893,2025-03-26 07:54:23.971997666,Transfer,2578
T001669,C1749,2025-03-26 09:07:14.736228019,Withdrawal,677
T001670,C0361,2025-03-26 10:20:05.500458371,Deposit,698
T001671,C2282,2025-03-26 11:32:56.264688724,Withdrawal,8653
T001672,C1949,2025-03-26 12:45:47.028919076,Deposit,917
T001673,C0223,2025-03-26 13:58:37.793149429,Deposit,3014
T001674,C1640,2025-03-26 15:11:28.557379782,Withdrawal,3136
T001675,C0327,2025-03-26 16:24:19.321610134,Withdrawal,152
T001676,C1122,2025-03-26 17:37:10.085840487,Withdrawal,990
T001677,C1250,2025-03-26 18:50:00.850070839,Withdrawal,2289
T001678,C1758,2025-03-26 20:02:51.614301192,Withdrawal,25881
T001679,C0836,2025-03-26 21:15:42.378531544,Transfer,7377
T001680,C0985,2025-03-26 22:28:33.142761897,Deposit,2408
T001681,C1358,2025-03-26 23:41:23.906992249,Withdrawal,1387
T001682,C0792,2025-03-27 00:54:14.671222602,Transfer,2290
T001683,C1887,2025-03-27 02:07:05.435452954,Withdrawal,459
T001684,C0382,2025-03-27 03:19:56.199683307,Withdrawal,1156
T001685,C1447,2025-03-27 04:32:46.963913659,Withdrawal,571
T001686,C1372,2025-03-27 05:45:37.728144012,Transfer,716
T001687,C1875,2025-03-27 06:58:28.492374364,Withdrawal,2531
T001688,C2500,2025-03-27 08:11:19.256604717,Deposit,16430
T001689,C2009,2025-03-27 09:24:10.020835069,Withdrawal,3153
T001690,C1143,2025-03-27 10:37:00.785065422,Deposit,819
T001691,C0214,2025-03-27 11:49:51.549295775,Deposit,888
T001692,C0565,2025-03-27 13:02:42.313526127,Withdrawal,736
T001693,C0732,2025-03-27 14:15:33.077756480,Deposit,805
T001694,C0439,2025-03-27 15:28:23.841986832,Withdrawal,1030
T001695,C1589,2025-03-27 16:41:14.606217185,Withdrawal,634
T001696,C0629,2025-03-27 17:54:05.370447537,Transfer,1692
T001697,C0903,2025-03-27 19:06:56.134677890,Deposit,1328
T001698,C1471,2025-03-27 20:19:46.898908242,Deposit,285
T001699,C0395,2025-03-27 21:32:37.663138595,Deposit,838
T001700,C0247,2025-03-27 22:45:28.427368947,Deposit,1451
T001701,C2296,2025-03-27 23:58:19.191599300,Deposit,344
T001702,C1637,2025-03-28 01:11:09.955829652,Transfer,2467
T001703,C1473,2025-03-28 02:24:00.720060005,Deposit,613
T001704,C2132,2025-03-28 03:36:51.484290357,Withdrawal,21343
T001705,C1245,2025-03-28 04:49:42.248520710,Deposit,6871
T001706,C2099,2025-03-28 06:02:33.012751062,Deposit,930
T001707,C0981,2025-03-28 07:15:23.776981415,Deposit,5873
T001708,C1211,2025-03-28 08:28:14.541211768,Withdrawal,5107
T001709,C1549,2025-03-28 09:41:05.305442120,Transfer,594
T001710,C0419,2025-03-28 10:53:56.069672473,Withdrawal,337
T001711,C2135,2025-03-28 12:06:46.833902825,Withdrawal,1046
T001712,C0259,2025-03-28 13:19:37.598133178,Withdrawal,6309
T001713,C2359,2025-03-28 14:32:28.362363530,Deposit,3440
T001714,C2221,2025-03-28 15:45:19.126593883,Withdrawal,604
T001715,C1520,2025-03-28 16:58:09.890824235,Withdrawal,2092
T001716,C1269,2025-03-28 18:11:00.655054588,Withdrawal,1573
T001717,C0940,2025-03-28 19:23:51.419284940,Deposit,1144
T001718,C2377,2025-03-28 20:36:42.183515293,Transfer,254
T001719,C0196,2025-03-28 21:49:32.947745645,Withdrawal,171
T001720,C0062,2025-03-28 23:02:23.711975998,Deposit,2836
T001721,C0562,2025-03-29 00:15:14.476206350,Withdrawal,988
T001722,C0040,2025-03-29 01:28:05.240436703,Deposit,10019
T001723,C1768,2025-03-29 02:40:56.004667055,Deposit,1513
T001724,C2038,2025-03-29 03:53:46.768897408,Withdrawal,3030
T001725,C1876,2025-03-29 05:06:37.533127761,Deposit,627610
T001726,C0788,2025-03-29 06:19:28.297358113,Deposit,1699
T001727,C1877,2025-03-29 07:32:19.061588466,Deposit,630
T001728,C0002,2025-03-29 08:45:09.825818818,Deposit,17527
T001729,C1493,2025-03-29 09:58:00.590049171,Deposit,3077
T001730,C1130,2025-03-29 11:10:51.354279523,Deposit,1119
T001731,C2264,2025-03-29 12:23:42.118509876,Deposit,2435
T001732,C0777,2025-03-29 13:36:32.882740228,Transfer,5097
T001733,C1783,2025-03-29 14:49:23.646970581,Transfer,787
T001734,C0414,2025-03-29 16:02:14.411200933,Transfer,1812
T001735,C0210,2025-03-29 17:15:05.175431286,Deposit,1950
T001736,C1964,2025-03-29 18:27:55.939661638,Withdrawal,2023
T001737,C2091,2025-03-29 19:40:46.703891991,Withdrawal,6951
T001738,C2186,2025-03-29 20:53:37.468122343,Deposit,1862
T001739,C1645,2025-03-29 22:06:28.232352696,Transfer,987
T001740,C1584,2025-03-29 23:19:18.996583048,Transfer,995
T001741,C0726,2025-03-30 00:32:09.760813401,Withdrawal,3504
T001742,C1413,2025-03-30 01:45:00.525043754,Deposit,891
T001743,C1222,2025-03-30 02:57:51.289274106,Withdrawal,1269
T001744,C2250,2025-03-30 04:10:42.053504459,Deposit,2077
T001745,C2240,2025-03-30 05:23:32.817734811,Deposit,4982
T001746,C0107,2025-03-30 06:36:23.581965164,Withdrawal,542
T001747,C0327,2025-03-30 07:49:14.346195516,Deposit,157
T001748,C0644,2025-03-30 09:02:05.110425869,Deposit,7047
T001749,C0357,2025-03-30 10:14:55.874656221,Deposit,1177
T001750,C1308,2025-03-30 11:27:46.638886574,Withdrawal,6045
T001751,C0508,2025-03-30 12:40:37.403116926,Transfer,912
T001752,C2154,2025-03-30 13:53:28.167347279,Withdrawal,1946
T001753,C1090,2025-03-30 15:06:18.931577631,Deposit,2588
T001754,C0195,2025-03-30 16:19:09.695807984,Withdrawal,5006
T001755,C1212,2025-03-30 17:32:00.460038336,Withdrawal,2633
T001756,C0047,2025-03-30 18:44:51.224268689,Transfer,2007
T001757,C1386,2025-03-30 19:57:41.988499041,Withdrawal,1073
T001758,C1602,2025-03-30 21:10:32.752729394,Deposit,4084
T001759,C1511,2025-03-30 22:23:23.516959747,Deposit,864
T001760,C0847,2025-03-30 23:36:14.281190099,Transfer,2806
T001761,C1603,2025-03-31 00:49:05.045420452,Deposit,420
T001762,C0709,2025-03-31 02:01:55.809650804,Withdrawal,4566
T001763,C0808,2025-03-31 03:14:46.573881157,Deposit,2422
T001764,C0115,2025-03-31 04:27:37.338111509,Withdrawal,2618
T001765,C0631,2025-03-31 05:40:28.102341862,Deposit,588
T001766,C2267,2025-03-31 06:53:18.866572214,Deposit,5475
T001767,C0197,2025-03-31 08:06:09.630802567,Deposit,1921
T001768,C0401,2025-03-31 09:19:00.395032919,Withdrawal,710
T001769,C2040,2025-03-31 10:31:51.159263272,Deposit,1852
T001770,C0076,2025-03-31 11:44:41.923493624,Withdrawal,865
T001771,C1450,2025-03-31 12:57:32.687723977,Deposit,3508
T001772,C0287,2025-03-31 14:10:23.451954329,Withdrawal,698
T001773,C1569,2025-03-31 15:23:14.216184682,Withdrawal,2833
T001774,C1323,2025-03-31 16:36:04.980415034,Withdrawal,2427
T001775,C0861,2025-03-31 17:48:55.744645387,Withdrawal,548
T001776,C0742,2025-03-31 19:01:46.508875740,Transfer,1671
T001777,C1731,2025-03-31 20:14:37.273106092,Deposit,10817
T001778,C2342,2025-03-31 21:27:28.037336445,Deposit,4291
T001779,C0809,2025-03-31 22:40:18.801566797,Withdrawal,2295
T001780,C1960,2025-03-31 23:53:09.565797150,Withdrawal,1643
T001781,C0414,2025-04-01 01:06:00.330027502,Withdrawal,7219
T001782,C0431,2025-04-01 02:18:51.094257855,Withdrawal,10488
T001783,C1814,2025-04-01 03:31:41.858488207,Withdrawal,1065
T001784,C1254,2025-04-01 04:44:32.622718560,Transfer,7547
T001785,C1919,2025-04-01 05:57:23.386948912,Withdrawal,964
T001786,C2219,2025-04-01 07:10:14.151179265,Deposit,2249
T001787,C1341,2025-04-01 08:23:04.915409617,Transfer,4698
T001788,C0544,2025-04-01 09:35:55.679639970,Transfer,759
T001789,C1515,2025-04-01 10:48:46.443870322,Deposit,5277
T001790,C1412,2025-04-01 12:01:37.208100675,Deposit,1252
T001791,C0072,2025-04-01 13:14:27.972331027,Withdrawal,9114
T001792,C1023,2025-04-01 14:27:18.736561380,Deposit,2396
T001793,C0532,2025-04-01 15:40:09.500791732,Deposit,2789
T001794,C2287,2025-04-01 16:53:00.265022085,Transfer,1239
T001795,C0577,2025-04-01 18:05:51.029252438,Deposit,2165
T001796,C1113,2025-04-01 19:18:41.793482790,Deposit,2827
T001797,C1946,2025-04-01 20:31:32.557713143,Withdrawal,2647
T001798,C0713,2025-04-01 21:44:23.321943495,Deposit,749
T001799,C1559,2025-04-01 22:57:14.086173848,Transfer,1525
T001800,C0642,2025-04-02 00:10:04.850404200,Deposit,736
T001801,C2238,2025-04-02 01:22:55.614634553,Withdrawal,376
T001802,C0812,2025-04-02 02:35:46.378864905,Deposit,1212
T001803,C1015,2025-04-02 03:48:37.143095258,Withdrawal,1299
T001804,C1363,2025-04-02 05:01:27.907325610,Withdrawal,4566
T001805,C2022,2025-04-02 06:14:18.671555963,Transfer,11179
T001806,C1541,2025-04-02 07:27:09.435786315,Withdrawal,1205
T001807,C1862,2025-04-02 08:40:00.200016668,Transfer,380
T001808,C0784,2025-04-02 09:52:50.964247020,Withdrawal,4116
T001809,C0671,2025-04-02 11:05:41.728477373,Transfer,1865
T001810,C0847,2025-04-02 12:18:32.492707725,Deposit,2395
T001811,C1242,2025-04-02 13:31:23.256938078,Withdrawal,5258
T001812,C1278,2025-04-02 14:44:14.021168431,Deposit,677
T001813,C1385,2025-04-02 15:57:04.785398783,Deposit,1082
T001814,C1765,2025-04-02 17:09:55.549629136,Withdrawal,694
T001815,C0178,2025-04-02 18:22:46.313859488,Withdrawal,1021
T001816,C0276,2025-04-02 19:35:37.078089841,Withdrawal,628
T001817,C2360,2025-04-02 20:48:27.842320193,Deposit,3563
T001818,C1666,2025-04-02 22:01:18.606550546,Deposit,3376
T001819,C0791,2025-04-02 23:14:09.370780898,Deposit,1213
T001820,C1677,2025-04-03 00:27:00.135011251,Transfer,2288
T001821,C1425,2025-04-03 01:39:50.899241603,Deposit,2513
T001822,C1241,2025-04-03 02:52:41.663471956,Deposit,1854
T001823,C0027,2025-04-03 04:05:32.427702308,Deposit,3866
T001824,C2470,2025-04-03 05:18:23.191932661,Deposit,3954
T001825,C2373,2025-04-03 06:31:13.956163013,Deposit,2558
T001826,C1348,2025-04-03 07:44:04.720393366,Withdrawal,771
T001827,C1591,2025-04-03 08:56:55.484623718,Withdrawal,4385
T001828,C1727,2025-04-03 10:09:46.248854071,Transfer,7141
T001829,C0285,2025-04-03 11:22:37.013084424,Transfer,3718
T001830,C1113,2025-04-03 12:35:27.777314776,Transfer,2800
T001831,C1069,2025-04-03 13:48:18.541545129,Deposit,6221
T001832,C0912,2025-04-03 15:01:09.305775481,Deposit,30036
T001833,C1815,2025-04-03 16:14:00.070005834,Deposit,5186
T001834,C2193,2025-04-03 17:26:50.834236186,Withdrawal,764
T001835,C0082,2025-04-03 18:39:41.598466539,Withdrawal,15231
T001836,C0980,2025-04-03 19:52:32.362696891,Withdrawal,23460
T001837,C1191,2025-04-03 21:05:23.126927244,Deposit,723
T001838,C1773,2025-04-03 22:18:13.891157596,Deposit,600
T001839,C1826,2025-04-03 23:31:04.655387949,Withdrawal,2463
T001840,C1774,2025-04-04 00:43:55.419618301,Deposit,3555
T001841,C1334,2025-04-04 01:56:46.183848654,Withdrawal,678
T001842,C2008,2025-04-04 03:09:36.948079006,Transfer,1269
T001843,C0082,2025-04-04 04:22:27.712309359,Deposit,5635
T001844,C0094,2025-04-04 05:35:18.476539711,Withdrawal,321
T001845,C1345,2025-04-04 06:48:09.240770064,Withdrawal,827
T001846,C0343,2025-04-04 08:01:00.005000417,Deposit,264
T001847,C2409,2025-04-04 09:13:50.769230769,Deposit,1268
T001848,C1855,2025-04-04 10:26:41.533461122,Deposit,1368
T001849,C1090,2025-04-04 11:39:32.297691474,Withdrawal,2693
T001850,C0624,2025-04-04 12:52:23.061921827,Deposit,2955
T001851,C0868,2025-04-04 14:05:13.826152179,Transfer,1274
T001852,C2477,2025-04-04 15:18:04.590382532,Transfer,1045
T001853,C0171,2025-04-04 16:30:55.354612884,Deposit,792
T001854,C1783,2025-04-04 17:43:46.118843237,Deposit,9263
T001855,C0578,2025-04-04 18:56:36.883073589,Withdrawal,4890
T001856,C0068,2025-04-04 20:09:27.647303942,Transfer,964
T001857,C1516,2025-04-04 21:22:18.411534294,Deposit,1038
T001858,C1058,2025-04-04 22:35:09.175764647,Withdrawal,2219
T001859,C0001,2025-04-04 23:47:59.939994999,Transfer,784
T001860,C2199,2025-04-05 01:00:50.704225352,Deposit,4410
T001861,C0902,2025-04-05 02:13:41.468455704,Deposit,301
T001862,C1808,2025-04-05 03:26:32.232686057,Transfer,2800
T001863,C2306,2025-04-05 04:39:22.996916410,Deposit,2894
T001864,C0750,2025-04-05 05:52:13.761146762,Deposit,2357
T001865,C0795,2025-04-05 07:05:04.525377115,Deposit,5317
T001866,C2067,2025-04-05 08:17:55.289607467,Deposit,1578
T001867,C1820,2025-04-05 09:30:46.053837820,Transfer,1417
T001868,C2083,2025-04-05 10:43:36.818068172,Deposit,3280
T001869,C0371,2025-04-05 11:56:27.582298525,Transfer,531
T001870,C2055,2025-04-05 13:09:18.346528877,Deposit,2632
T001871,C0371,2025-04-05 14:22:09.110759230,Deposit,243
T001872,C1689,2025-04-05 15:34:59.874989582,Withdrawal,5038
T001873,C0757,2025-04-05 16:47:50.639219935,Transfer,1149
T001874,C1139,2025-04-05 18:00:41.403450287,Deposit,800
T001875,C1361,2025-04-05 19:13:32.167680640,Withdrawal,709
T001876,C1166,2025-04-05 20:26:22.931910992,Deposit,1623
T001877,C1509,2025-04-05 21:39:13.696141345,Transfer,154
T001878,C1462,2025-04-05 22:52:04.460371697,Transfer,560
T001879,C2136,2025-04-06 00:04:55.224602050,Withdrawal,4752
T001880,C0463,2025-04-06 01:17:45.988832403,Withdrawal,854
T001881,C0481,2025-04-06 02:30:36.753062755,Deposit,558
T001882,C0823,2025-04-06 03:43:27.517293108,Deposit,1329
T001883,C0524,2025-04-06 04:56:18.281523460,Deposit,310
T001884,C2259,2025-04-06 06:09:09.045753813,Deposit,1525
T001885,C0244,2025-04-06 07:21:59.809984165,Withdrawal,1610
T001886,C0239,2025-04-06 08:34:50.574214518,Withdrawal,3883
T001887,C1221,2025-04-06 09:47:41.338444870,Deposit,393
T001888,C0769,2025-04-06 11:00:32.102675223,Transfer,4903
T001889,C0235,2025-04-06 12:13:22.866905575,Transfer,4331
T001890,C2235,2025-04-06 13:26:13.631135928,Withdrawal,798
T001891,C0497,2025-04-06 14:39:04.395366280,Withdrawal,3096
T001892,C1520,2025-04-06 15:51:55.159596633,Deposit,4673
T001893,C1904,2025-04-06 17:04:45.923826985,Deposit,4705
T001894,C2235,2025-04-06 18:17:36.688057338,Deposit,2053
T001895,C1635,2025-04-06 19:30:27.452287690,Transfer,649
T001896,C0936,2025-04-06 20:43:18.216518043,Withdrawal,549
T001897,C1269,2025-04-06 21:56:08.980748396,Withdrawal,3577
T001898,C2361,2025-04-06 23:08:59.744978748,Deposit,2355
T001899,C0819,2025-04-07 00:21:50.509209101,Deposit,5521
T001900,C0022,2025-04-07 01:34:41.273439453,Deposit,742
T001901,C2116,2025-04-07 02:47:32.037669806,Transfer,4864
T001902,C2440,2025-04-07 04:00:22.801900158,Deposit,3697
T001903,C1089,2025-04-07 05:13:13.566130511,Withdrawal,1309
T001904,C1828,2025-04-07 06:26:04.330360863,Deposit,993
T001905,C1991,2025-04-07 07:38:55.094591216,Withdrawal,3268
T001906,C0729,2025-04-07 08:51:45.858821568,Withdrawal,732
T001907,C1874,2025-04-07 10:04:36.623051921,Withdrawal,2170
T001908,C0212,2025-04-07 11:17:27.387282273,Deposit,2665
T001909,C1774,2025-04-07 12:30:18.151512626,Withdrawal,841
T001910,C0200,2025-04-07 13:43:08.915742978,Withdrawal,3497
T001911,C0987,2025-04-07 14:55:59.679973331,Transfer,3249
T001912,C0178,2025-04-07 16:08:50.444203683,Deposit,3431
T001913,C1447,2025-04-07 17:21:41.208434036,Transfer,626
T001914,C0931,2025-04-07 18:34:31.972664389,Withdrawal,1273
T001915,C2037,2025-04-07 19:47:22.736894741,Deposit,610
T001916,C1486,2025-04-07 21:00:13.501125094,Withdrawal,5706
T001917,C2092,2025-04-07 22:13:04.265355446,Withdrawal,19561
T001918,C1455,2025-04-07 23:25:55.029585799,Deposit,6211
T001919,C0168,2025-04-08 00:38:45.793816151,Withdrawal,1876
T001920,C2335,2025-04-08 01:51:36.558046504,Withdrawal,650
T001921,C2385,2025-04-08 03:04:27.322276856,Withdrawal,2624
T001922,C0586,2025-04-08 04:17:18.086507209,Withdrawal,2017
T001923,C1916,2025-04-08 05:30:08.850737561,Withdrawal,867
T001924,C2231,2025-04-08 06:42:59.614967914,Deposit,472
T001925,C0016,2025-04-08 07:55:50.379198266,Deposit,739
T001926,C1604,2025-04-08 09:08:41.143428619,Withdrawal,747
T001927,C0837,2025-04-08 10:21:31.907658971,Deposit,418
T001928,C2158,2025-04-08 11:34:22.671889324,Deposit,937
T001929,C1577,2025-04-08 12:47:13.436119676,Deposit,6615
T001930,C0306,2025-04-08 14:00:04.200350029,Deposit,8000
T001931,C2054,2025-04-08 15:12:54.964580382,Withdrawal,657
T001932,C1717,2025-04-08 16:25:45.728810734,Withdrawal,3421
T001933,C0361,2025-04-08 17:38:36.493041087,Withdrawal,1084
T001934,C1209,2025-04-08 18:51:27.257271439,Deposit,3245
T001935,C1859,2025-04-08 20:04:18.021501792,Deposit,2757
T001936,C1972,2025-04-08 21:17:08.785732144,Withdrawal,8032
T001937,C1124,2025-04-08 22:29:59.549962497,Transfer,942
T001938,C1114,2025-04-08 23:42:50.314192849,Transfer,7933
T001939,C0984,2025-04-09 00:55:41.078423202,Withdrawal,1727
T001940,C1270,2025-04-09 02:08:31.842653554,Withdrawal,262
T001941,C2163,2025-04-09 03:21:22.606883907,Withdrawal,1526
T001942,C2324,2025-04-09 04:34:13.371114259,Withdrawal,5384
T001943,C2128,2025-04-09 05:47:04.135344612,Withdrawal,8099
T001944,C0179,2025-04-09 06:59:54.899574964,Deposit,2029
T001945,C0561,2025-04-09 08:12:45.663805317,Deposit,886
T001946,C2308,2025-04-09 09:25:36.428035669,Withdrawal,2223
T001947,C1810,2025-04-09 10:38:27.192266022,Transfer,2466
T001948,C0292,2025-04-09 11:51:17.956496375,Deposit,331
T001949,C0291,2025-04-09 13:04:08.720726727,Withdrawal,3151
T001950,C0542,2025-04-09 14:16:59.484957080,Withdrawal,1245
T001951,C1910,2025-04-09 15:29:50.249187432,Deposit,1203
T001952,C0594,2025-04-09 16:42:41.013417785,Withdrawal,3049
T001953,C1429,2025-04-09 17:55:31.777648137,Transfer,1037
T001954,C0948,2025-04-09 19:08:22.541878490,Deposit,2952
T001955,C1349,2025-04-09 20:21:13.306108842,Withdrawal,11928
T001956,C0381,2025-04-09 21:34:04.070339195,Deposit,937
T001957,C1705,2025-04-09 22:46:54.834569547,Transfer,824
T001958,C0310,2025-04-09 23:59:45.598799900,Withdrawal,6998
T001959,C1694,2025-04-10 01:12:36.363030252,Withdrawal,7448
T001960,C1499,2025-04-10 02:25:27.127260605,Transfer,778
T001961,C2473,2025-04-10 03:38:17.891490957,Deposit,1121
T001962,C1166,2025-04-10 04:51:08.655721310,Deposit,6468
T001963,C0661,2025-04-10 06:03:59.419951662,Withdrawal,1120
T001964,C2274,2025-04-10 07:16:50.184182015,Withdrawal,5274
T001965,C1498,2025-04-10 08:29:40.948412368,Withdrawal,400
T001966,C2073,2025-04-10 09:42:31.712642720,Deposit,3599
T001967,C2143,2025-04-10 10:55:22.476873073,Withdrawal,5982
T001968,C0565,2025-04-10 12:08:13.241103425,Withdrawal,2067
T001969,C1606,2025-04-10 13:21:04.005333778,Deposit,1114
T001970,C1200,2025-04-10 14:33:54.769564130,Withdrawal,3062
T001971,C0644,2025-04-10 15:46:45.533794483,Deposit,2100
T001972,C1432,2025-04-10 16:59:36.298024835,Transfer,7742
T001973,C1951,2025-04-10 18:12:27.062255188,Deposit,1437
T001974,C0459,2025-04-10 19:25:17.826485540,Deposit,546
T001975,C0338,2025-04-10 20:38:08.590715893,Deposit,627
T001976,C1355,2025-04-10 21:50:59.354946245,Deposit,790
T001977,C2014,2025-04-10 23:03:50.119176598,Withdrawal,2171
T001978,C0345,2025-04-11 00:16:40.883406950,Transfer,5821
T001979,C0576,2025-04-11 01:29:31.647637303,Withdrawal,1757
T001980,C1571,2025-04-11 02:42:22.411867655,Deposit,2331
T001981,C1548,2025-04-11 03:55:13.176098008,Deposit,698
T001982,C0943,2025-04-11 05:08:03.940328361,Deposit,618
T001983,C0346,2025-04-11 06:20:54.704558713,Withdrawal,5619
T001984,C0325,2025-04-11 07:33:45.468789066,Withdrawal,3883
T001985,C2139,2025-04-11 08:46:36.233019418,Withdrawal,2600
T001986,C0294,2025-04-11 09:59:26.997249771,Deposit,247
T001987,C0524,2025-04-11 11:12:17.761480123,Withdrawal,1896
T001988,C0259,2025-04-11 12:25:08.525710476,Withdrawal,1193
T001989,C1111,2025-04-11 13:37:59.289940828,Deposit,639
T001990,C1518,2025-04-11 14:50:50.054171181,Transfer,424
T001991,C2234,2025-04-11 16:03:40.818401533,Deposit,1744
T001992,C2392,2025-04-11 17:16:31.582631886,Withdrawal,1024
T001993,C0821,2025-04-11 18:29:22.346862238,Transfer,4092
T001994,C1893,2025-04-11 19:42:13.111092591,Deposit,1237
T001995,C1540,2025-04-11 20:55:03.875322943,Deposit,1570
T001996,C0569,2025-04-11 22:07:54.639553296,Withdrawal,1218
T001997,C0509,2025-04-11 23:20:45.403783648,Deposit,16002
T001998,C1564,2025-04-12 00:33:36.168014001,Withdrawal,860
T001999,C2064,2025-04-12 01:46:26.932244354,Transfer,689
T002000,C0525,2025-04-12 02:59:17.696474706,Withdrawal,185
T002001,C2248,2025-04-12 04:12:08.460705059,Withdrawal,7418
T002002,C1208,2025-04-12 05:24:59.224935411,Withdrawal,565
T002003,C0309,2025-04-12 06:37:49.989165764,Transfer,1433
T002004,C1840,2025-04-12 07:50:40.753396116,Withdrawal,1252
T002005,C1384,2025-04-12 09:03:31.517626469,Transfer,2822
T002006,C2307,2025-04-12 10:16:22.281856821,Withdrawal,689
T002007,C1943,2025-04-12 11:29:13.046087174,Deposit,113
T002008,C1181,2025-04-12 12:42:03.810317526,Deposit,1042
T002009,C2473,2025-04-12 13:54:54.574547879,Transfer,1811
T002010,C1045,2025-04-12 15:07:45.338778231,Deposit,2311
T002011,C1012,2025-04-12 16:20:36.103008584,Withdrawal,7607
T002012,C0350,2025-04-12 17:33:26.867238936,Withdrawal,3057
T002013,C0961,2025-04-12 18:46:17.631469289,Transfer,2128
T002014,C0438,2025-04-12 19:59:08.395699641,Withdrawal,1577
T002015,C0456,2025-04-12 21:11:59.159929994,Withdrawal,3507
T002016,C1570,2025-04-12 22:24:49.924160347,Transfer,1560
T002017,C1104,2025-04-12 23:37:40.688390699,Transfer,1244
T002018,C1476,2025-04-13 00:50:31.452621052,Deposit,3852
T002019,C1619,2025-04-13 02:03:22.216851404,Transfer,9030
T002020,C1513,2025-04-13 03:16:12.981081757,Deposit,463
T002021,C0643,2025-04-13 04:29:03.745312109,Withdrawal,100
T002022,C0392,2025-04-13 05:41:54.509542462,Deposit,3866
T002023,C2081,2025-04-13 06:54:45.273772814,Withdrawal,233
T002024,C0921,2025-04-13 08:07:36.038003167,Transfer,1197
T002025,C1624,2025-04-13 09:20:26.802233519,Withdrawal,2152
T002026,C1946,2025-04-13 10:33:17.566463872,Withdrawal,14742
T002027,C2458,2025-04-13 11:46:08.330694224,Deposit,6051
T002028,C1115,2025-04-13 12:58:59.094924577,Transfer,4704
T002029,C0413,2025-04-13 14:11:49.859154929,Deposit,3022
T002030,C2347,2025-04-13 15:24:40.623385282,Deposit,1377
T002031,C1789,2025-04-13 16:37:31.387615634,Withdrawal,1058
T002032,C2121,2025-04-13 17:50:22.151845987,Deposit,10330
T002033,C0261,2025-04-13 19:03:12.916076340,Withdrawal,2954
T002034,C2014,2025-04-13 20:16:03.680306692,Deposit,1774
T002035,C1336,2025-04-13 21:28:54.444537045,Deposit,3762
T002036,C0959,2025-04-13 22:41:45.208767397,Transfer,1677
T002037,C1849,2025-04-13 23:54:35.972997750,Transfer,1398
T002038,C2039,2025-04-14 01:07:26.737228102,Transfer,620
T002039,C1189,2025-04-14 02:20:17.501458455,Withdrawal,7238
T002040,C0335,2025-04-14 03:33:08.265688807,Deposit,586
T002041,C0804,2025-04-14 04:45:59.029919160,Withdrawal,1322
T002042,C2438,2025-04-14 05:58:49.794149512,Withdrawal,10723
T002043,C0972,2025-04-14 07:11:40.558379865,Deposit,3709
T002044,C1095,2025-04-14 08:24:31.322610217,Deposit,1370
T002045,C0941,2025-04-14 09:37:22.086840570,Deposit,7358
T002046,C0903,2025-04-14 10:50:12.851070922,Withdrawal,1640
T002047,C1269,2025-04-14 12:03:03.615301275,Deposit,659
T002048,C0024,2025-04-14 13:15:54.379531627,Deposit,1364
T002049,C0557,2025-04-14 14:28:45.143761980,Transfer,9639
T002050,C2451,2025-04-14 15:41:35.907992333,Deposit,2602
T002051,C1397,2025-04-14 16:54:26.672222685,Withdrawal,5537
T002052,C2489,2025-04-14 18:07:17.436453038,Withdrawal,633
T002053,C1877,2025-04-14 19:20:08.200683390,Transfer,926
T002054,C1758,2025-04-14 20:32:58.964913743,Withdrawal,11858
T002055,C0882,2025-04-14 21:45:49.729144095,Deposit,532
T002056,C1879,2025-04-14 22:58:40.493374448,Deposit,2775
T002057,C1243,2025-04-15 00:11:31.257604800,Withdrawal,1072
T002058,C1242,2025-04-15 01:24:22.021835153,Deposit,755
T002059,C2079,2025-04-15 02:37:12.786065505,Deposit,524
T002060,C2370,2025-04-15 03:50:03.550295858,Deposit,1927
T002061,C1274,2025-04-15 05:02:54.314526210,Deposit,2177
T002062,C0566,2025-04-15 06:15:45.078756562,Deposit,100
T002063,C2058,2025-04-15 07:28:35.842986916,Deposit,4201
T002064,C0678,2025-04-15 08:41:26.607217268,Deposit,2032
T002065,C0851,2025-04-15 09:54:17.371447620,Transfer,277
T002066,C0285,2025-04-15 11:07:08.135677972,Transfer,825
T002067,C2201,2025-04-15 12:19:58.899908326,Deposit,1474
T002068,C1553,2025-04-15 13:32:49.664138678,Deposit,5463
T002069,C0371,2025-04-15 14:45:40.428369030,Transfer,994
T002070,C2349,2025-04-15 15:58:31.192599384,Withdrawal,1163
T002071,C1841,2025-04-15 17:11:21.956829736,Transfer,1253
T002072,C1879,2025-04-15 18:24:12.721060088,Deposit,2365
T002073,C2194,2025-04-15 19:37:03.485290440,Withdrawal,990
T002074,C1611,2025-04-15 20:49:54.249520794,Transfer,374
T002075,C0141,2025-04-15 22:02:45.013751146,Withdrawal,3451
T002076,C2132,2025-04-15 23:15:35.777981498,Withdrawal,2275
T002077,C1130,2025-04-16 00:28:26.542211850,Withdrawal,2158
T002078,C1628,2025-04-16 01:41:17.306442204,Transfer,1391
T002079,C1379,2025-04-16 02:54:08.070672556,Transfer,850
T002080,C2069,2025-04-16 04:06:58.834902908,Deposit,1141
T002081,C1245,2025-04-16 05:19:49.599133260,Deposit,2576
T002082,C1111,2025-04-16 06:32:40.363363614,Deposit,1964
T002083,C1716,2025-04-16 07:45:31.127593966,Transfer,2161
T002084,C0453,2025-04-16 08:58:21.891824318,Deposit,2428
T002085,C0342,2025-04-16 10:11:12.656054672,Deposit,3090
T002086,C0393,2025-04-16 11:24:03.420285024,Transfer,4986
T002087,C1376,2025-04-16 12:36:54.184515376,Withdrawal,3373
T002088,C1270,2025-04-16 13:49:44.948745728,Transfer,932
T002089,C1710,2025-04-16 15:02:35.712976082,Withdrawal,3755
T002090,C0971,2025-04-16 16:15:26.477206434,Deposit,7361
T002091,C1607,2025-04-16 17:28:17.241436786,Deposit,819
T002092,C2206,2025-04-16 18:41:08.005667138,Withdrawal,314
T002093,C0699,2025-04-16 19:53:58.769897492,Deposit,9079
T002094,C0166,2025-04-16 21:06:49.534127844,Withdrawal,274
T002095,C2082,2025-04-16 22:19:40.298358196,Withdrawal,2661
T002096,C0255,2025-04-16 23:32:31.062588548,Deposit,12197
T002097,C0302,2025-04-17 00:45:21.826818902,Withdrawal,10113
T002098,C2268,2025-04-17 01:58:12.591049254,Transfer,6224
T002099,C0935,2025-04-17 03:11:03.355279606,Transfer,722
T002100,C1506,2025-04-17 04:23:54.119509958,Withdrawal,4945
T002101,C1257,2025-04-17 05:36:44.883740312,Deposit,3316
T002102,C0953,2025-04-17 06:49:35.647970664,Transfer,880
T002103,C2263,2025-04-17 08:02:26.412201016,Withdrawal,2246
T002104,C0245,2025-04-17 09:15:17.176431370,Transfer,5882
T002105,C2068,2025-04-17 10:28:07.940661722,Withdrawal,2195
T002106,C0210,2025-04-17 11:40:58.704892074,Deposit,1023
T002107,C0426,2025-04-17 12:53:49.469122426,Transfer,119
T002108,C0981,2025-04-17 14:06:40.233352780,Withdrawal,2484
T002109,C2120,2025-04-17 15:19:30.997583132,Deposit,1026
T002110,C0178,2025-04-17 16:32:21.761813484,Withdrawal,140
T002111,C1547,2025-04-17 17:45:12.526043836,Deposit,609
T002112,C1899,2025-04-17 18:58:03.290274190,Withdrawal,2621
T002113,C2035,2025-04-17 20:10:54.054504542,Withdrawal,1358
T002114,C0299,2025-04-17 21:23:44.818734894,Deposit,17039
T002115,C2314,2025-04-17 22:36:35.582965246,Transfer,1710
T002116,C0275,2025-04-17 23:49:26.347195600,Withdrawal,954
T002117,C1729,2025-04-18 01:02:17.111425952,Deposit,502
T002118,C1847,2025-04-18 02:15:07.875656304,Deposit,2902
T002119,C1795,2025-04-18 03:27:58.639886658,Transfer,16128
T002120,C0053,2025-04-18 04:40:49.404117010,Deposit,4203
T002121,C1846,2025-04-18 05:53:40.168347362,Transfer,1040
T002122,C1424,2025-04-18 07:06:30.932577714,Deposit,2634
T002123,C1438,2025-04-18 08:19:21.696808068,Deposit,2122
T002124,C1628,2025-04-18 09:32:12.461038420,Withdrawal,803
T002125,C1948,2025-04-18 10:45:03.225268772,Withdrawal,3762
T002126,C0489,2025-04-18 11:57:53.989499124,Deposit,702
T002127,C2355,2025-04-18 13:10:44.753729478,Transfer,1330
T002128,C0417,2025-04-18 14:23:35.517959830,Deposit,3408
T002129,C0921,2025-04-18 15:36:26.282190182,Transfer,737
T002130,C1554,2025-04-18 16:49:17.046420534,Withdrawal,1222
T002131,C0666,2025-04-18 18:02:07.810650888,Deposit,14087
T002132,C0006,2025-04-18 19:14:58.574881240,Withdrawal,9420
T002133,C2470,2025-04-18 20:27:49.339111592,Transfer,408
T002134,C1475,2025-04-18 21:40:40.103341944,Withdrawal,1364
T002135,C2438,2025-04-18 22:53:30.867572298,Withdrawal,2463
T002136,C2382,2025-04-19 00:06:21.631802650,Deposit,3704
T002137,C1472,2025-04-19 01:19:12.396033002,Withdrawal,3002
T002138,C0338,2025-04-19 02:32:03.160263356,Transfer,1124
T002139,C0269,2025-04-19 03:44:53.924493708,Withdrawal,3534
T002140,C2113,2025-04-19 04:57:44.688724060,Withdrawal,5188
T002141,C1088,2025-04-19 06:10:35.452954412,Deposit,1646
T002142,C1294,2025-04-19 07:23:26.217184766,Transfer,583
T002143,C0657,2025-04-19 08:36:16.981415118,Deposit,735
T002144,C1401,2025-04-19 09:49:07.745645470,Withdrawal,2484
T002145,C1869,2025-04-19 11:01:58.509875822,Deposit,1617
T002146,C2377,2025-04-19 12:14:49.274106176,Withdrawal,809
T002147,C1657,2025-04-19 13:27:40.038336528,Withdrawal,5557
T002148,C0862,2025-04-19 14:40:30.802566880,Withdrawal,6008
T002149,C2469,2025-04-19 15:53:21.566797232,Transfer,4055
T002150,C1337,2025-04-19 17:06:12.331027586,Deposit,6559
T002151,C2357,2025-04-19 18:19:03.095257938,Deposit,1923
T002152,C1668,2025-04-19 19:31:53.859488290,Transfer,796
T002153,C1826,2025-04-19 20:44:44.623718644,Deposit,5486
T002154,C1213,2025-04-19 21:57:35.387948996,Withdrawal,4180
T002155,C1066,2025-04-19 23:10:26.152179348,Transfer,4543
T002156,C0320,2025-04-20 00:23:16.916409700,Transfer,936
T002157,C1681,2025-04-20 01:36:07.680640054,Withdrawal,2103
T002158,C0445,2025-04-20 02:48:58.444870406,Withdrawal,6292
T002159,C1398,2025-04-20 04:01:49.209100758,Withdrawal,100
T002160,C0286,2025-04-20 05:14:39.973331110,Deposit,2407
T002161,C2219,2025-04-20 06:27:30.737561464,Deposit,1004
T002162,C2311,2025-04-20 07:40:21.501791816,Transfer,3703
T002163,C1828,2025-04-20 08:53:12.266022168,Deposit,1752
T002164,C2190,2025-04-20 10:06:03.030252520,Withdrawal,674
T002165,C1464,2025-04-20 11:18:53.794482874,Withdrawal,1541
T002166,C0593,2025-04-20 12:31:44.558713226,Deposit,10842
T002167,C0416,2025-04-20 13:44:35.322943578,Deposit,1162
T002168,C2073,2025-04-20 14:57:26.087173930,Withdrawal,4665
T002169,C0094,2025-04-20 16:10:16.851404284,Withdrawal,777
T002170,C2353,2025-04-20 17:23:07.615634636,Withdrawal,1486
T002171,C2233,2025-04-20 18:35:58.379864988,Deposit,201
T002172,C2331,2025-04-20 19:48:49.144095342,Deposit,2069
T002173,C1179,2025-04-20 21:01:39.908325694,Deposit,1196
T002174,C0686,2025-04-20 22:14:30.672556046,Deposit,367
T002175,C0863,2025-04-20 23:27:21.436786398,Deposit,979
T002176,C0685,2025-04-21 00:40:12.201016752,Withdrawal,1214
T002177,C1038,2025-04-21 01:53:02.965247104,Deposit,5731
T002178,C0341,2025-04-21 03:05:53.729477456,Deposit,2367
T002179,C0604,2025-04-21 04:18:44.493707808,Deposit,3287
T002180,C1807,2025-04-21 05:31:35.257938162,Withdrawal,1452
T002181,C0734,2025-04-21 06:44:26.022168514,Withdrawal,3850
T002182,C1497,2025-04-21 07:57:16.786398866,Deposit,1720
T002183,C1132,2025-04-21 09:10:07.550629218,Withdrawal,3725
T002184,C1355,2025-04-21 10:22:58.314859572,Withdrawal,6746
T002185,C0540,2025-04-21 11:35:49.079089924,Deposit,1020
T002186,C2487,2025-04-21 12:48:39.843320276,Transfer,986
T002187,C1733,2025-04-21 14:01:30.607550630,Deposit,3442
T002188,C1736,2025-04-21 15:14:21.371780982,Deposit,24453
T002189,C2432,2025-04-21 16:27:12.136011334,Withdrawal,5267
T002190,C2208,2025-04-21 17:40:02.900241686,Deposit,676
T002191,C2480,2025-04-21 18:52:53.664472040,Deposit,1147
T002192,C1420,2025-04-21 20:05:44.428702392,Transfer,2417
T002193,C1990,2025-04-21 21:18:35.192932744,Withdrawal,1406
T002194,C0615,2025-04-21 22:31:25.957163096,Deposit,12584
T002195,C0488,2025-04-21 23:44:16.721393450,Transfer,3752
T002196,C1213,2025-04-22 00:57:07.485623802,Deposit,4899
T002197,C1442,2025-04-22 02:09:58.249854154,Deposit,153
T002198,C2391,2025-04-22 03:22:49.014084506,Deposit,5698
T002199,C1385,2025-04-22 04:35:39.778314860,Withdrawal,1578
T002200,C2157,2025-04-22 05:48:30.542545212,Deposit,340
T002201,C0849,2025-04-22 07:01:21.306775564,Withdrawal,2405
T002202,C0301,2025-04-22 08:14:12.071005916,Deposit,1171
T002203,C1392,2025-04-22 09:27:02.835236270,Withdrawal,417
T002204,C1340,2025-04-22 10:39:53.599466622,Deposit,1956
T002205,C0705,2025-04-22 11:52:44.363696974,Deposit,911
T002206,C0269,2025-04-22 13:05:35.127927328,Transfer,701
T002207,C1525,2025-04-22 14:18:25.892157680,Deposit,19288
T002208,C0478,2025-04-22 15:31:16.656388032,Withdrawal,1106
T002209,C0176,2025-04-22 16:44:07.420618384,Deposit,555
T002210,C0239,2025-04-22 17:56:58.184848738,Withdrawal,707
T002211,C1969,2025-04-22 19:09:48.949079090,Deposit,407
T002212,C0610,2025-04-22 20:22:39.713309442,Withdrawal,1650
T002213,C1788,2025-04-22 21:35:30.477539794,Withdrawal,11567
T002214,C0492,2025-04-22 22:48:21.241770148,Deposit,8208
T002215,C2147,2025-04-23 00:01:12.006000500,Deposit,11206
T002216,C0329,2025-04-23 01:14:02.770230852,Withdrawal,243
T002217,C0445,2025-04-23 02:26:53.534461204,Deposit,1919
T002218,C1690,2025-04-23 03:39:44.298691558,Transfer,19319
T002219,C0998,2025-04-23 04:52:35.062921910,Deposit,749
T002220,C2343,2025-04-23 06:05:25.827152262,Deposit,2152
T002221,C0442,2025-04-23 07:18:16.591382616,Deposit,13707
T002222,C0795,2025-04-23 08:31:07.355612968,Deposit,2682
T002223,C1832,2025-04-23 09:43:58.119843320,Deposit,6130
T002224,C0891,2025-04-23 10:56:48.884073672,Deposit,2616
T002225,C2079,2025-04-23 12:09:39.648304026,Deposit,532
T002226,C1155,2025-04-23 13:22:30.412534378,Deposit,3067
T002227,C1752,2025-04-23 14:35:21.176764730,Deposit,2122
T002228,C2486,2025-04-23 15:48:11.940995082,Deposit,860
T002229,C1350,2025-04-23 17:01:02.705225436,Deposit,588
T002230,C2334,2025-04-23 18:13:53.469455788,Deposit,1955
T002231,C0291,2025-04-23 19:26:44.233686140,Withdrawal,5086
T002232,C0368,2025-04-23 20:39:34.997916492,Withdrawal,5808
T002233,C0486,2025-04-23 21:52:25.762146846,Transfer,10883
T002234,C0168,2025-04-23 23:05:16.526377198,Deposit,1715
T002235,C1885,2025-04-24 00:18:07.290607550,Deposit,1202
T002236,C1791,2025-04-24 01:30:58.054837902,Deposit,8541
T002237,C0078,2025-04-24 02:43:48.819068256,Deposit,3227
T002238,C1109,2025-04-24 03:56:39.583298608,Transfer,5966
T002239,C0892,2025-04-24 05:09:30.347528960,Withdrawal,1087
T002240,C0661,2025-04-24 06:22:21.111759314,Withdrawal,2409
T002241,C1225,2025-04-24 07:35:11.875989666,Deposit,25580
T002242,C0589,2025-04-24 08:48:02.640220018,Transfer,1580
T002243,C0565,2025-04-24 10:00:53.404450370,Withdrawal,3705
T002244,C0302,2025-04-24 11:13:44.168680724,Withdrawal,14206
T002245,C2341,2025-04-24 12:26:34.932911076,Transfer,937
T002246,C0294,2025-04-24 13:39:25.697141428,Transfer,1179
T002247,C0109,2025-04-24 14:52:16.461371780,Deposit,1187
T002248,C2413,2025-04-24 16:05:07.225602134,Deposit,1436
T002249,C1518,2025-04-24 17:17:57.989832486,Deposit,3754
T002250,C2141,2025-04-24 18:30:48.754062838,Withdrawal,1904
T002251,C1709,2025-04-24 19:43:39.518293190,Deposit,1454
T002252,C0428,2025-04-24 20:56:30.282523544,Transfer,375
T002253,C0638,2025-04-24 22:09:21.046753896,Withdrawal,2041
T002254,C2416,2025-04-24 23:22:11.810984248,Transfer,654
T002255,C0105,2025-04-25 00:35:02.575214602,Withdrawal,1305
T002256,C2257,2025-04-25 01:47:53.339444954,Withdrawal,4516
T002257,C1085,2025-04-25 03:00:44.103675306,Deposit,5001
T002258,C0012,2025-04-25 04:13:34.867905658,Transfer,7000
T002259,C0649,2025-04-25 05:26:25.632136012,Withdrawal,12620
T002260,C0875,2025-04-25 06:39:16.396366364,Withdrawal,2109
T002261,C2434,2025-04-25 07:52:07.160596716,Deposit,6181
T002262,C0884,2025-04-25 09:04:57.924827068,Transfer,5417
T002263,C0555,2025-04-25 10:17:48.689057422,Deposit,1107
T002264,C1460,2025-04-25 11:30:39.453287774,Transfer,1105
T002265,C1344,2025-04-25 12:43:30.217518126,Deposit,395
T002266,C1895,2025-04-25 13:56:20.981748478,Withdrawal,4209
T002267,C0989,2025-04-25 15:09:11.745978832,Transfer,777
T002268,C1580,2025-04-25 16:22:02.510209184,Withdrawal,13509
T002269,C0353,2025-04-25 17:34:53.274439536,Withdrawal,1241
T002270,C1507,2025-04-25 18:47:44.038669888,Deposit,2699
T002271,C2030,2025-04-25 20:00:34.802900242,Deposit,1670
T002272,C1847,2025-04-25 21:13:25.567130594,Withdrawal,23782
T002273,C2391,2025-04-25 22:26:16.331360946,Deposit,5324
T002274,C2384,2025-04-25 23:39:07.095591300,Deposit,5931
T002275,C2072,2025-04-26 00:51:57.859821652,Deposit,2241
T002276,C0885,2025-04-26 02:04:48.624052004,Deposit,1733
T002277,C1466,2025-04-26 03:17:39.388282356,Withdrawal,2560
T002278,C2152,2025-04-26 04:30:30.152512710,Deposit,6461
T002279,C0574,2025-04-26 05:43:20.916743062,Withdrawal,6983
T002280,C1689,2025-04-26 06:56:11.680973414,Deposit,3585
T002281,C0775,2025-04-26 08:09:02.445203766,Deposit,1219
T002282,C0243,2025-04-26 09:21:53.209434120,Deposit,4876
T002283,C2390,2025-04-26 10:34:43.973664472,Deposit,2950
T002284,C0865,2025-04-26 11:47:34.737894824,Withdrawal,1769
T002285,C2221,2025-04-26 13:00:25.502125176,Deposit,2308
T002286,C1440,2025-04-26 14:13:16.266355530,Withdrawal,6237
T002287,C2151,2025-04-26 15:26:07.030585882,Deposit,477
T002288,C2208,2025-04-26 16:38:57.794816234,Deposit,3320
T002289,C0714,2025-04-26 17:51:48.559046588,Withdrawal,3536
T002290,C0576,2025-04-26 19:04:39.323276940,Withdrawal,6079
T002291,C2244,2025-04-26 20:17:30.087507292,Deposit,121
T002292,C0989,2025-04-26 21:30:20.851737644,Deposit,419
T002293,C1415,2025-04-26 22:43:11.615967998,Withdrawal,558
T002294,C0070,2025-04-26 23:56:02.380198350,Withdrawal,873
T002295,C0843,2025-04-27 01:08:53.144428702,Withdrawal,2731
T002296,C2295,2025-04-27 02:21:43.908659054,Deposit,651
T002297,C2377,2025-04-27 03:34:34.672889408,Withdrawal,669
T002298,C2206,2025-04-27 04:47:25.437119760,Transfer,347
T002299,C0918,2025-04-27 06:00:16.201350112,Deposit,1410
T002300,C0743,2025-04-27 07:13:06.965580464,Withdrawal,2547
T002301,C0055,2025-04-27 08:25:57.729810818,Deposit,2897
T002302,C1838,2025-04-27 09:38:48.494041170,Withdrawal,1147
T002303,C1377,2025-04-27 10:51:39.258271522,Deposit,1158
T002304,C0410,2025-04-27 12:04:30.022501874,Deposit,1762
T002305,C1039,2025-04-27 13:17:20.786732228,Withdrawal,863
T002306,C0147,2025-04-27 14:30:11.550962580,Deposit,758
T002307,C1514,2025-04-27 15:43:02.315192932,Transfer,1585
T002308,C1680,2025-04-27 16:55:53.079423286,Deposit,5777
T002309,C1049,2025-04-27 18:08:43.843653638,Withdrawal,1571
T002310,C1715,2025-04-27 19:21:34.607883990,Deposit,1382
T002311,C2381,2025-04-27 20:34:25.372114342,Withdrawal,767
T002312,C1198,2025-04-27 21:47:16.136344696,Transfer,1100
T002313,C1799,2025-04-27 23:00:06.900575048,Deposit,1377
T002314,C2338,2025-04-28 00:12:57.664805400,Transfer,2849
T002315,C0027,2025-04-28 01:25:48.429035752,Withdrawal,1529
T002316,C1125,2025-04-28 02:38:39.193266106,Withdrawal,1577
T002317,C2436,2025-04-28 03:51:29.957496458,Deposit,581
T002318,C1091,2025-04-28 05:04:20.721726810,Withdrawal,4488
T002319,C0250,2025-04-28 06:17:11.485957162,Deposit,1083
T002320,C0142,2025-04-28 07:30:02.250187516,Transfer,2235
T002321,C0267,2025-04-28 08:42:53.014417868,Withdrawal,3675
T002322,C0215,2025-04-28 09:55:43.778648220,Withdrawal,2693
T002323,C0489,2025-04-28 11:08:34.542878574,Transfer,3668
T002324,C0496,2025-04-28 12:21:25.307108926,Deposit,838
T002325,C0480,2025-04-28 13:34:16.071339278,Transfer,855
T002326,C0001,2025-04-28 14:47:06.835569630,Withdrawal,2345
T002327,C1904,2025-04-28 15:59:57.599799984,Deposit,455
T002328,C0841,2025-04-28 17:12:48.364030336,Withdrawal,1272
T002329,C2428,2025-04-28 18:25:39.128260688,Withdrawal,10704
T002330,C0844,2025-04-28 19:38:29.892491040,Withdrawal,759
T002331,C1886,2025-04-28 20:51:20.656721394,Withdrawal,942
T002332,C2350,2025-04-28 22:04:11.420951746,Deposit,9484
T002333,C0650,2025-04-28 23:17:02.185182098,Deposit,1381
T002334,C1441,2025-04-29 00:29:52.949412450,Transfer,2718
T002335,C1894,2025-04-29 01:42:43.713642804,Deposit,1547
T002336,C1302,2025-04-29 02:55:34.477873156,Transfer,3682
T002337,C2387,2025-04-29 04:08:25.242103508,Deposit,503
T002338,C1483,2025-04-29 05:21:16.006333860,Deposit,2231
T002339,C1726,2025-04-29 06:34:06.770564214,Deposit,153
T002340,C1355,2025-04-29 07:46:57.534794566,Transfer,3387
T002341,C1294,2025-04-29 08:59:48.299024918,Deposit,707
T002342,C1196,2025-04-29 10:12:39.063255272,Deposit,7893
T002343,C0404,2025-04-29 11:25:29.827485624,Transfer,2231
T002344,C1492,2025-04-29 12:38:20.591715976,Withdrawal,739
T002345,C2295,2025-04-29 13:51:11.355946328,Transfer,3934
T002346,C1547,2025-04-29 15:04:02.120176682,Transfer,2995
T002347,C1853,2025-04-29 16:16:52.884407034,Transfer,408
T002348,C0111,2025-04-29 17:29:43.648637386,Withdrawal,3846
T002349,C0813,2025-04-29 18:42:34.412867738,Withdrawal,2690
T002350,C0930,2025-04-29 19:55:25.177098092,Withdrawal,4022
T002351,C0886,2025-04-29 21:08:15.941328444,Deposit,975
T002352,C0909,2025-04-29 22:21:06.705558796,Withdrawal,7499
T002353,C2340,2025-04-29 23:33:57.469789148,Deposit,3143
T002354,C1983,2025-04-30 00:46:48.234019502,Transfer,511
T002355,C0175,2025-04-30 01:59:38.998249854,Withdrawal,23182
T002356,C2157,2025-04-30 03:12:29.762480206,Transfer,286
T002357,C1364,2025-04-30 04:25:20.526710560,Deposit,550
T002358,C1038,2025-04-30 05:38:11.290940912,Withdrawal,1754
T002359,C2091,2025-04-30 06:51:02.055171264,Withdrawal,6595
T002360,C0461,2025-04-30 08:03:52.819401616,Transfer,7558
T002361,C0149,2025-04-30 09:16:43.583631970,Deposit,9715
T002362,C0338,2025-04-30 10:29:34.347862322,Deposit,125
T002363,C1003,2025-04-30 11:42:25.112092674,Withdrawal,4585
T002364,C2272,2025-04-30 12:55:15.876323026,Withdrawal,1512
T002365,C1134,2025-04-30 14:08:06.640553380,Deposit,348
T002366,C0354,2025-04-30 15:20:57.404783732,Transfer,2214
T002367,C1108,2025-04-30 16:33:48.169014084,Deposit,2123
T002368,C2114,2025-04-30 17:46:38.933244436,Withdrawal,1683
T002369,C1915,2025-04-30 18:59:29.697474790,Deposit,1078
T002370,C1110,2025-04-30 20:12:20.461705142,Deposit,2159
T002371,C0084,2025-04-30 21:25:11.225935494,Transfer,2876
T002372,C1978,2025-04-30 22:38:01.990165846,Withdrawal,1595
T002373,C0227,2025-04-30 23:50:52.754396200,Transfer,1632
T002374,C1013,2025-05-01 01:03:43.518626552,Transfer,3155
T002375,C0020,2025-05-01 02:16:34.282856904,Transfer,11063
T002376,C1467,2025-05-01 03:29:25.047087258,Withdrawal,2221
T002377,C0270,2025-05-01 04:42:15.811317610,Transfer,2956
T002378,C2454,2025-05-01 05:55:06.575547962,Deposit,2707
T002379,C1532,2025-05-01 07:07:57.339778314,Deposit,956
T002380,C0304,2025-05-01 08:20:48.104008668,Deposit,504
T002381,C1309,2025-05-01 09:33:38.868239020,Withdrawal,2833
T002382,C0810,2025-05-01 10:46:29.632469372,Transfer,3135
T002383,C1053,2025-05-01 11:59:20.396699724,Withdrawal,1898
T002384,C2439,2025-05-01 13:12:11.160930078,Transfer,574
T002385,C1933,2025-05-01 14:25:01.925160430,Deposit,1179
T002386,C2041,2025-05-01 15:37:52.689390782,Transfer,3447
T002387,C0909,2025-05-01 16:50:43.453621134,Deposit,13822
T002388,C0142,2025-05-01 18:03:34.217851488,Transfer,11938
T002389,C1680,2025-05-01 19:16:24.982081840,Transfer,1925
T002390,C0809,2025-05-01 20:29:15.746312192,Deposit,2504
T002391,C0948,2025-05-01 21:42:06.510542546,Withdrawal,866
T002392,C2293,2025-05-01 22:54:57.274772898,Withdrawal,821
T002393,C0766,2025-05-02 00:07:48.039003250,Deposit,1390
T002394,C0920,2025-05-02 01:20:38.803233602,Deposit,276
T002395,C0939,2025-05-02 02:33:29.567463956,Transfer,6511
T002396,C2497,2025-05-02 03:46:20.331694308,Withdrawal,3054
T002397,C2314,2025-05-02 04:59:11.095924660,Deposit,1762
T002398,C1263,2025-05-02 06:12:01.860155012,Deposit,1291
T002399,C2298,2025-05-02 07:24:52.624385366,Withdrawal,173
T002400,C0955,2025-05-02 08:37:43.388615718,Deposit,1081
T002401,C1315,2025-05-02 09:50:34.152846070,Withdrawal,2119
T002402,C0543,2025-05-02 11:03:24.917076422,Withdrawal,1660
T002403,C1103,2025-05-02 12:16:15.681306776,Deposit,3480
T002404,C0144,2025-05-02 13:29:06.445537128,Withdrawal,1407
T002405,C1200,2025-05-02 14:41:57.209767480,Withdrawal,1788
T002406,C2118,2025-05-02 15:54:47.973997832,Transfer,3451
T002407,C2228,2025-05-02 17:07:38.738228186,Withdrawal,634
T002408,C0593,2025-05-02 18:20:29.502458538,Transfer,4560
T002409,C0567,2025-05-02 19:33:20.266688890,Deposit,7870
T002410,C0691,2025-05-02 20:46:11.030919244,Withdrawal,445
T002411,C1134,2025-05-02 21:59:01.795149596,Deposit,153
T002412,C0665,2025-05-02 23:11:52.559379948,Withdrawal,8373
T002413,C1983,2025-05-03 00:24:43.323610300,Withdrawal,195
T002414,C0406,2025-05-03 01:37:34.087840654,Transfer,1127
T002415,C0986,2025-05-03 02:50:24.852071006,Transfer,1437
T002416,C1417,2025-05-03 04:03:15.616301358,Transfer,3368
T002417,C0517,2025-05-03 05:16:06.380531710,Deposit,2971
T002418,C0850,2025-05-03 06:28:57.144762064,Deposit,1098
T002419,C1902,2025-05-03 07:41:47.908992416,Deposit,2022
T002420,C0908,2025-05-03 08:54:38.673222768,Deposit,13439
T002421,C0316,2025-05-03 10:07:29.437453120,Deposit,1583
T002422,C1286,2025-05-03 11:20:20.201683474,Withdrawal,3652
T002423,C1508,2025-05-03 12:33:10.965913826,Transfer,3378
T002424,C0027,2025-05-03 13:46:01.730144178,Withdrawal,6484
T002425,C1519,2025-05-03 14:58:52.494374532,Transfer,965
T002426,C0055,2025-05-03 16:11:43.258604884,Transfer,2422
T002427,C1935,2025-05-03 17:24:34.022835236,Deposit,1707
T002428,C1856,2025-05-03 18:37:24.787065588,Transfer,276
T002429,C0249,2025-05-03 19:50:15.551295942,Deposit,3516
T002430,C2321,2025-05-03 21:03:06.315526294,Withdrawal,512
T002431,C1802,2025-05-03 22:15:57.079756646,Deposit,1924
T002432,C2239,2025-05-03 23:28:47.843986998,Deposit,2096
T002433,C0857,2025-05-04 00:41:38.608217352,Withdrawal,14058
T002434,C1470,2025-05-04 01:54:29.372447704,Withdrawal,1036
T002435,C1877,2025-05-04 03:07:20.136678056,Transfer,2283
T002436,C1526,2025-05-04 04:20:10.900908408,Transfer,3482
T002437,C1417,2025-05-04 05:33:01.665138762,Withdrawal,722
T002438,C1795,2025-05-04 06:45:52.429369114,Withdrawal,954
T002439,C0109,2025-05-04 07:58:43.193599466,Deposit,1542
T002440,C0981,2025-05-04 09:11:33.957829818,Withdrawal,5308
T002441,C2274,2025-05-04 10:24:24.722060172,Deposit,71395
T002442,C0353,2025-05-04 11:37:15.486290524,Deposit,757
T002443,C1428,2025-05-04 12:50:06.250520876,Deposit,1950
T002444,C1731,2025-05-04 14:02:57.014751230,Withdrawal,1464
T002445,C2193,2025-05-04 15:15:47.778981582,Withdrawal,3490
T002446,C1778,2025-05-04 16:28:38.543211934,Deposit,1279
T002447,C1117,2025-05-04 17:41:29.307442286,Deposit,726
T002448,C2321,2025-05-04 18:54:20.071672640,Withdrawal,1276
T002449,C0534,2025-05-04 20:07:10.835902992,Withdrawal,573
T002450,C1218,2025-05-04 21:20:01.600133344,Withdrawal,4064
T002451,C2229,2025-05-04 22:32:52.364363696,Deposit,2209
T002452,C1256,2025-05-04 23:45:43.128594050,Deposit,3473
T002453,C1980,2025-05-05 00:58:33.892824402,Deposit,2896
T002454,C2077,2025-05-05 02:11:24.657054754,Withdrawal,989
T002455,C0532,2025-05-05 03:24:15.421285106,Withdrawal,2693
T002456,C1945,2025-05-05 04:37:06.185515460,Withdrawal,3041
T002457,C0140,2025-05-05 05:49:56.949745812,Withdrawal,2036
T002458,C2146,2025-05-05 07:02:47.713976164,Withdrawal,400
T002459,C0262,2025-05-05 08:15:38.478206518,Withdrawal,2400
T002460,C0019,2025-05-05 09:28:29.242436870,Deposit,2689
T002461,C2060,2025-05-05 10:41:20.006667222,Deposit,78834
T002462,C1549,2025-05-05 11:54:10.770897574,Transfer,5180
T002463,C1489,2025-05-05 13:07:01.535127928,Withdrawal,551
T002464,C2307,2025-05-05 14:19:52.299358280,Deposit,428
T002465,C2072,2025-05-05 15:32:43.063588632,Withdrawal,892
T002466,C1032,2025-05-05 16:45:33.827818984,Deposit,5335
T002467,C0228,2025-05-05 17:58:24.592049338,Withdrawal,1984
T002468,C0376,2025-05-05 19:11:15.356279690,Transfer,4120
T002469,C1147,2025-05-05 20:24:06.120510042,Deposit,1903
T002470,C1114,2025-05-05 21:36:56.884740394,Deposit,15191
T002471,C2272,2025-05-05 22:49:47.648970748,Withdrawal,7001
T002472,C0736,2025-05-06 00:02:38.413201100,Withdrawal,1003
T002473,C0257,2025-05-06 01:15:29.177431452,Deposit,486
T002474,C0833,2025-05-06 02:28:19.941661804,Withdrawal,3882
T002475,C1807,2025-05-06 03:41:10.705892158,Deposit,843
T002476,C0701,2025-05-06 04:54:01.470122510,Deposit,4574
T002477,C0911,2025-05-06 06:06:52.234352862,Withdrawal,4372
T002478,C0699,2025-05-06 07:19:42.998583216,Withdrawal,1140
T002479,C0438,2025-05-06 08:32:33.762813568,Withdrawal,1934
T002480,C1724,2025-05-06 09:45:24.527043920,Deposit,3579
T002481,C2085,2025-05-06 10:58:15.291274272,Withdrawal,666
T002482,C1685,2025-05-06 12:11:06.055504626,Withdrawal,618
T002483,C2154,2025-05-06 13:23:56.819734978,Withdrawal,1561
T002484,C0615,2025-05-06 14:36:47.583965330,Deposit,5888
T002485,C1943,2025-05-06 15:49:38.348195682,Transfer,1672
T002486,C1913,2025-05-06 17:02:29.112426036,Withdrawal,1904
T002487,C2280,2025-05-06 18:15:19.876656388,Withdrawal,1939
T002488,C1041,2025-05-06 19:28:10.640886740,Transfer,2544
T002489,C1183,2025-05-06 20:41:01.405117092,Transfer,229
T002490,C0960,2025-05-06 21:53:52.169347446,Deposit,632
T002491,C1840,2025-05-06 23:06:42.933577798,Withdrawal,4072
T002492,C1306,2025-05-07 00:19:33.697808150,Deposit,446
T002493,C0278,2025-05-07 01:32:24.462038504,Deposit,1534
T002494,C0125,2025-05-07 02:45:15.226268856,Transfer,12720
T002495,C1344,2025-05-07 03:58:05.990499208,Transfer,1787
T002496,C0675,2025-05-07 05:10:56.754729560,Deposit,5536
T002497,C0715,2025-05-07 06:23:47.518959914,Deposit,1467
T002498,C2011,2025-05-07 07:36:38.283190266,Deposit,366
T002499,C1506,2025-05-07 08:49:29.047420618,Deposit,20478
T002500,C1348,2025-05-07 10:02:19.811650970,Withdrawal,919
T002501,C0913,2025-05-07 11:15:10.575881324,Withdrawal,5805
T002502,C1990,2025-05-07 12:28:01.340111676,Deposit,3950
T002503,C2443,2025-05-07 13:40:52.104342028,Deposit,3346
T002504,C0773,2025-05-07 14:53:42.868572380,Transfer,4067
T002505,C2234,2025-05-07 16:06:33.632802734,Deposit,2493
T002506,C1081,2025-05-07 17:19:24.397033086,Deposit,1057
T002507,C1753,2025-05-07 18:32:15.161263438,Withdrawal,1448
T002508,C1001,2025-05-07 19:45:05.925493790,Deposit,988
T002509,C1738,2025-05-07 20:57:56.689724144,Withdrawal,1966
T002510,C0074,2025-05-07 22:10:47.453954496,Deposit,2364
T002511,C1109,2025-05-07 23:23:38.218184848,Transfer,4831
T002512,C1038,2025-05-08 00:36:28.982415202,Deposit,949
T002513,C1665,2025-05-08 01:49:19.746645554,Deposit,1784
T002514,C0912,2025-05-08 03:02:10.510875906,Withdrawal,1285
T002515,C0794,2025-05-08 04:15:01.275106258,Transfer,1853
T002516,C2097,2025-05-08 05:27:52.039336612,Withdrawal,2217
T002517,C0359,2025-05-08 06:40:42.803566964,Deposit,4120
T002518,C2290,2025-05-08 07:53:33.567797316,Withdrawal,385
T002519,C1858,2025-05-08 09:06:24.332027668,Withdrawal,1861
T002520,C1077,2025-05-08 10:19:15.096258022,Withdrawal,4149
T002521,C1801,2025-05-08 11:32:05.860488374,Withdrawal,255
T002522,C1576,2025-05-08 12:44:56.624718726,Withdrawal,729
T002523,C1720,2025-05-08 13:57:47.388949078,Withdrawal,1031
T002524,C1669,2025-05-08 15:10:38.153179432,Deposit,1420
T002525,C2104,2025-05-08 16:23:28.917409784,Transfer,2703
T002526,C0879,2025-05-08 17:36:19.681640136,Transfer,2044
T002527,C2303,2025-05-08 18:49:10.445870490,Withdrawal,4290
T002528,C0005,2025-05-08 20:02:01.210100842,Transfer,1984
T002529,C1605,2025-05-08 21:14:51.974331194,Deposit,644
T002530,C1076,2025-05-08 22:27:42.738561546,Withdrawal,1064
T002531,C0329,2025-05-08 23:40:33.502791900,Deposit,1019
T002532,C2146,2025-05-09 00:53:24.267022252,Transfer,368
T002533,C1003,2025-05-09 02:06:15.031252604,Withdrawal,1954
T002534,C0783,2025-05-09 03:19:05.795482956,Withdrawal,4526
T002535,C0577,2025-05-09 04:31:56.559713310,Transfer,5040
T002536,C0327,2025-05-09 05:44:47.323943662,Withdrawal,1661
T002537,C2291,2025-05-09 06:57:38.088174014,Deposit,2884
T002538,C1528,2025-05-09 08:10:28.852404366,Deposit,577
T002539,C2415,2025-05-09 09:23:19.616634720,Deposit,821
T002540,C1466,2025-05-09 10:36:10.380865072,Deposit,441
T002541,C2282,2025-05-09 11:49:01.145095424,Deposit,4450
T002542,C0652,2025-05-09 13:01:51.909325776,Deposit,3087
T002543,C2381,2025-05-09 14:14:42.673556130,Withdrawal,2083
T002544,C0495,2025-05-09 15:27:33.437786482,Deposit,2231
T002545,C1139,2025-05-09 16:40:24.202016834,Deposit,1204
T002546,C2417,2025-05-09 17:53:14.966247188,Withdrawal,951
T002547,C1357,2025-05-09 19:06:05.730477540,Withdrawal,669
T002548,C1154,2025-05-09 20:18:56.494707892,Deposit,898
T002549,C2143,2025-05-09 21:31:47.258938244,Deposit,17715
T002550,C1125,2025-05-09 22:44:38.023168598,Transfer,4348
T002551,C1220,2025-05-09 23:57:28.787398950,Transfer,494
T002552,C0802,2025-05-10 01:10:19.551629302,Withdrawal,292
T002553,C2043,2025-05-10 02:23:10.315859654,Transfer,1217
T002554,C0208,2025-05-10 03:36:01.080090008,Withdrawal,1296
T002555,C0473,2025-05-10 04:48:51.844320360,Deposit,2033
T002556,C1639,2025-05-10 06:01:42.608550712,Deposit,391
T002557,C1032,2025-05-10 07:14:33.372781064,Deposit,794
T002558,C0136,2025-05-10 08:27:24.137011418,Withdrawal,932
T002559,C0261,2025-05-10 09:40:14.901241770,Deposit,1489
T002560,C1171,2025-05-10 10:53:05.665472122,Withdrawal,3550
T002561,C0458,2025-05-10 12:05:56.429702476,Withdrawal,5180
T002562,C1929,2025-05-10 13:18:47.193932828,Deposit,316
T002563,C1721,2025-05-10 14:31:37.958163180,Deposit,790
T002564,C1437,2025-05-10 15:44:28.722393532,Deposit,2560
T002565,C2280,2025-05-10 16:57:19.486623886,Withdrawal,4373
T002566,C2149,2025-05-10 18:10:10.250854238,Transfer,1095
T002567,C0147,2025-05-10 19:23:01.015084590,Withdrawal,134
T002568,C0717,2025-05-10 20:35:51.779314942,Deposit,648
T002569,C0507,2025-05-10 21:48:42.543545296,Deposit,1088
T002570,C2152,2025-05-10 23:01:33.307775648,Transfer,9873
T002571,C2384,2025-05-11 00:14:24.072006000,Deposit,596
T002572,C0446,2025-05-11 01:27:14.836236352,Deposit,1163
T002573,C0444,2025-05-11 02:40:05.600466706,Withdrawal,1225
T002574,C0118,2025-05-11 03:52:56.364697058,Deposit,1787
T002575,C1541,2025-05-11 05:05:47.128927410,Transfer,1250
T002576,C0929,2025-05-11 06:18:37.893157762,Withdrawal,756
T002577,C0567,2025-05-11 07:31:28.657388116,Transfer,684
T002578,C1937,2025-05-11 08:44:19.421618468,Withdrawal,3027
T002579,C0088,2025-05-11 09:57:10.185848820,Withdrawal,1393
T002580,C1653,2025-05-11 11:10:00.950079174,Transfer,3946
T002581,C0476,2025-05-11 12:22:51.714309526,Withdrawal,885
T002582,C1706,2025-05-11 13:35:42.478539878,Deposit,136
T002583,C1509,2025-05-11 14:48:33.242770230,Deposit,4035
T002584,C0295,2025-05-11 16:01:24.007000584,Deposit,6184
T002585,C0720,2025-05-11 17:14:14.771230936,Withdrawal,3739
T002586,C1405,2025-05-11 18:27:05.535461288,Withdrawal,978
T002587,C0995,2025-05-11 19:39:56.299691640,Deposit,2700
T002588,C1307,2025-05-11 20:52:47.063921994,Deposit,2529
T002589,C0686,2025-05-11 22:05:37.828152346,Deposit,618
T002590,C1204,2025-05-11 23:18:28.592382698,Transfer,1269
T002591,C0961,2025-05-12 00:31:19.356613050,Withdrawal,1548
T002592,C0935,2025-05-12 01:44:10.120843404,Withdrawal,1207
T002593,C0406,2025-05-12 02:57:00.885073756,Deposit,3399
T002594,C1291,2025-05-12 04:09:51.649304108,Deposit,4995
T002595,C1618,2025-05-12 05:22:42.413534460,Deposit,1130
T002596,C1088,2025-05-12 06:35:33.177764814,Withdrawal,1069
T002597,C0119,2025-05-12 07:48:23.941995166,Deposit,3296
T002598,C2389,2025-05-12 09:01:14.706225518,Transfer,1372
T002599,C0313,2025-05-12 10:14:05.470455872,Withdrawal,4009
T002600,C0163,2025-05-12 11:26:56.234686224,Deposit,2580
T002601,C1529,2025-05-12 12:39:46.998916576,Transfer,978
T002602,C0293,2025-05-12 13:52:37.763146928,Withdrawal,5488
T002603,C0690,2025-05-12 15:05:28.527377282,Withdrawal,3764
T002604,C1401,2025-05-12 16:18:19.291607634,Deposit,5453
T002605,C1566,2025-05-12 17:31:10.055837986,Transfer,2067
T002606,C0673,2025-05-12 18:44:00.820068338,Withdrawal,2776
T002607,C0399,2025-05-12 19:56:51.584298692,Deposit,420
T002608,C1048,2025-05-12 21:09:42.348529044,Withdrawal,496
T002609,C1943,2025-05-12 22:22:33.112759396,Deposit,1475
T002610,C0240,2025-05-12 23:35:23.876989748,Transfer,1066
T002611,C2359,2025-05-13 00:48:14.641220102,Transfer,1823
T002612,C2369,2025-05-13 02:01:05.405450454,Withdrawal,2418
T002613,C0672,2025-05-13 03:13:56.169680806,Deposit,4133
T002614,C2462,2025-05-13 04:26:46.933911160,Withdrawal,1947
T002615,C0402,2025-05-13 05:39:37.698141512,Deposit,969
T002616,C2107,2025-05-13 06:52:28.462371864,Deposit,725
T002617,C0053,2025-05-13 08:05:19.226602216,Withdrawal,590
T002618,C1088,2025-05-13 09:18:09.990832570,Deposit,1142
T002619,C1143,2025-05-13 10:31:00.755062922,Withdrawal,2820
T002620,C0286,2025-05-13 11:43:51.519293274,Deposit,338
T002621,C2066,2025-05-13 12:56:42.283523626,Transfer,1019
T002622,C1029,2025-05-13 14:09:33.047753980,Deposit,1267
T002623,C1929,2025-05-13 15:22:23.811984332,Withdrawal,1362
T002624,C0160,2025-05-13 16:35:14.576214684,Withdrawal,587
T002625,C0142,2025-05-13 17:48:05.340445036,Deposit,1437
T002626,C0397,2025-05-13 19:00:56.104675390,Withdrawal,204
T002627,C1042,2025-05-13 20:13:46.868905742,Withdrawal,5306
T002628,C0534,2025-05-13 21:26:37.633136094,Withdrawal,455
T002629,C1556,2025-05-13 22:39:28.397366446,Deposit,5141
T002630,C1799,2025-05-13 23:52:19.161596800,Withdrawal,2129
T002631,C1634,2025-05-14 01:05:09.925827152,Withdrawal,7283
T002632,C0286,2025-05-14 02:18:00.690057504,Withdrawal,225
T002633,C1029,2025-05-14 03:30:51.454287858,Transfer,2647
T002634,C2177,2025-05-14 04:43:42.218518210,Deposit,6534
T002635,C0956,2025-05-14 05:56:32.982748562,Deposit,4171
T002636,C0671,2025-05-14 07:09:23.746978914,Deposit,344
T002637,C0499,2025-05-14 08:22:14.511209268,Deposit,301
T002638,C2324,2025-05-14 09:35:05.275439620,Deposit,701
T002639,C1107,2025-05-14 10:47:56.039669972,Deposit,831
T002640,C1856,2025-05-14 12:00:46.803900324,Withdrawal,1383
T002641,C1142,2025-05-14 13:13:37.568130678,Deposit,14952
T002642,C2077,2025-05-14 14:26:28.332361030,Transfer,4592
T002643,C1181,2025-05-14 15:39:19.096591382,Deposit,3339
T002644,C2079,2025-05-14 16:52:09.860821734,Transfer,1194
T002645,C2007,2025-05-14 18:05:00.625052088,Withdrawal,1071
T002646,C1310,2025-05-14 19:17:51.389282440,Withdrawal,2295
T002647,C1689,2025-05-14 20:30:42.153512792,Deposit,2000
T002648,C0336,2025-05-14 21:43:32.917743146,Withdrawal,2815
T002649,C0570,2025-05-14 22:56:23.681973498,Transfer,2782
T002650,C2361,2025-05-15 00:09:14.446203850,Withdrawal,5814
T002651,C0599,2025-05-15 01:22:05.210434202,Transfer,8835
T002652,C1147,2025-05-15 02:34:55.974664556,Deposit,1389
T002653,C0865,2025-05-15 03:47:46.738894908,Transfer,3781
T002654,C2419,2025-05-15 05:00:37.503125260,Deposit,3054
T002655,C0805,2025-05-15 06:13:28.267355612,Withdrawal,821
T002656,C0314,2025-05-15 07:26:19.031585966,Deposit,31480
T002657,C0028,2025-05-15 08:39:09.795816318,Withdrawal,1936
T002658,C1254,2025-05-15 09:52:00.560046670,Withdrawal,5223
T002659,C1030,2025-05-15 11:04:51.324277022,Withdrawal,4969
T002660,C1997,2025-05-15 12:17:42.088507376,Transfer,1735
T002661,C1342,2025-05-15 13:30:32.852737728,Deposit,2949
T002662,C1249,2025-05-15 14:43:23.616968080,Transfer,349
T002663,C2137,2025-05-15 15:56:14.381198432,Transfer,4061
T002664,C2088,2025-05-15 17:09:05.145428786,Deposit,5266
T002665,C0681,2025-05-15 18:21:55.909659138,Deposit,2248
T002666,C0375,2025-05-15 19:34:46.673889490,Deposit,2347
T002667,C2441,2025-05-15 20:47:37.438119844,Deposit,986
T002668,C1042,2025-05-15 22:00:28.202350196,Transfer,793
T002669,C1551,2025-05-15 23:13:18.966580548,Deposit,571
T002670,C2180,2025-05-16 00:26:09.730810900,Deposit,1942
T002671,C2338,2025-05-16 01:39:00.495041254,Deposit,897
T002672,C1854,2025-05-16 02:51:51.259271606,Deposit,13071
T002673,C0806,2025-05-16 04:04:42.023501958,Deposit,1063
T002674,C2257,2025-05-16 05:17:32.787732310,Deposit,1157
T002675,C2375,2025-05-16 06:30:23.551962664,Transfer,1410
T002676,C0279,2025-05-16 07:43:14.316193016,Deposit,918
T002677,C1406,2025-05-16 08:56:05.080423368,Deposit,1026
T002678,C0788,2025-05-16 10:08:55.844653720,Transfer,5585
T002679,C0952,2025-05-16 11:21:46.608884074,Withdrawal,820
T002680,C1333,2025-05-16 12:34:37.373114426,Deposit,1796
T002681,C0277,2025-05-16 13:47:28.137344778,Deposit,3638
T002682,C2346,2025-05-16 15:00:18.901575132,Deposit,4559
T002683,C0433,2025-05-16 16:13:09.665805484,Withdrawal,3541
T002684,C1010,2025-05-16 17:26:00.430035836,Deposit,536
T002685,C1096,2025-05-16 18:38:51.194266188,Withdrawal,1298
T002686,C0317,2025-05-16 19:51:41.958496542,Withdrawal,2423
T002687,C1212,2025-05-16 21:04:32.722726894,Deposit,4497
T002688,C0121,2025-05-16 22:17:23.486957246,Withdrawal,1866
T002689,C1366,2025-05-16 23:30:14.251187598,Transfer,1064
T002690,C0304,2025-05-17 00:43:05.015417952,Transfer,1227
T002691,C0936,2025-05-17 01:55:55.779648304,Withdrawal,186
T002692,C0496,2025-05-17 03:08:46.543878656,Withdrawal,680
T002693,C2233,2025-05-17 04:21:37.308109008,Deposit,2446
T002694,C2380,2025-05-17 05:34:28.072339362,Withdrawal,9805
T002695,C0713,2025-05-17 06:47:18.836569714,Withdrawal,1297
T002696,C0350,2025-05-17 08:00:09.600800066,Withdrawal,2138
T002697,C2368,2025-05-17 09:13:00.365030418,Withdrawal,3856
T002698,C2460,2025-05-17 10:25:51.129260772,Transfer,3769
T002699,C0906,2025-05-17 11:38:41.893491124,Withdrawal,1317
T002700,C1828,2025-05-17 12:51:32.657721476,Withdrawal,2396
T002701,C0502,2025-05-17 14:04:23.421951830,Deposit,2148
T002702,C1178,2025-05-17 15:17:14.186182182,Deposit,3171
T002703,C0914,2025-05-17 16:30:04.950412534,Deposit,2794
T002704,C1516,2025-05-17 17:42:55.714642886,Withdrawal,1051
T002705,C0527,2025-05-17 18:55:46.478873240,Deposit,447
T002706,C1193,2025-05-17 20:08:37.243103592,Withdrawal,3352
T002707,C2027,2025-05-17 21:21:28.007333944,Transfer,24937
T002708,C0711,2025-05-17 22:34:18.771564296,Transfer,3903
T002709,C2041,2025-05-17 23:47:09.535794650,Transfer,2456
T002710,C0112,2025-05-18 01:00:00.300025002,Deposit,884
T002711,C2100,2025-05-18 02:12:51.064255354,Deposit,2099
T002712,C1673,2025-05-18 03:25:41.828485706,Deposit,2044
T002713,C2303,2025-05-18 04:38:32.592716060,Deposit,1762
T002714,C1651,2025-05-18 05:51:23.356946412,Withdrawal,1334
T002715,C0300,2025-05-18 07:04:14.121176764,Deposit,4313
T002716,C0958,2025-05-18 08:17:04.885407118,Withdrawal,1124
T002717,C2475,2025-05-18 09:29:55.649637470,Deposit,2006
T002718,C1891,2025-05-18 10:42:46.413867822,Withdrawal,1148
T002719,C0307,2025-05-18 11:55:37.178098174,Withdrawal,2485
T002720,C2147,2025-05-18 13:08:27.942328528,Transfer,7565
T002721,C0121,2025-05-18 14:21:18.706558880,Transfer,1033
T002722,C2019,2025-05-18 15:34:09.470789232,Deposit,2572
T002723,C2278,2025-05-18 16:47:00.235019584,Transfer,1600
T002724,C1278,2025-05-18 17:59:50.999249938,Withdrawal,2636
T002725,C1428,2025-05-18 19:12:41.763480290,Withdrawal,2345
T002726,C1518,2025-05-18 20:25:32.527710642,Transfer,1211
T002727,C1186,2025-05-18 21:38:23.291940994,Deposit,1151
T002728,C1932,2025-05-18 22:51:14.056171348,Transfer,1760
T002729,C1456,2025-05-19 00:04:04.820401700,Withdrawal,2143
T002730,C1180,2025-05-19 01:16:55.584632052,Deposit,980
T002731,C1347,2025-05-19 02:29:46.348862404,Deposit,11616
T002732,C0629,2025-05-19 03:42:37.113092758,Withdrawal,2533
T002733,C1215,2025-05-19 04:55:27.877323110,Withdrawal,1682
T002734,C1200,2025-05-19 06:08:18.641553462,Withdrawal,5686
T002735,C1962,2025-05-19 07:21:09.405783816,Deposit,411
T002736,C0517,2025-05-19 08:34:00.170014168,Deposit,2510
T002737,C0845,2025-05-19 09:46:50.934244520,Withdrawal,1171
T002738,C1548,2025-05-19 10:59:41.698474872,Deposit,2027
T002739,C1595,2025-05-19 12:12:32.462705226,Deposit,870
T002740,C0820,2025-05-19 13:25:23.226935578,Deposit,428
T002741,C0762,2025-05-19 14:38:13.991165930,Deposit,3153
T002742,C1363,2025-05-19 15:51:04.755396282,Withdrawal,1053
T002743,C2367,2025-05-19 17:03:55.519626636,Deposit,2818
T002744,C0111,2025-05-19 18:16:46.283856988,Transfer,5571
T002745,C1842,2025-05-19 19:29:37.048087340,Withdrawal,248
T002746,C0807,2025-05-19 20:42:27.812317692,Withdrawal,6258
T002747,C1497,2025-05-19 21:55:18.576548046,Deposit,6420
T002748,C1244,2025-05-19 23:08:09.340778398,Withdrawal,2841
T002749,C0487,2025-05-20 00:21:00.105008750,Withdrawal,3329
T002750,C0811,2025-05-20 01:33:50.869239104,Deposit,6338
T002751,C2044,2025-05-20 02:46:41.633469456,Deposit,307
T002752,C0517,2025-05-20 03:59:32.397699808,Withdrawal,701
T002753,C0835,2025-05-20 05:12:23.161930160,Deposit,2071
T002754,C0624,2025-05-20 06:25:13.926160514,Deposit,1892
T002755,C1048,2025-05-20 07:38:04.690390866,Withdrawal,3001
T002756,C1565,2025-05-20 08:50:55.454621218,Withdrawal,736
T002757,C1156,2025-05-20 10:03:46.218851570,Withdrawal,897
T002758,C1345,2025-05-20 11:16:36.983081924,Transfer,2527
T002759,C0497,2025-05-20 12:29:27.747312276,Deposit,1245
T002760,C2430,2025-05-20 13:42:18.511542628,Transfer,495
T002761,C2264,2025-05-20 14:55:09.275772980,Withdrawal,1454
T002762,C0543,2025-05-20 16:08:00.040003334,Deposit,4760
T002763,C0916,2025-05-20 17:20:50.804233686,Transfer,2722
T002764,C1802,2025-05-20 18:33:41.568464038,Withdrawal,660
T002765,C0082,2025-05-20 19:46:32.332694390,Deposit,5847
T002766,C0994,2025-05-20 20:59:23.096924744,Deposit,7721
T002767,C1180,2025-05-20 22:12:13.861155096,Withdrawal,148
T002768,C0166,2025-05-20 23:25:04.625385448,Withdrawal,2036
T002769,C2256,2025-05-21 00:37:55.389615802,Transfer,2327
T002770,C2072,2025-05-21 01:50:46.153846154,Deposit,1731
T002771,C0807,2025-05-21 03:03:36.918076506,Withdrawal,2962
T002772,C0332,2025-05-21 04:16:27.682306858,Deposit,1504
T002773,C1586,2025-05-21 05:29:18.446537212,Withdrawal,1043
T002774,C1535,2025-05-21 06:42:09.210767564,Transfer,3579
T002775,C1617,2025-05-21 07:54:59.974997916,Withdrawal,1606
T002776,C2289,2025-05-21 09:07:50.739228268,Withdrawal,1220
T002777,C0181,2025-05-21 10:20:41.503458622,Withdrawal,1515
T002778,C1317,2025-05-21 11:33:32.267688974,Deposit,1550
T002779,C2017,2025-05-21 12:46:23.031919326,Transfer,1804
T002780,C1107,2025-05-21 13:59:13.796149678,Withdrawal,850
T002781,C1590,2025-05-21 15:12:04.560380032,Withdrawal,452
T002782,C2138,2025-05-21 16:24:55.324610384,Transfer,2054
T002783,C2487,2025-05-21 17:37:46.088840736,Withdrawal,2041
T002784,C1739,2025-05-21 18:50:36.853071090,Withdrawal,679
T002785,C2241,2025-05-21 20:03:27.617301442,Withdrawal,3492
T002786,C0488,2025-05-21 21:16:18.381531794,Deposit,878
T002787,C0612,2025-05-21 22:29:09.145762146,Deposit,988
T002788,C1113,2025-05-21 23:41:59.909992500,Transfer,3150
T002789,C1398,2025-05-22 00:54:50.674222852,Deposit,1051
T002790,C1457,2025-05-22 02:07:41.438453204,Withdrawal,740
T002791,C2194,2025-05-22 03:20:32.202683556,Deposit,604
T002792,C1338,2025-05-22 04:33:22.966913910,Deposit,1173
T002793,C0327,2025-05-22 05:46:13.731144262,Withdrawal,439
T002794,C2201,2025-05-22 06:59:04.495374614,Withdrawal,1517
T002795,C0402,2025-05-22 08:11:55.259604966,Deposit,2521
T002796,C0488,2025-05-22 09:24:46.023835320,Transfer,866
T002797,C2115,2025-05-22 10:37:36.788065672,Withdrawal,208
T002798,C2137,2025-05-22 11:50:27.552296024,Deposit,653
T002799,C1159,2025-05-22 13:03:18.316526376,Withdrawal,3441
T002800,C2250,2025-05-22 14:16:09.080756730,Transfer,1644
T002801,C2476,2025-05-22 15:28:59.844987082,Deposit,2487
T002802,C1203,2025-05-22 16:41:50.609217434,Withdrawal,2785
T002803,C2387,2025-05-22 17:54:41.373447788,Deposit,1073
T002804,C0079,2025-05-22 19:07:32.137678140,Deposit,1910
T002805,C1621,2025-05-22 20:20:22.901908492,Transfer,1752
T002806,C1557,2025-05-22 21:33:13.666138844,Transfer,3344
T002807,C0378,2025-05-22 22:46:04.430369198,Deposit,1226
T002808,C0165,2025-05-22 23:58:55.194599550,Transfer,4729
T002809,C1564,2025-05-23 01:11:45.958829902,Deposit,857
T002810,C0749,2025-05-23 02:24:36.723060254,Withdrawal,9301
T002811,C1721,2025-05-23 03:37:27.487290608,Withdrawal,1237
T002812,C1846,2025-05-23 04:50:18.251520960,Withdrawal,1474
T002813,C0155,2025-05-23 06:03:09.015751312,Transfer,7189
T002814,C1147,2025-05-23 07:15:59.779981664,Withdrawal,3610
T002815,C1064,2025-05-23 08:28:50.544212018,Withdrawal,2438
T002816,C2217,2025-05-23 09:41:41.308442370,Transfer,5406
T002817,C1354,2025-05-23 10:54:32.072672722,Deposit,6557
T002818,C1464,2025-05-23 12:07:22.836903076,Withdrawal,1244
T002819,C1517,2025-05-23 13:20:13.601133428,Withdrawal,1277
T002820,C2402,2025-05-23 14:33:04.365363780,Transfer,8345
T002821,C0328,2025-05-23 15:45:55.129594132,Withdrawal,767
T002822,C1527,2025-05-23 16:58:45.893824486,Transfer,1380
T002823,C2393,2025-05-23 18:11:36.658054838,Withdrawal,459
T002824,C0789,2025-05-23 19:24:27.422285190,Deposit,11619
T002825,C2425,2025-05-23 20:37:18.186515542,Transfer,1721
T002826,C1319,2025-05-23 21:50:08.950745896,Withdrawal,8875
T002827,C2482,2025-05-23 23:02:59.714976248,Withdrawal,3746
T002828,C0562,2025-05-24 00:15:50.479206600,Transfer,4363
T002829,C0513,2025-05-24 01:28:41.243436952,Withdrawal,4435
T002830,C0516,2025-05-24 02:41:32.007667306,Withdrawal,1263
T002831,C1540,2025-05-24 03:54:22.771897658,Withdrawal,2491
T002832,C1186,2025-05-24 05:07:13.536128010,Withdrawal,1067
T002833,C0667,2025-05-24 06:20:04.300358362,Withdrawal,4689
T002834,C1551,2025-05-24 07:32:55.064588716,Deposit,657
T002835,C2413,2025-05-24 08:45:45.828819068,Transfer,10234
T002836,C1568,2025-05-24 09:58:36.593049420,Withdrawal,2087
T002837,C1449,2025-05-24 11:11:27.357279774,Deposit,15951
T002838,C0967,2025-05-24 12:24:18.121510126,Withdrawal,671
T002839,C1981,2025-05-24 13:37:08.885740478,Deposit,1927
T002840,C1599,2025-05-24 14:49:59.649970830,Withdrawal,912
T002841,C1981,2025-05-24 16:02:50.414201184,Deposit,2039
T002842,C0364,2025-05-24 17:15:41.178431536,Deposit,1115
T002843,C0108,2025-05-24 18:28:31.942661888,Transfer,1180
T002844,C0623,2025-05-24 19:41:22.706892240,Withdrawal,928
T002845,C0321,2025-05-24 20:54:13.471122594,Deposit,401
T002846,C0510,2025-05-24 22:07:04.235352946,Deposit,15890
T002847,C1065,2025-05-24 23:19:54.999583298,Transfer,732
T002848,C0304,2025-05-25 00:32:45.763813650,Transfer,3386
T002849,C0969,2025-05-25 01:45:36.528044004,Withdrawal,936
T002850,C1439,2025-05-25 02:58:27.292274356,Withdrawal,4085
T002851,C1418,2025-05-25 04:11:18.056504708,Deposit,1413
T002852,C2413,2025-05-25 05:24:08.820735062,Withdrawal,9440
T002853,C0989,2025-05-25 06:36:59.584965414,Deposit,1061
T002854,C2200,2025-05-25 07:49:50.349195766,Transfer,3794
T002855,C0259,2025-05-25 09:02:41.113426118,Deposit,6227
T002856,C1975,2025-05-25 10:15:31.877656472,Withdrawal,3363
T002857,C2271,2025-05-25 11:28:22.641886824,Deposit,3205
T002858,C1290,2025-05-25 12:41:13.406117176,Deposit,420
T002859,C0230,2025-05-25 13:54:04.170347528,Deposit,2628
T002860,C2487,2025-05-25 15:06:54.934577882,Deposit,3033
T002861,C0150,2025-05-25 16:19:45.698808234,Deposit,301
T002862,C0910,2025-05-25 17:32:36.463038586,Transfer,1332
T002863,C0978,2025-05-25 18:45:27.227268938,Withdrawal,1580
T002864,C0635,2025-05-25 19:58:17.991499292,Withdrawal,1010
T002865,C1894,2025-05-25 21:11:08.755729644,Transfer,1292
T002866,C2447,2025-05-25 22:23:59.519959996,Deposit,846
T002867,C0622,2025-05-25 23:36:50.284190348,Transfer,835
T002868,C2191,2025-05-26 00:49:41.048420702,Transfer,1158
T002869,C0948,2025-05-26 02:02:31.812651054,Deposit,9013
T002870,C1094,2025-05-26 03:15:22.576881406,Transfer,2695
T002871,C0054,2025-05-26 04:28:13.341111760,Deposit,655
T002872,C0844,2025-05-26 05:41:04.105342112,Deposit,901
T002873,C1866,2025-05-26 06:53:54.869572464,Deposit,390
T002874,C0299,2025-05-26 08:06:45.633802816,Transfer,17241
T002875,C0445,2025-05-26 09:19:36.398033170,Withdrawal,1195
T002876,C0098,2025-05-26 10:32:27.162263522,Withdrawal,1778
T002877,C2106,2025-05-26 11:45:17.926493874,Deposit,4822
T002878,C0177,2025-05-26 12:58:08.690724226,Deposit,1600
T002879,C0719,2025-05-26 14:10:59.454954580,Transfer,4544
T002880,C1309,2025-05-26 15:23:50.219184932,Deposit,4250
T002881,C2039,2025-05-26 16:36:40.983415284,Deposit,413
T002882,C0323,2025-05-26 17:49:31.747645636,Deposit,1053
T002883,C1724,2025-05-26 19:02:22.511875990,Deposit,11628
T002884,C1394,2025-05-26 20:15:13.276106342,Withdrawal,552
T002885,C1990,2025-05-26 21:28:04.040336694,Withdrawal,383
T002886,C0846,2025-05-26 22:40:54.804567048,Withdrawal,618
T002887,C0090,2025-05-26 23:53:45.568797400,Deposit,567
T002888,C0131,2025-05-27 01:06:36.333027752,Deposit,3883
T002889,C1053,2025-05-27 02:19:27.097258104,Deposit,4749
T002890,C2106,2025-05-27 03:32:17.861488458,Transfer,1460
T002891,C1081,2025-05-27 04:45:08.625718810,Deposit,1266
T002892,C0994,2025-05-27 05:57:59.389949162,Deposit,8077
T002893,C1418,2025-05-27 07:10:50.154179514,Deposit,3020
T002894,C0190,2025-05-27 08:23:40.918409868,Withdrawal,3067
T002895,C2124,2025-05-27 09:36:31.682640220,Withdrawal,3627
T002896,C2419,2025-05-27 10:49:22.446870572,Deposit,9172
T002897,C0899,2025-05-27 12:02:13.211100924,Withdrawal,2703
T002898,C1761,2025-05-27 13:15:03.975331278,Withdrawal,1164
T002899,C0506,2025-05-27 14:27:54.739561630,Withdrawal,2062
T002900,C1967,2025-05-27 15:40:45.503791982,Transfer,4822
T002901,C0183,2025-05-27 16:53:36.268022334,Deposit,2129
T002902,C0154,2025-05-27 18:06:27.032252688,Transfer,3495
T002903,C1293,2025-05-27 19:19:17.796483040,Withdrawal,1326
T002904,C1954,2025-05-27 20:32:08.560713392,Deposit,633
T002905,C1047,2025-05-27 21:44:59.324943746,Withdrawal,4517
T002906,C0606,2025-05-27 22:57:50.089174098,Withdrawal,2210
T002907,C1367,2025-05-28 00:10:40.853404450,Transfer,1887
T002908,C2387,2025-05-28 01:23:31.617634802,Deposit,5295
T002909,C1959,2025-05-28 02:36:22.381865156,Withdrawal,1692
T002910,C1065,2025-05-28 03:49:13.146095508,Transfer,1563
T002911,C1700,2025-05-28 05:02:03.910325860,Deposit,609
T002912,C0518,2025-05-28 06:14:54.674556212,Withdrawal,2477
T002913,C2455,2025-05-28 07:27:45.438786566,Withdrawal,6400
T002914,C0138,2025-05-28 08:40:36.203016918,Withdrawal,859
T002915,C1123,2025-05-28 09:53:26.967247270,Transfer,3273
T002916,C2389,2025-05-28 11:06:17.731477622,Withdrawal,1339
T002917,C1340,2025-05-28 12:19:08.495707976,Deposit,369
T002918,C2273,2025-05-28 13:31:59.259938328,Withdrawal,873
T002919,C2309,2025-05-28 14:44:50.024168680,Deposit,5116
T002920,C1103,2025-05-28 15:57:40.788399034,Deposit,3319
T002921,C0697,2025-05-28 17:10:31.552629386,Withdrawal,539
T002922,C0811,2025-05-28 18:23:22.316859738,Deposit,1342
T002923,C0473,2025-05-28 19:36:13.081090090,Deposit,3695
T002924,C0077,2025-05-28 20:49:03.845320444,Deposit,3875
T002925,C2310,2025-05-28 22:01:54.609550796,Withdrawal,1632
T002926,C1026,2025-05-28 23:14:45.373781148,Deposit,100
T002927,C2065,2025-05-29 00:27:36.138011500,Withdrawal,772
T002928,C0344,2025-05-29 01:40:26.902241854,Deposit,572
T002929,C0940,2025-05-29 02:53:17.666472206,Deposit,1008
T002930,C0846,2025-05-29 04:06:08.430702558,Deposit,768
T002931,C1031,2025-05-29 05:18:59.194932910,Deposit,1841
T002932,C2294,2025-05-29 06:31:49.959163264,Withdrawal,1452
T002933,C0986,2025-05-29 07:44:40.723393616,Deposit,671
T002934,C0174,2025-05-29 08:57:31.487623968,Withdrawal,5801
T002935,C0846,2025-05-29 10:10:22.251854320,Withdrawal,3072
T002936,C0693,2025-05-29 11:23:13.016084674,Deposit,1509
T002937,C1009,2025-05-29 12:36:03.780315026,Deposit,2431
T002938,C2329,2025-05-29 13:48:54.544545378,Withdrawal,933
T002939,C1333,2025-05-29 15:01:45.308775732,Withdrawal,1023
T002940,C0237,2025-05-29 16:14:36.073006084,Transfer,7075
T002941,C2205,2025-05-29 17:27:26.837236436,Deposit,7571
T002942,C1275,2025-05-29 18:40:17.601466788,Withdrawal,867
T002943,C1245,2025-05-29 19:53:08.365697142,Deposit,958
T002944,C0338,2025-05-29 21:05:59.129927494,Deposit,481
T002945,C1235,2025-05-29 22:18:49.894157846,Deposit,1109
T002946,C0337,2025-05-29 23:31:40.658388198,Deposit,4652
T002947,C1158,2025-05-30 00:44:31.422618552,Withdrawal,267
T002948,C1868,2025-05-30 01:57:22.186848904,Deposit,2083
T002949,C0495,2025-05-30 03:10:12.951079256,Withdrawal,1033
T002950,C0547,2025-05-30 04:23:03.715309608,Deposit,2169
T002951,C0161,2025-05-30 05:35:54.479539962,Deposit,985
T002952,C2037,2025-05-30 06:48:45.243770314,Transfer,2572
T002953,C2435,2025-05-30 08:01:36.008000666,Withdrawal,1469
T002954,C1742,2025-05-30 09:14:26.772231020,Withdrawal,1554
T002955,C1508,2025-05-30 10:27:17.536461372,Deposit,11571
T002956,C1526,2025-05-30 11:40:08.300691724,Deposit,2367
T002957,C0988,2025-05-30 12:52:59.064922076,Deposit,1627
T002958,C1376,2025-05-30 14:05:49.829152430,Transfer,14670
T002959,C1554,2025-05-30 15:18:40.593382782,Deposit,2589
T002960,C2282,2025-05-30 16:31:31.357613134,Withdrawal,23247
T002961,C2024,2025-05-30 17:44:22.121843486,Transfer,14187
T002962,C1918,2025-05-30 18:57:12.886073840,Transfer,386
T002963,C1869,2025-05-30 20:10:03.650304192,Transfer,2704
T002964,C1602,2025-05-30 21:22:54.414534544,Withdrawal,1970
T002965,C1300,2025-05-30 22:35:45.178764896,Deposit,1484
T002966,C0711,2025-05-30 23:48:35.942995250,Transfer,1063
T002967,C1477,2025-05-31 01:01:26.707225602,Transfer,804
T002968,C2461,2025-05-31 02:14:17.471455954,Withdrawal,1584
T002969,C1042,2025-05-31 03:27:08.235686306,Deposit,738
T002970,C0072,2025-05-31 04:39:58.999916660,Withdrawal,1337
T002971,C2426,2025-05-31 05:52:49.764147012,Deposit,820
T002972,C2047,2025-05-31 07:05:40.528377364,Withdrawal,349
T002973,C1379,2025-05-31 08:18:31.292607718,Withdrawal,819
T002974,C1818,2025-05-31 09:31:22.056838070,Withdrawal,983
T002975,C2199,2025-05-31 10:44:12.821068422,Withdrawal,4971
T002976,C1104,2025-05-31 11:57:03.585298774,Withdrawal,1337
T002977,C0720,2025-05-31 13:09:54.349529128,Withdrawal,5091
T002978,C2016,2025-05-31 14:22:45.113759480,Transfer,7294
T002979,C1932,2025-05-31 15:35:35.877989832,Withdrawal,897
T002980,C2178,2025-05-31 16:48:26.642220184,Withdrawal,604
T002981,C1195,2025-05-31 18:01:17.406450538,Withdrawal,2829
T002982,C0406,2025-05-31 19:14:08.170680890,Withdrawal,6202
T002983,C1946,2025-05-31 20:26:58.934911242,Transfer,1212
T002984,C1057,2025-05-31 21:39:49.699141594,Deposit,1173
T002985,C0536,2025-05-31 22:52:40.463371948,Withdrawal,2670
T002986,C2245,2025-06-01 00:05:31.227602300,Deposit,5212
T002987,C1070,2025-06-01 01:18:21.991832652,Withdrawal,3317
T002988,C0274,2025-06-01 02:31:12.756063006,Transfer,1436
T002989,C1767,2025-06-01 03:44:03.520293358,Deposit,441
T002990,C0133,2025-06-01 04:56:54.284523710,Deposit,5261
T002991,C0264,2025-06-01 06:09:45.048754062,Withdrawal,1446
T002992,C0367,2025-06-01 07:22:35.812984416,Transfer,1828
T002993,C2053,2025-06-01 08:35:26.577214768,Deposit,2215
T002994,C2317,2025-06-01 09:48:17.341445120,Withdrawal,977
T002995,C0851,2025-06-01 11:01:08.105675472,Deposit,1700
T002996,C1730,2025-06-01 12:13:58.869905826,Transfer,9033
T002997,C1445,2025-06-01 13:26:49.634136178,Withdrawal,228
T002998,C1370,2025-06-01 14:39:40.398366530,Withdrawal,856
T002999,C1949,2025-06-01 15:52:31.162596882,Deposit,1318
T003000,C2117,2025-06-01 17:05:21.926827236,Withdrawal,3076
T003001,C0358,2025-06-01 18:18:12.691057588,Deposit,586
T003002,C1712,2025-06-01 19:31:03.455287940,Withdrawal,5348
T003003,C1410,2025-06-01 20:43:54.219518292,Withdrawal,2978
T003004,C0325,2025-06-01 21:56:44.983748646,Withdrawal,3972
T003005,C0751,2025-06-01 23:09:35.747978998,Transfer,1610
T003006,C0256,2025-06-02 00:22:26.512209350,Deposit,1408
T003007,C2467,2025-06-02 01:35:17.276439704,Deposit,1318
T003008,C2259,2025-06-02 02:48:08.040670056,Withdrawal,8397
T003009,C0911,2025-06-02 04:00:58.804900408,Withdrawal,1965
T003010,C0584,2025-06-02 05:13:49.569130760,Deposit,6189
T003011,C0577,2025-06-02 06:26:40.333361114,Deposit,2373
T003012,C2214,2025-06-02 07:39:31.097591466,Withdrawal,2710
T003013,C2262,2025-06-02 08:52:21.861821818,Deposit,2720
T003014,C1872,2025-06-02 10:05:12.626052170,Transfer,2809
T003015,C1153,2025-06-02 11:18:03.390282524,Withdrawal,2154
T003016,C2051,2025-06-02 12:30:54.154512876,Transfer,13909
T003017,C0895,2025-06-02 13:43:44.918743228,Transfer,692
T003018,C1784,2025-06-02 14:56:35.682973580,Withdrawal,495
T003019,C1094,2025-06-02 16:09:26.447203934,Withdrawal,603
T003020,C2100,2025-06-02 17:22:17.211434286,Withdrawal,2728
T003021,C0437,2025-06-02 18:35:07.975664638,Transfer,6164
T003022,C1022,2025-06-02 19:47:58.739894992,Withdrawal,534
T003023,C2142,2025-06-02 21:00:49.504125344,Deposit,4541
T003024,C2134,2025-06-02 22:13:40.268355696,Withdrawal,328
T003025,C0518,2025-06-02 23:26:31.032586048,Deposit,3174
T003026,C0742,2025-06-03 00:39:21.796816402,Deposit,4412
T003027,C2025,2025-06-03 01:52:12.561046754,Deposit,5805
T003028,C2478,2025-06-03 03:05:03.325277106,Deposit,7580
T003029,C0863,2025-06-03 04:17:54.089507458,Transfer,703
T003030,C2042,2025-06-03 05:30:44.853737812,Deposit,982
T003031,C0043,2025-06-03 06:43:35.617968164,Deposit,5314
T003032,C1848,2025-06-03 07:56:26.382198516,Withdrawal,4799
T003033,C1734,2025-06-03 09:09:17.146428868,Transfer,3460
T003034,C0404,2025-06-03 10:22:07.910659222,Deposit,811
T003035,C1327,2025-06-03 11:34:58.674889574,Withdrawal,2068
T003036,C1206,2025-06-03 12:47:49.439119926,Deposit,6734
T003037,C2217,2025-06-03 14:00:40.203350278,Deposit,1751
T003038,C2251,2025-06-03 15:13:30.967580632,Deposit,1974
T003039,C2150,2025-06-03 16:26:21.731810984,Withdrawal,1072
T003040,C1600,2025-06-03 17:39:12.496041336,Withdrawal,2270
T003041,C2394,2025-06-03 18:52:03.260271690,Deposit,2235
T003042,C0442,2025-06-03 20:04:54.024502042,Deposit,879
T003043,C0250,2025-06-03 21:17:44.788732394,Deposit,5256
T003044,C0878,2025-06-03 22:30:35.552962746,Transfer,640
T003045,C1887,2025-06-03 23:43:26.317193100,Withdrawal,1141
T003046,C1304,2025-06-04 00:56:17.081423452,Withdrawal,782
T003047,C1741,2025-06-04 02:09:07.845653804,Withdrawal,2109
T003048,C1113,2025-06-04 03:21:58.609884156,Withdrawal,563
T003049,C1945,2025-06-04 04:34:49.374114510,Deposit,1294
T003050,C1899,2025-06-04 05:47:40.138344862,Deposit,3459
T003051,C2023,2025-06-04 07:00:30.902575214,Deposit,438
T003052,C0248,2025-06-04 08:13:21.666805566,Transfer,673
T003053,C2139,2025-06-04 09:26:12.431035920,Transfer,9986
T003054,C0568,2025-06-04 10:39:03.195266272,Withdrawal,10218
T003055,C1870,2025-06-04 11:51:53.959496624,Deposit,3707
T003056,C1863,2025-06-04 13:04:44.723726978,Deposit,1811
T003057,C1189,2025-06-04 14:17:35.487957330,Deposit,1056
T003058,C1354,2025-06-04 15:30:26.252187682,Withdrawal,3650
T003059,C2128,2025-06-04 16:43:17.016418034,Withdrawal,7164
T003060,C0934,2025-06-04 17:56:07.780648388,Transfer,673
T003061,C0981,2025-06-04 19:08:58.544878740,Withdrawal,821
T003062,C0870,2025-06-04 20:21:49.309109092,Deposit,1232
T003063,C0169,2025-06-04 21:34:40.073339444,Deposit,2557
T003064,C0379,2025-06-04 22:47:30.837569798,Deposit,4934
T003065,C1233,2025-06-05 00:00:21.601800150,Deposit,2110
T003066,C1933,2025-06-05 01:13:12.366030502,Transfer,949
T003067,C1926,2025-06-05 02:26:03.130260854,Withdrawal,2847
T003068,C0194,2025-06-05 03:38:53.894491208,Deposit,1249
T003069,C0264,2025-06-05 04:51:44.658721560,Deposit,1795
T003070,C1271,2025-06-05 06:04:35.422951912,Withdrawal,1124
T003071,C1654,2025-06-05 07:17:26.187182264,Withdrawal,1677
T003072,C1472,2025-06-05 08:30:16.951412618,Withdrawal,14196
T003073,C2016,2025-06-05 09:43:07.715642970,Deposit,924
T003074,C1764,2025-06-05 10:55:58.479873322,Withdrawal,1833
T003075,C0521,2025-06-05 12:08:49.244103676,Deposit,6157
T003076,C0919,2025-06-05 13:21:40.008334028,Withdrawal,5169
T003077,C1301,2025-06-05 14:34:30.772564380,Deposit,12111
T003078,C0574,2025-06-05 15:47:21.536794732,Deposit,2605
T003079,C1538,2025-06-05 17:00:12.301025086,Deposit,495
T003080,C1384,2025-06-05 18:13:03.065255438,Deposit,3168
T003081,C1381,2025-06-05 19:25:53.829485790,Deposit,717
T003082,C1524,2025-06-05 20:38:44.593716142,Transfer,1467
T003083,C0896,2025-06-05 21:51:35.357946496,Deposit,1241
T003084,C1107,2025-06-05 23:04:26.122176848,Withdrawal,1098
T003085,C0517,2025-06-06 00:17:16.886407200,Withdrawal,644
T003086,C1024,2025-06-06 01:30:07.650637552,Deposit,1421
T003087,C0896,2025-06-06 02:42:58.414867906,Withdrawal,372
T003088,C0465,2025-06-06 03:55:49.179098258,Transfer,1436
T003089,C1611,2025-06-06 05:08:39.943328610,Deposit,2362
T003090,C0613,2025-06-06 06:21:30.707558962,Transfer,5926
T003091,C0605,2025-06-06 07:34:21.471789316,Transfer,219
T003092,C1655,2025-06-06 08:47:12.236019668,Transfer,4435
T003093,C0621,2025-06-06 10:00:03.000250020,Deposit,4935
T003094,C2184,2025-06-06 11:12:53.764480374,Withdrawal,2065
T003095,C2378,2025-06-06 12:25:44.528710726,Withdrawal,671
T003096,C2443,2025-06-06 13:38:35.292941078,Deposit,5456
T003097,C0156,2025-06-06 14:51:26.057171430,Withdrawal,3840
T003098,C0244,2025-06-06 16:04:16.821401784,Transfer,822
T003099,C0450,2025-06-06 17:17:07.585632136,Transfer,1119
T003100,C2326,2025-06-06 18:29:58.349862488,Deposit,1718
T003101,C0754,2025-06-06 19:42:49.114092840,Deposit,8251
T003102,C0406,2025-06-06 20:55:39.878323194,Deposit,850
T003103,C1070,2025-06-06 22:08:30.642553546,Deposit,2898
T003104,C0749,2025-06-06 23:21:21.406783898,Withdrawal,1836
T003105,C1295,2025-06-07 00:34:12.171014250,Withdrawal,1398
T003106,C1580,2025-06-07 01:47:02.935244604,Withdrawal,5804
T003107,C2286,2025-06-07 02:59:53.699474956,Transfer,422
T003108,C2036,2025-06-07 04:12:44.463705308,Deposit,6138
T003109,C1191,2025-06-07 05:25:35.227935662,Withdrawal,3047
T003110,C1400,2025-06-07 06:38:25.992166014,Withdrawal,4251
T003111,C2249,2025-06-07 07:51:16.756396366,Transfer,2958
T003112,C2280,2025-06-07 09:04:07.520626718,Transfer,4180
T003113,C0724,2025-06-07 10:16:58.284857072,Withdrawal,5210
T003114,C1442,2025-06-07 11:29:49.049087424,Transfer,7098
T003115,C1178,2025-06-07 12:42:39.813317776,Withdrawal,447
T003116,C0725,2025-06-07 13:55:30.577548128,Transfer,133
T003117,C0087,2025-06-07 15:08:21.341778482,Withdrawal,3495
T003118,C0054,2025-06-07 16:21:12.106008834,Deposit,2979
T003119,C1752,2025-06-07 17:34:02.870239186,Transfer,791
T003120,C1066,2025-06-07 18:46:53.634469538,Deposit,1905
T003121,C1254,2025-06-07 19:59:44.398699892,Transfer,2039
T003122,C0742,2025-06-07 21:12:35.162930244,Withdrawal,606
T003123,C2484,2025-06-07 22:25:25.927160596,Withdrawal,563
T003124,C1873,2025-06-07 23:38:16.691390948,Deposit,1951
T003125,C2490,2025-06-08 00:51:07.455621302,Deposit,9823
T003126,C2215,2025-06-08 02:03:58.219851654,Transfer,5063
T003127,C1947,2025-06-08 03:16:48.984082006,Deposit,4383
T003128,C1487,2025-06-08 04:29:39.748312360,Transfer,2750
T003129,C0073,2025-06-08 05:42:30.512542712,Withdrawal,2367
T003130,C0725,2025-06-08 06:55:21.276773064,Withdrawal,567
T003131,C0270,2025-06-08 08:08:12.041003416,Withdrawal,3841
T003132,C0219,2025-06-08 09:21:02.805233770,Deposit,5799
T003133,C0547,2025-06-08 10:33:53.569464122,Deposit,7289
T003134,C1102,2025-06-08 11:46:44.333694474,Withdrawal,277
T003135,C2356,2025-06-08 12:59:35.097924826,Transfer,5967
T003136,C1789,2025-06-08 14:12:25.862155180,Withdrawal,4902
T003137,C1969,2025-06-08 15:25:16.626385532,Deposit,934
T003138,C1928,2025-06-08 16:38:07.390615884,Transfer,2174
T003139,C0421,2025-06-08 17:50:58.154846236,Withdrawal,4939
T003140,C1260,2025-06-08 19:03:48.919076590,Withdrawal,1997
T003141,C1858,2025-06-08 20:16:39.683306942,Withdrawal,2426
T003142,C0585,2025-06-08 21:29:30.447537294,Withdrawal,1441
T003143,C1563,2025-06-08 22:42:21.211767648,Withdrawal,15020
T003144,C2086,2025-06-08 23:55:11.975998000,Withdrawal,3836
T003145,C1790,2025-06-09 01:08:02.740228352,Deposit,937
T003146,C2474,2025-06-09 02:20:53.504458704,Withdrawal,3218
T003147,C1893,2025-06-09 03:33:44.268689058,Deposit,1467
T003148,C2482,2025-06-09 04:46:35.032919410,Withdrawal,1534
T003149,C0205,2025-06-09 05:59:25.797149762,Deposit,2817
T003150,C0742,2025-06-09 07:12:16.561380114,Deposit,3717
T003151,C1205,2025-06-09 08:25:07.325610468,Transfer,2501
T003152,C2088,2025-06-09 09:37:58.089840820,Deposit,1141
T003153,C0168,2025-06-09 10:50:48.854071172,Withdrawal,2432
T003154,C0642,2025-06-09 12:03:39.618301524,Withdrawal,3128
T003155,C1106,2025-06-09 13:16:30.382531878,Deposit,965
T003156,C1824,2025-06-09 14:29:21.146762230,Withdrawal,1846
T003157,C0102,2025-06-09 15:42:11.910992582,Transfer,8739
T003158,C0089,2025-06-09 16:55:02.675222934,Deposit,4926
T003159,C2393,2025-06-09 18:07:53.439453288,Withdrawal,1245
T003160,C1947,2025-06-09 19:20:44.203683640,Deposit,1419
T003161,C0608,2025-06-09 20:33:34.967913992,Deposit,12856
T003162,C2207,2025-06-09 21:46:25.732144346,Transfer,4112
T003163,C2211,2025-06-09 22:59:16.496374698,Withdrawal,4312
T003164,C0286,2025-06-10 00:12:07.260605050,Deposit,915
T003165,C0865,2025-06-10 01:24:58.024835402,Deposit,2000
T003166,C0055,2025-06-10 02:37:48.789065756,Deposit,1357
T003167,C0576,2025-06-10 03:50:39.553296108,Withdrawal,1366
T003168,C2081,2025-06-10 05:03:30.317526460,Deposit,194
T003169,C0558,2025-06-10 06:16:21.081756812,Withdrawal,2375
T003170,C0731,2025-06-10 07:29:11.845987166,Withdrawal,1920
T003171,C0993,2025-06-10 08:42:02.610217518,Deposit,1729
T003172,C0801,2025-06-10 09:54:53.374447870,Withdrawal,5130
T003173,C0196,2025-06-10 11:07:44.138678222,Deposit,500
T003174,C0448,2025-06-10 12:20:34.902908576,Deposit,716
T003175,C1822,2025-06-10 13:33:25.667138928,Deposit,2258
T003176,C1615,2025-06-10 14:46:16.431369280,Deposit,2446
T003177,C0092,2025-06-10 15:59:07.195599634,Transfer,257
T003178,C0608,2025-06-10 17:11:57.959829986,Withdrawal,912
T003179,C1252,2025-06-10 18:24:48.724060338,Transfer,6741
T003180,C0286,2025-06-10 19:37:39.488290690,Withdrawal,365
T003181,C0102,2025-06-10 20:50:30.252521044,Deposit,2086
T003182,C0140,2025-06-10 22:03:21.016751396,Deposit,1594
T003183,C0835,2025-06-10 23:16:11.780981748,Transfer,1213
T003184,C1679,2025-06-11 00:29:02.545212100,Deposit,1447
T003185,C2314,2025-06-11 01:41:53.309442454,Withdrawal,559
T003186,C0535,2025-06-11 02:54:44.073672806,Deposit,2306
T003187,C0016,2025-06-11 04:07:34.837903158,Deposit,385
T003188,C0561,2025-06-11 05:20:25.602133510,Deposit,8645
T003189,C2384,2025-06-11 06:33:16.366363864,Deposit,1082
T003190,C0910,2025-06-11 07:46:07.130594216,Deposit,12473
T003191,C1414,2025-06-11 08:58:57.894824568,Deposit,4310
T003192,C2218,2025-06-11 10:11:48.659054920,Withdrawal,4195
T003193,C0913,2025-06-11 11:24:39.423285274,Withdrawal,4614
T003194,C0119,2025-06-11 12:37:30.187515626,Withdrawal,3768
T003195,C2058,2025-06-11 13:50:20.951745978,Deposit,3209
T003196,C2478,2025-06-11 15:03:11.715976332,Withdrawal,855
T003197,C1492,2025-06-11 16:16:02.480206684,Deposit,471
T003198,C2097,2025-06-11 17:28:53.244437036,Transfer,4674
T003199,C2255,2025-06-11 18:41:44.008667388,Withdrawal,6278
T003200,C0514,2025-06-11 19:54:34.772897742,Deposit,1067
T003201,C2008,2025-06-11 21:07:25.537128094,Deposit,1873
T003202,C1234,2025-06-11 22:20:16.301358446,Withdrawal,5793
T003203,C1163,2025-06-11 23:33:07.065588798,Deposit,589
T003204,C0037,2025-06-12 00:45:57.829819152,Deposit,1167
T003205,C2266,2025-06-12 01:58:48.594049504,Withdrawal,2326
T003206,C1480,2025-06-12 03:11:39.358279856,Deposit,4498
T003207,C1536,2025-06-12 04:24:30.122510208,Deposit,713
T003208,C2228,2025-06-12 05:37:20.886740562,Deposit,4399
T003209,C1541,2025-06-12 06:50:11.650970914,Transfer,2388
T003210,C0130,2025-06-12 08:03:02.415201266,Deposit,4651
T003211,C1772,2025-06-12 09:15:53.179431620,Withdrawal,2403
T003212,C0359,2025-06-12 10:28:43.943661972,Withdrawal,2622
T003213,C1623,2025-06-12 11:41:34.707892324,Deposit,2876
T003214,C1582,2025-06-12 12:54:25.472122676,Transfer,1705
T003215,C1178,2025-06-12 14:07:16.236353030,Withdrawal,2836
T003216,C0506,2025-06-12 15:20:07.000583382,Deposit,4491
T003217,C1533,2025-06-12 16:32:57.764813734,Withdrawal,1084
T003218,C0818,2025-06-12 17:45:48.529044086,Transfer,374
T003219,C0794,2025-06-12 18:58:39.293274440,Transfer,2100
T003220,C0839,2025-06-12 20:11:30.057504792,Withdrawal,1413
T003221,C0623,2025-06-12 21:24:20.821735144,Withdrawal,3270
T003222,C0097,2025-06-12 22:37:11.585965496,Deposit,206
T003223,C1964,2025-06-12 23:50:02.350195850,Transfer,2323
T003224,C1306,2025-06-13 01:02:53.114426202,Deposit,5460
T003225,C1725,2025-06-13 02:15:43.878656554,Deposit,6401
T003226,C0599,2025-06-13 03:28:34.642886906,Transfer,10404
T003227,C0429,2025-06-13 04:41:25.407117260,Deposit,6900
T003228,C1567,2025-06-13 05:54:16.171347612,Withdrawal,16391
T003229,C1325,2025-06-13 07:07:06.935577964,Withdrawal,3513
T003230,C2415,2025-06-13 08:19:57.699808318,Transfer,1784
T003231,C1853,2025-06-13 09:32:48.464038670,Deposit,1067
T003232,C1768,2025-06-13 10:45:39.228269022,Withdrawal,1956
T003233,C1069,2025-06-13 11:58:29.992499374,Deposit,15772
T003234,C1517,2025-06-13 13:11:20.756729728,Deposit,2507
T003235,C1340,2025-06-13 14:24:11.520960080,Transfer,2187
T003236,C2100,2025-06-13 15:37:02.285190432,Withdrawal,9455
T003237,C0564,2025-06-13 16:49:53.049420784,Deposit,4668
T003238,C0977,2025-06-13 18:02:43.813651138,Deposit,1949
T003239,C1342,2025-06-13 19:15:34.577881490,Deposit,2313
T003240,C1434,2025-06-13 20:28:25.342111842,Withdrawal,1730
T003241,C2371,2025-06-13 21:41:16.106342194,Deposit,2405
T003242,C1615,2025-06-13 22:54:06.870572548,Deposit,1003
T003243,C1585,2025-06-14 00:06:57.634802900,Deposit,1661
T003244,C1254,2025-06-14 01:19:48.399033252,Transfer,1631
T003245,C1368,2025-06-14 02:32:39.163263606,Withdrawal,370
T003246,C1395,2025-06-14 03:45:29.927493958,Withdrawal,2507
T003247,C0556,2025-06-14 04:58:20.691724310,Deposit,1140
T003248,C1271,2025-06-14 06:11:11.455954662,Withdrawal,790
T003249,C0219,2025-06-14 07:24:02.220185016,Transfer,3245
T003250,C0534,2025-06-14 08:36:52.984415368,Withdrawal,2634
T003251,C1496,2025-06-14 09:49:43.748645720,Deposit,17807
T003252,C1374,2025-06-14 11:02:34.512876072,Transfer,362
T003253,C0044,2025-06-14 12:15:25.277106426,Withdrawal,1735
T003254,C0065,2025-06-14 13:28:16.041336778,Deposit,758
T003255,C0246,2025-06-14 14:41:06.805567130,Withdrawal,281
T003256,C0987,2025-06-14 15:53:57.569797482,Deposit,2970
T003257,C1609,2025-06-14 17:06:48.334027836,Deposit,1102
T003258,C1725,2025-06-14 18:19:39.098258188,Transfer,1363
T003259,C2206,2025-06-14 19:32:29.862488540,Withdrawal,825
T003260,C1499,2025-06-14 20:45:20.626718892,Withdrawal,7758
T003261,C1049,2025-06-14 21:58:11.390949246,Transfer,863
T003262,C0160,2025-06-14 23:11:02.155179598,Withdrawal,2580
T003263,C1005,2025-06-15 00:23:52.919409950,Withdrawal,4590
T003264,C2123,2025-06-15 01:36:43.683640304,Transfer,466
T003265,C2186,2025-06-15 02:49:34.447870656,Withdrawal,2683
T003266,C1942,2025-06-15 04:02:25.212101008,Deposit,1823
T003267,C0479,2025-06-15 05:15:15.976331360,Transfer,3199
T003268,C1327,2025-06-15 06:28:06.740561714,Deposit,2324
T003269,C0387,2025-06-15 07:40:57.504792066,Deposit,592
T003270,C0472,2025-06-15 08:53:48.269022418,Deposit,426
T003271,C0309,2025-06-15 10:06:39.033252770,Withdrawal,4810
T003272,C0701,2025-06-15 11:19:29.797483124,Transfer,384
T003273,C1922,2025-06-15 12:32:20.561713476,Withdrawal,787
T003274,C1853,2025-06-15 13:45:11.325943828,Deposit,389840
T003275,C2018,2025-06-15 14:58:02.090174180,Deposit,2558
T003276,C1079,2025-06-15 16:10:52.854404534,Withdrawal,2250
T003277,C0786,2025-06-15 17:23:43.618634886,Deposit,1114
T003278,C1479,2025-06-15 18:36:34.382865238,Withdrawal,5084
T003279,C2353,2025-06-15 19:49:25.147095592,Withdrawal,3979
T003280,C0102,2025-06-15 21:02:15.911325944,Withdrawal,6638
T003281,C0775,2025-06-15 22:15:06.675556296,Withdrawal,1178
T003282,C1232,2025-06-15 23:27:57.439786648,Deposit,1877
T003283,C1339,2025-06-16 00:40:48.204017002,Withdrawal,4890
T003284,C0572,2025-06-16 01:53:38.968247354,Deposit,637
T003285,C0148,2025-06-16 03:06:29.732477706,Deposit,3739
T003286,C1823,2025-06-16 04:19:20.496708058,Deposit,3480
T003287,C0597,2025-06-16 05:32:11.260938412,Deposit,3488
T003288,C0978,2025-06-16 06:45:02.025168764,Deposit,1081
T003289,C1071,2025-06-16 07:57:52.789399116,Deposit,4336
T003290,C0155,2025-06-16 09:10:43.553629468,Withdrawal,1069
T003291,C0230,2025-06-16 10:23:34.317859822,Deposit,3558
T003292,C0158,2025-06-16 11:36:25.082090174,Deposit,2162
T003293,C0923,2025-06-16 12:49:15.846320526,Deposit,1259
T003294,C1175,2025-06-16 14:02:06.610550878,Withdrawal,850
T003295,C2347,2025-06-16 15:14:57.374781232,Withdrawal,1159
T003296,C1247,2025-06-16 16:27:48.139011584,Deposit,6174
T003297,C0766,2025-06-16 17:40:38.903241936,Withdrawal,2917
T003298,C0467,2025-06-16 18:53:29.667472290,Withdrawal,6583
T003299,C0486,2025-06-16 20:06:20.431702642,Transfer,3211
T003300,C1576,2025-06-16 21:19:11.195932994,Deposit,1926
T003301,C0444,2025-06-16 22:32:01.960163346,Withdrawal,2190
T003302,C1878,2025-06-16 23:44:52.724393700,Withdrawal,4088
T003303,C0905,2025-06-17 00:57:43.488624052,Withdrawal,2514
T003304,C1802,2025-06-17 02:10:34.252854404,Withdrawal,470
T003305,C0926,2025-06-17 03:23:25.017084756,Transfer,3060
T003306,C1978,2025-06-17 04:36:15.781315110,Transfer,763
T003307,C0292,2025-06-17 05:49:06.545545462,Withdrawal,1545
T003308,C1234,2025-06-17 07:01:57.309775814,Withdrawal,849
T003309,C1835,2025-06-17 08:14:48.074006166,Withdrawal,12012
T003310,C0752,2025-06-17 09:27:38.838236520,Withdrawal,341
T003311,C1235,2025-06-17 10:40:29.602466872,Transfer,6155
T003312,C0663,2025-06-17 11:53:20.366697224,Withdrawal,1544
T003313,C1420,2025-06-17 13:06:11.130927578,Deposit,4366
T003314,C1585,2025-06-17 14:19:01.895157930,Deposit,2264
T003315,C0920,2025-06-17 15:31:52.659388282,Withdrawal,680
T003316,C0909,2025-06-17 16:44:43.423618634,Transfer,2863
T003317,C0124,2025-06-17 17:57:34.187848988,Transfer,2954
T003318,C0068,2025-06-17 19:10:24.952079340,Transfer,1347
T003319,C0475,2025-06-17 20:23:15.716309692,Withdrawal,1146
T003320,C0358,2025-06-17 21:36:06.480540044,Deposit,638
T003321,C1767,2025-06-17 22:48:57.244770398,Withdrawal,547
T003322,C1480,2025-06-18 00:01:48.009000750,Deposit,4603
T003323,C1370,2025-06-18 01:14:38.773231102,Transfer,9652
T003324,C1954,2025-06-18 02:27:29.537461454,Withdrawal,5325
T003325,C1907,2025-06-18 03:40:20.301691808,Transfer,9284
T003326,C0833,2025-06-18 04:53:11.065922160,Deposit,764
T003327,C1354,2025-06-18 06:06:01.830152512,Deposit,3954
T003328,C2475,2025-06-18 07:18:52.594382864,Withdrawal,921
T003329,C1009,2025-06-18 08:31:43.358613218,Deposit,4327
T003330,C0443,2025-06-18 09:44:34.122843570,Withdrawal,1743
T003331,C0601,2025-06-18 10:57:24.887073922,Withdrawal,907
T003332,C1475,2025-06-18 12:10:15.651304276,Withdrawal,734
T003333,C0487,2025-06-18 13:23:06.415534628,Deposit,1013
T003334,C2053,2025-06-18 14:35:57.179764980,Transfer,2867
T003335,C0632,2025-06-18 15:48:47.943995332,Withdrawal,3246
T003336,C1755,2025-06-18 17:01:38.708225686,Transfer,560
T003337,C1579,2025-06-18 18:14:29.472456038,Deposit,2055
T003338,C1212,2025-06-18 19:27:20.236686390,Deposit,2858
T003339,C0026,2025-06-18 20:40:11.000916742,Transfer,672
T003340,C2210,2025-06-18 21:53:01.765147096,Deposit,394
T003341,C2458,2025-06-18 23:05:52.529377448,Withdrawal,1559
T003342,C1664,2025-06-19 00:18:43.293607800,Transfer,3204
T003343,C1097,2025-06-19 01:31:34.057838152,Withdrawal,2372
T003344,C1257,2025-06-19 02:44:24.822068506,Deposit,100
T003345,C1130,2025-06-19 03:57:15.586298858,Deposit,518
T003346,C0901,2025-06-19 05:10:06.350529210,Withdrawal,3436
T003347,C0009,2025-06-19 06:22:57.114759564,Withdrawal,573
T003348,C0050,2025-06-19 07:35:47.878989916,Deposit,5933
T003349,C1546,2025-06-19 08:48:38.643220268,Withdrawal,1805
T003350,C0442,2025-06-19 10:01:29.407450620,Withdrawal,3887
T003351,C1802,2025-06-19 11:14:20.171680974,Transfer,3245
T003352,C1614,2025-06-19 12:27:10.935911326,Deposit,1738
T003353,C2084,2025-06-19 13:40:01.700141678,Withdrawal,472
T003354,C2166,2025-06-19 14:52:52.464372030,Transfer,2070
T003355,C0702,2025-06-19 16:05:43.228602384,Withdrawal,1270
T003356,C0754,2025-06-19 17:18:33.992832736,Deposit,18500
T003357,C1829,2025-06-19 18:31:24.757063088,Deposit,4717
T003358,C1536,2025-06-19 19:44:15.521293440,Deposit,3366
T003359,C0230,2025-06-19 20:57:06.285523794,Withdrawal,3947
T003360,C0560,2025-06-19 22:09:57.049754146,Deposit,4799
T003361,C1174,2025-06-19 23:22:47.813984498,Transfer,1358
T003362,C1879,2025-06-20 00:35:38.578214850,Transfer,7577
T003363,C2256,2025-06-20 01:48:29.342445204,Deposit,1189
T003364,C1085,2025-06-20 03:01:20.106675556,Deposit,3545
T003365,C1141,2025-06-20 04:14:10.870905908,Transfer,425
T003366,C0239,2025-06-20 05:27:01.635136262,Withdrawal,4921
T003367,C2096,2025-06-20 06:39:52.399366614,Withdrawal,2010
T003368,C1472,2025-06-20 07:52:43.163596966,Withdrawal,4008
T003369,C1492,2025-06-20 09:05:33.927827318,Deposit,2887
T003370,C1317,2025-06-20 10:18:24.692057672,Transfer,1427
T003371,C2046,2025-06-20 11:31:15.456288024,Withdrawal,1596
T003372,C0517,2025-06-20 12:44:06.220518376,Deposit,1599
T003373,C0205,2025-06-20 13:56:56.984748728,Deposit,6686
T003374,C2138,2025-06-20 15:09:47.748979082,Transfer,397
T003375,C1132,2025-06-20 16:22:38.513209434,Withdrawal,578
T003376,C1214,2025-06-20 17:35:29.277439786,Deposit,1368
T003377,C1785,2025-06-20 18:48:20.041670138,Deposit,2906
T003378,C1383,2025-06-20 20:01:10.805900492,Deposit,2497
T003379,C1758,2025-06-20 21:14:01.570130844,Transfer,52224
T003380,C1680,2025-06-20 22:26:52.334361196,Withdrawal,1537
T003381,C0007,2025-06-20 23:39:43.098591550,Withdrawal,2554
T003382,C1886,2025-06-21 00:52:33.862821902,Transfer,703
T003383,C2370,2025-06-21 02:05:24.627052254,Withdrawal,483
T003384,C2316,2025-06-21 03:18:15.391282606,Withdrawal,3218
T003385,C0296,2025-06-21 04:31:06.155512960,Transfer,1684
T003386,C1411,2025-06-21 05:43:56.919743312,Deposit,1741
T003387,C0264,2025-06-21 06:56:47.683973664,Transfer,231
T003388,C2138,2025-06-21 08:09:38.448204016,Deposit,937
T003389,C0853,2025-06-21 09:22:29.212434370,Withdrawal,5575
T003390,C1365,2025-06-21 10:35:19.976664722,Deposit,3546
T003391,C1353,2025-06-21 11:48:10.740895074,Transfer,2790
T003392,C0401,2025-06-21 13:01:01.505125426,Withdrawal,359
T003393,C0357,2025-06-21 14:13:52.269355780,Deposit,2157
T003394,C0834,2025-06-21 15:26:43.033586132,Deposit,2337
T003395,C0435,2025-06-21 16:39:33.797816484,Withdrawal,1391
T003396,C0119,2025-06-21 17:52:24.562046836,Withdrawal,1949
T003397,C1023,2025-06-21 19:05:15.326277190,Withdrawal,6007
T003398,C2396,2025-06-21 20:18:06.090507542,Transfer,940
T003399,C1537,2025-06-21 21:30:56.854737894,Transfer,854
T003400,C1419,2025-06-21 22:43:47.618968248,Withdrawal,4885
T003401,C1703,2025-06-21 23:56:38.383198600,Withdrawal,1234
T003402,C0530,2025-06-22 01:09:29.147428952,Deposit,1994
T003403,C0303,2025-06-22 02:22:19.911659304,Transfer,729
T003404,C2250,2025-06-22 03:35:10.675889658,Deposit,2564
T003405,C0156,2025-06-22 04:48:01.440120010,Deposit,1012
T003406,C0014,2025-06-22 06:00:52.204350362,Withdrawal,337
T003407,C0889,2025-06-22 07:13:42.968580714,Transfer,2446
T003408,C1197,2025-06-22 08:26:33.732811068,Withdrawal,2180
T003409,C0445,2025-06-22 09:39:24.497041420,Transfer,1697
T003410,C2170,2025-06-22 10:52:15.261271772,Deposit,5001
T003411,C2232,2025-06-22 12:05:06.025502124,Withdrawal,1355
T003412,C1844,2025-06-22 13:17:56.789732478,Deposit,1266
T003413,C0049,2025-06-22 14:30:47.553962830,Withdrawal,8238
T003414,C0181,2025-06-22 15:43:38.318193182,Withdrawal,2535
T003415,C1418,2025-06-22 16:56:29.082423536,Withdrawal,1914
T003416,C2189,2025-06-22 18:09:19.846653888,Deposit,751
T003417,C0530,2025-06-22 19:22:10.610884240,Withdrawal,970
T003418,C1676,2025-06-22 20:35:01.375114592,Deposit,1031
T003419,C0584,2025-06-22 21:47:52.139344946,Deposit,18454
T003420,C1778,2025-06-22 23:00:42.903575298,Deposit,3118
T003421,C1287,2025-06-23 00:13:33.667805650,Deposit,791
T003422,C2191,2025-06-23 01:26:24.432036002,Deposit,2325
T003423,C0707,2025-06-23 02:39:15.196266356,Deposit,751
T003424,C0294,2025-06-23 03:52:05.960496708,Deposit,552
T003425,C1562,2025-06-23 05:04:56.724727060,Withdrawal,4663
T003426,C1533,2025-06-23 06:17:47.488957412,Withdrawal,535
T003427,C0422,2025-06-23 07:30:38.253187766,Transfer,2420
T003428,C1595,2025-06-23 08:43:29.017418118,Withdrawal,3602
T003429,C2465,2025-06-23 09:56:19.781648470,Deposit,1166
T003430,C0661,2025-06-23 11:09:10.545878822,Withdrawal,1607
T003431,C2107,2025-06-23 12:22:01.310109176,Deposit,5161
T003432,C2306,2025-06-23 13:34:52.074339528,Withdrawal,1420
T003433,C2214,2025-06-23 14:47:42.838569880,Deposit,2402
T003434,C1959,2025-06-23 16:00:33.602800234,Withdrawal,2277
T003435,C2052,2025-06-23 17:13:24.367030586,Withdrawal,3273
T003436,C2051,2025-06-23 18:26:15.131260938,Transfer,4704
T003437,C2466,2025-06-23 19:39:05.895491290,Deposit,662
T003438,C2410,2025-06-23 20:51:56.659721644,Transfer,2563
T003439,C0369,2025-06-23 22:04:47.423951996,Withdrawal,603
T003440,C0539,2025-06-23 23:17:38.188182348,Transfer,1798
T003441,C2394,2025-06-24 00:30:28.952412700,Withdrawal,181
T003442,C0731,2025-06-24 01:43:19.716643054,Withdrawal,1810
T003443,C0897,2025-06-24 02:56:10.480873406,Withdrawal,7046
T003444,C1068,2025-06-24 04:09:01.245103758,Transfer,1689
T003445,C0564,2025-06-24 05:21:52.009334110,Withdrawal,750
T003446,C2250,2025-06-24 06:34:42.773564464,Withdrawal,3746
T003447,C2369,2025-06-24 07:47:33.537794816,Withdrawal,22969
T003448,C0464,2025-06-24 09:00:24.302025168,Deposit,1001
T003449,C1035,2025-06-24 10:13:15.066255522,Transfer,3941
T003450,C2381,2025-06-24 11:26:05.830485874,Deposit,1638
T003451,C0015,2025-06-24 12:38:56.594716226,Deposit,1321
T003452,C1354,2025-06-24 13:51:47.358946578,Withdrawal,20549
T003453,C2278,2025-06-24 15:04:38.123176932,Withdrawal,7655
T003454,C0011,2025-06-24 16:17:28.887407284,Deposit,7242
T003455,C1657,2025-06-24 17:30:19.651637636,Withdrawal,1542
T003456,C1248,2025-06-24 18:43:10.415867988,Withdrawal,2027
T003457,C1761,2025-06-24 19:56:01.180098342,Deposit,716
T003458,C1661,2025-06-24 21:08:51.944328694,Withdrawal,415
T003459,C1764,2025-06-24 22:21:42.708559046,Transfer,4075
T003460,C0542,2025-06-24 23:34:33.472789398,Deposit,1875
T003461,C1530,2025-06-25 00:47:24.237019752,Withdrawal,2335
T003462,C1743,2025-06-25 02:00:15.001250104,Deposit,672
T003463,C1181,2025-06-25 03:13:05.765480456,Transfer,2686
T003464,C2453,2025-06-25 04:25:56.529710808,Withdrawal,4238
T003465,C1423,2025-06-25 05:38:47.293941162,Withdrawal,3233
T003466,C0929,2025-06-25 06:51:38.058171514,Deposit,2793
T003467,C1427,2025-06-25 08:04:28.822401866,Withdrawal,3149
T003468,C1113,2025-06-25 09:17:19.586632220,Withdrawal,436
T003469,C1890,2025-06-25 10:30:10.350862572,Transfer,2568
T003470,C2234,2025-06-25 11:43:01.115092924,Deposit,1702
T003471,C0895,2025-06-25 12:55:51.879323276,Deposit,227
T003472,C2127,2025-06-25 14:08:42.643553630,Deposit,13618
T003473,C2193,2025-06-25 15:21:33.407783982,Withdrawal,701
T003474,C2062,2025-06-25 16:34:24.172014334,Deposit,775
T003475,C1655,2025-06-25 17:47:14.936244686,Transfer,3368
T003476,C0002,2025-06-25 19:00:05.700475040,Deposit,2164
T003477,C2114,2025-06-25 20:12:56.464705392,Withdrawal,7064
T003478,C2294,2025-06-25 21:25:47.228935744,Withdrawal,1277
T003479,C1626,2025-06-25 22:38:37.993166096,Withdrawal,10158
T003480,C1714,2025-06-25 23:51:28.757396450,Transfer,4412
T003481,C0572,2025-06-26 01:04:19.521626802,Withdrawal,1051
T003482,C0436,2025-06-26 02:17:10.285857154,Deposit,677
T003483,C2401,2025-06-26 03:30:01.050087508,Deposit,9757
T003484,C1712,2025-06-26 04:42:51.814317860,Transfer,1334
T003485,C0383,2025-06-26 05:55:42.578548212,Transfer,2705
T003486,C1734,2025-06-26 07:08:33.342778564,Deposit,3483
T003487,C1084,2025-06-26 08:21:24.107008918,Withdrawal,639
T003488,C1950,2025-06-26 09:34:14.871239270,Withdrawal,528
T003489,C1435,2025-06-26 10:47:05.635469622,Withdrawal,1065
T003490,C1107,2025-06-26 11:59:56.399699974,Transfer,1579
T003491,C0074,2025-06-26 13:12:47.163930328,Deposit,432
T003492,C1335,2025-06-26 14:25:37.928160680,Withdrawal,6815
T003493,C2074,2025-06-26 15:38:28.692391032,Withdrawal,3270
T003494,C1401,2025-06-26 16:51:19.456621384,Withdrawal,5472
T003495,C0835,2025-06-26 18:04:10.220851738,Deposit,1433
T003496,C1204,2025-06-26 19:17:00.985082090,Withdrawal,1153
T003497,C0774,2025-06-26 20:29:51.749312442,Deposit,3866
T003498,C2314,2025-06-26 21:42:42.513542794,Withdrawal,1117
T003499,C1404,2025-06-26 22:55:33.277773148,Withdrawal,6440
T003500,C0077,2025-06-27 00:08:24.042003500,Deposit,3255
T003501,C1073,2025-06-27 01:21:14.806233852,Deposit,655
T003502,C1404,2025-06-27 02:34:05.570464206,Withdrawal,4268
T003503,C2495,2025-06-27 03:46:56.334694558,Deposit,2093
T003504,C1733,2025-06-27 04:59:47.098924910,Withdrawal,5063
T003505,C0870,2025-06-27 06:12:37.863155262,Transfer,746
T003506,C2347,2025-06-27 07:25:28.627385616,Deposit,2856
T003507,C1084,2025-06-27 08:38:19.391615968,Withdrawal,11648
T003508,C1381,2025-06-27 09:51:10.155846320,Withdrawal,264
T003509,C2205,2025-06-27 11:04:00.920076672,Deposit,1305
T003510,C2390,2025-06-27 12:16:51.684307026,Deposit,280
T003511,C0974,2025-06-27 13:29:42.448537378,Transfer,1078
T003512,C1226,2025-06-27 14:42:33.212767730,Withdrawal,856
T003513,C1803,2025-06-27 15:55:23.976998082,Deposit,31705
T003514,C1791,2025-06-27 17:08:14.741228436,Withdrawal,2628
T003515,C1559,2025-06-27 18:21:05.505458788,Withdrawal,1358
T003516,C1189,2025-06-27 19:33:56.269689140,Transfer,5034
T003517,C1052,2025-06-27 20:46:47.033919494,Transfer,3626
T003518,C0314,2025-06-27 21:59:37.798149846,Deposit,10414
T003519,C1589,2025-06-27 23:12:28.562380198,Withdrawal,1245
T003520,C1308,2025-06-28 00:25:19.326610550,Transfer,13581
T003521,C1322,2025-06-28 01:38:10.090840904,Withdrawal,2408
T003522,C2024,2025-06-28 02:51:00.855071256,Withdrawal,1044
T003523,C1373,2025-06-28 04:03:51.619301608,Withdrawal,3226
T003524,C0636,2025-06-28 05:16:42.383531960,Deposit,108262
T003525,C2493,2025-06-28 06:29:33.147762314,Withdrawal,1735
T003526,C1231,2025-06-28 07:42:23.911992666,Transfer,2895
T003527,C0417,2025-06-28 08:55:14.676223018,Deposit,847
T003528,C0439,2025-06-28 10:08:05.440453370,Withdrawal,310
T003529,C0165,2025-06-28 11:20:56.204683724,Transfer,5977
T003530,C1583,2025-06-28 12:33:46.968914076,Deposit,429
T003531,C2468,2025-06-28 13:46:37.733144428,Withdrawal,2102
T003532,C0988,2025-06-28 14:59:28.497374780,Withdrawal,1764
T003533,C0517,2025-06-28 16:12:19.261605134,Deposit,9887
T003534,C0082,2025-06-28 17:25:10.025835486,Deposit,2004
T003535,C0119,2025-06-28 18:38:00.790065838,Deposit,1260
T003536,C1661,2025-06-28 19:50:51.554296192,Withdrawal,885
T003537,C1327,2025-06-28 21:03:42.318526544,Deposit,1499
T003538,C0028,2025-06-28 22:16:33.082756896,Withdrawal,7333
T003539,C2025,2025-06-28 23:29:23.846987248,Deposit,2625
T003540,C0498,2025-06-29 00:42:14.611217602,Deposit,1152
T003541,C0194,2025-06-29 01:55:05.375447954,Transfer,5040
T003542,C0592,2025-06-29 03:07:56.139678306,Deposit,6630
T003543,C2490,2025-06-29 04:20:46.903908658,Deposit,915
T003544,C1858,2025-06-29 05:33:37.668139012,Deposit,2035
T003545,C1060,2025-06-29 06:46:28.432369364,Deposit,9961
T003546,C2306,2025-06-29 07:59:19.196599716,Withdrawal,388
T003547,C0113,2025-06-29 09:12:09.960830068,Withdrawal,639
T003548,C1318,2025-06-29 10:25:00.725060422,Withdrawal,951
T003549,C1738,2025-06-29 11:37:51.489290774,Withdrawal,5432
T003550,C2062,2025-06-29 12:50:42.253521126,Deposit,1819
T003551,C1691,2025-06-29 14:03:33.017751480,Deposit,1856
T003552,C2188,2025-06-29 15:16:23.781981832,Withdrawal,1591
T003553,C1395,2025-06-29 16:29:14.546212184,Withdrawal,2487
T003554,C1451,2025-06-29 17:42:05.310442536,Withdrawal,5110
T003555,C1366,2025-06-29 18:54:56.074672890,Deposit,8421
T003556,C2237,2025-06-29 20:07:46.838903242,Deposit,14792
T003557,C2130,2025-06-29 21:20:37.603133594,Transfer,6212
T003558,C0958,2025-06-29 22:33:28.367363946,Deposit,4670
T003559,C1129,2025-06-29 23:46:19.131594300,Withdrawal,6270
T003560,C2429,2025-06-30 00:59:09.895824652,Deposit,392
T003561,C2377,2025-06-30 02:12:00.660055004,Transfer,1058
T003562,C2120,2025-06-30 03:24:51.424285356,Transfer,2999
T003563,C1697,2025-06-30 04:37:42.188515710,Withdrawal,1512
T003564,C0133,2025-06-30 05:50:32.952746062,Withdrawal,11227
T003565,C0570,2025-06-30 07:03:23.716976414,Transfer,2728
T003566,C0125,2025-06-30 08:16:14.481206766,Withdrawal,9614
T003567,C1035,2025-06-30 09:29:05.245437120,Transfer,2103
T003568,C2075,2025-06-30 10:41:56.009667472,Deposit,2389
T003569,C0207,2025-06-30 11:54:46.773897824,Deposit,325
T003570,C0312,2025-06-30 13:07:37.538128178,Transfer,1829
T003571,C2430,2025-06-30 14:20:28.302358530,Withdrawal,1166
T003572,C1786,2025-06-30 15:33:19.066588882,Withdrawal,124
T003573,C1339,2025-06-30 16:46:09.830819234,Transfer,290
T003574,C0296,2025-06-30 17:59:00.595049588,Transfer,1525
T003575,C0402,2025-06-30 19:11:51.359279940,Deposit,765
T003576,C1459,2025-06-30 20:24:42.123510292,Withdrawal,4830
T003577,C1597,2025-06-30 21:37:32.887740644,Withdrawal,1454
T003578,C0122,2025-06-30 22:50:23.651970998,Withdrawal,1150
T003579,C0751,2025-07-01 00:03:14.416201350,Deposit,1512
T003580,C0106,2025-07-01 01:16:05.180431702,Deposit,25180
T003581,C1060,2025-07-01 02:28:55.944662054,Deposit,1532
T003582,C1574,2025-07-01 03:41:46.708892408,Deposit,2339
T003583,C0072,2025-07-01 04:54:37.473122760,Deposit,1802
T003584,C0568,2025-07-01 06:07:28.237353112,Deposit,7666
T003585,C1245,2025-07-01 07:20:19.001583464,Withdrawal,722
T003586,C0076,2025-07-01 08:33:09.765813818,Deposit,2240
T003587,C1010,2025-07-01 09:46:00.530044170,Withdrawal,2536
T003588,C2276,2025-07-01 10:58:51.294274522,Withdrawal,1942
T003589,C0453,2025-07-01 12:11:42.058504876,Withdrawal,7833
T003590,C0766,2025-07-01 13:24:32.822735228,Deposit,512
T003591,C0487,2025-07-01 14:37:23.586965580,Deposit,1271
T003592,C1498,2025-07-01 15:50:14.351195932,Withdrawal,308
T003593,C0830,2025-07-01 17:03:05.115426286,Withdrawal,3026
T003594,C1941,2025-07-01 18:15:55.879656638,Deposit,3535
T003595,C0971,2025-07-01 19:28:46.643886990,Deposit,8591
T003596,C0490,2025-07-01 20:41:37.408117342,Withdrawal,605
T003597,C2424,2025-07-01 21:54:28.172347696,Withdrawal,2393
T003598,C2279,2025-07-01 23:07:18.936578048,Transfer,866
T003599,C1936,2025-07-02 00:20:09.700808400,Transfer,3288
T003600,C0475,2025-07-02 01:33:00.465038752,Deposit,3718
T003601,C1104,2025-07-02 02:45:51.229269106,Withdrawal,6421
T003602,C1710,2025-07-02 03:58:41.993499458,Deposit,2323
T003603,C1600,2025-07-02 05:11:32.757729810,Deposit,3473
T003604,C1196,2025-07-02 06:24:23.521960164,Transfer,5644
T003605,C0226,2025-07-02 07:37:14.286190516,Deposit,1162
T003606,C2191,2025-07-02 08:50:05.050420868,Deposit,1885
T003607,C0708,2025-07-02 10:02:55.814651220,Transfer,5958
T003608,C1715,2025-07-02 11:15:46.578881574,Deposit,1364
T003609,C0054,2025-07-02 12:28:37.343111926,Deposit,4109
T003610,C2244,2025-07-02 13:41:28.107342278,Deposit,2341
T003611,C1753,2025-07-02 14:54:18.871572630,Withdrawal,2103
T003612,C2346,2025-07-02 16:07:09.635802984,Deposit,1021
T003613,C1454,2025-07-02 17:20:00.400033336,Withdrawal,16744
T003614,C0579,2025-07-02 18:32:51.164263688,Transfer,1054
T003615,C1699,2025-07-02 19:45:41.928494040,Withdrawal,5022
T003616,C0500,2025-07-02 20:58:32.692724394,Deposit,363
T003617,C0206,2025-07-02 22:11:23.456954746,Transfer,3677
T003618,C1942,2025-07-02 23:24:14.221185098,Withdrawal,3745
T003619,C1161,2025-07-03 00:37:04.985415450,Withdrawal,2709
T003620,C2456,2025-07-03 01:49:55.749645804,Deposit,1661
T003621,C0279,2025-07-03 03:02:46.513876156,Deposit,520
T003622,C1469,2025-07-03 04:15:37.278106508,Withdrawal,1038
T003623,C0677,2025-07-03 05:28:28.042336862,Withdrawal,2097
T003624,C0941,2025-07-03 06:41:18.806567214,Deposit,775
T003625,C2319,2025-07-03 07:54:09.570797566,Deposit,2676
T003626,C0441,2025-07-03 09:07:00.335027918,Deposit,760
T003627,C1252,2025-07-03 10:19:51.099258272,Deposit,1935
T003628,C2175,2025-07-03 11:32:41.863488624,Deposit,1200
T003629,C1294,2025-07-03 12:45:32.627718976,Withdrawal,158
T003630,C1844,2025-07-03 13:58:23.391949328,Transfer,2054
T003631,C1784,2025-07-03 15:11:14.156179682,Withdrawal,718
T003632,C1876,2025-07-03 16:24:04.920410034,Withdrawal,3616
T003633,C0548,2025-07-03 17:36:55.684640386,Deposit,1277
T003634,C0986,2025-07-03 18:49:46.448870738,Deposit,1434
T003635,C2067,2025-07-03 20:02:37.213101092,Withdrawal,3643
T003636,C0425,2025-07-03 21:15:27.977331444,Deposit,3313
T003637,C2106,2025-07-03 22:28:18.741561796,Transfer,2943
T003638,C2471,2025-07-03 23:41:09.505792150,Deposit,5065
T003639,C1799,2025-07-04 00:54:00.270022502,Withdrawal,229
T003640,C1684,2025-07-04 02:06:51.034252854,Deposit,1105
T003641,C1949,2025-07-04 03:19:41.798483206,Transfer,1528
T003642,C0066,2025-07-04 04:32:32.562713560,Withdrawal,3754
T003643,C0815,2025-07-04 05:45:23.326943912,Transfer,4680
T003644,C1175,2025-07-04 06:58:14.091174264,Withdrawal,1275
T003645,C1810,2025-07-04 08:11:04.855404616,Deposit,1185
T003646,C0437,2025-07-04 09:23:55.619634970,Transfer,6769
T003647,C0790,2025-07-04 10:36:46.383865322,Deposit,5557
T003648,C2021,2025-07-04 11:49:37.148095674,Transfer,3673
T003649,C0235,2025-07-04 13:02:27.912326026,Deposit,1970
T003650,C1739,2025-07-04 14:15:18.676556380,Deposit,1455
T003651,C0675,2025-07-04 15:28:09.440786732,Withdrawal,1870
T003652,C2146,2025-07-04 16:41:00.205017084,Withdrawal,600
T003653,C1033,2025-07-04 17:53:50.969247436,Withdrawal,195
T003654,C0927,2025-07-04 19:06:41.733477790,Deposit,1506
T003655,C0761,2025-07-04 20:19:32.497708142,Withdrawal,1368
T003656,C2475,2025-07-04 21:32:23.261938494,Deposit,1619
T003657,C0227,2025-07-04 22:45:14.026168848,Transfer,3208
T003658,C1777,2025-07-04 23:58:04.790399200,Deposit,979
T003659,C2065,2025-07-05 01:10:55.554629552,Deposit,1954
T003660,C2276,2025-07-05 02:23:46.318859904,Deposit,1101
T003661,C0706,2025-07-05 03:36:37.083090258,Transfer,3574
T003662,C1816,2025-07-05 04:49:27.847320610,Withdrawal,3035
T003663,C1262,2025-07-05 06:02:18.611550962,Withdrawal,4873
T003664,C1411,2025-07-05 07:15:09.375781314,Withdrawal,7684
T003665,C0669,2025-07-05 08:28:00.140011668,Transfer,2323
T003666,C2302,2025-07-05 09:40:50.904242020,Deposit,1106
T003667,C1846,2025-07-05 10:53:41.668472372,Deposit,376
T003668,C1338,2025-07-05 12:06:32.432702724,Withdrawal,5058
T003669,C1325,2025-07-05 13:19:23.196933078,Withdrawal,2936
T003670,C0118,2025-07-05 14:32:13.961163430,Deposit,562
T003671,C1869,2025-07-05 15:45:04.725393782,Withdrawal,2859
T003672,C2098,2025-07-05 16:57:55.489624136,Withdrawal,244
T003673,C1814,2025-07-05 18:10:46.253854488,Withdrawal,6503
T003674,C1588,2025-07-05 19:23:37.018084840,Transfer,1958
T003675,C0543,2025-07-05 20:36:27.782315192,Withdrawal,801
T003676,C2375,2025-07-05 21:49:18.546545546,Withdrawal,1839
T003677,C1527,2025-07-05 23:02:09.310775898,Deposit,432
T003678,C1270,2025-07-06 00:15:00.075006250,Transfer,1265
T003679,C0602,2025-07-06 01:27:50.839236602,Deposit,1514
T003680,C2150,2025-07-06 02:40:41.603466956,Transfer,446
T003681,C0388,2025-07-06 03:53:32.367697308,Deposit,738
T003682,C1603,2025-07-06 05:06:23.131927660,Deposit,397
T003683,C1728,2025-07-06 06:19:13.896158012,Deposit,599
T003684,C0339,2025-07-06 07:32:04.660388366,Transfer,183
T003685,C2232,2025-07-06 08:44:55.424618718,Transfer,1435
T003686,C0056,2025-07-06 09:57:46.188849070,Transfer,963
T003687,C1306,2025-07-06 11:10:36.953079422,Withdrawal,543
T003688,C1152,2025-07-06 12:23:27.717309776,Deposit,2175
T003689,C0717,2025-07-06 13:36:18.481540128,Deposit,112
T003690,C1750,2025-07-06 14:49:09.245770480,Deposit,1728
T003691,C1663,2025-07-06 16:02:00.010000834,Withdrawal,1907
T003692,C2264,2025-07-06 17:14:50.774231186,Withdrawal,1684
T003693,C0314,2025-07-06 18:27:41.538461538,Withdrawal,4265
T003694,C2281,2025-07-06 19:40:32.302691890,Deposit,1519
T003695,C0888,2025-07-06 20:53:23.066922244,Withdrawal,189
T003696,C0247,2025-07-06 22:06:13.831152596,Transfer,1200
T003697,C2490,2025-07-06 23:19:04.595382948,Withdrawal,1119
T003698,C1923,2025-07-07 00:31:55.359613300,Transfer,3032
T003699,C2183,2025-07-07 01:44:46.123843654,Withdrawal,11752
T003700,C1026,2025-07-07 02:57:36.888074006,Deposit,566
T003701,C0161,2025-07-07 04:10:27.652304358,Transfer,1284
T003702,C2188,2025-07-07 05:23:18.416534710,Deposit,3574
T003703,C2352,2025-07-07 06:36:09.180765064,Deposit,8412
T003704,C1484,2025-07-07 07:48:59.944995416,Deposit,1078
T003705,C1738,2025-07-07 09:01:50.709225768,Withdrawal,2139
T003706,C0125,2025-07-07 10:14:41.473456122,Withdrawal,5192
T003707,C1909,2025-07-07 11:27:32.237686474,Deposit,2328
T003708,C1371,2025-07-07 12:40:23.001916826,Transfer,1401
T003709,C1618,2025-07-07 13:53:13.766147178,Transfer,982
T003710,C1978,2025-07-07 15:06:04.530377532,Deposit,5603
T003711,C2455,2025-07-07 16:18:55.294607884,Withdrawal,698
T003712,C0164,2025-07-07 17:31:46.058838236,Transfer,486
T003713,C0862,2025-07-07 18:44:36.823068588,Deposit,5763
T003714,C2288,2025-07-07 19:57:27.587298942,Deposit,1819
T003715,C1237,2025-07-07 21:10:18.351529294,Deposit,1023
T003716,C2197,2025-07-07 22:23:09.115759646,Transfer,3390
T003717,C1207,2025-07-07 23:35:59.879989998,Withdrawal,590
T003718,C0505,2025-07-08 00:48:50.644220352,Withdrawal,2147
T003719,C0525,2025-07-08 02:01:41.408450704,Withdrawal,2066
T003720,C1404,2025-07-08 03:14:32.172681056,Deposit,8058
T003721,C1768,2025-07-08 04:27:22.936911408,Deposit,9976
T003722,C0701,2025-07-08 05:40:13.701141762,Deposit,797
T003723,C1018,2025-07-08 06:53:04.465372114,Deposit,4694
T003724,C0050,2025-07-08 08:05:55.229602466,Deposit,4049
T003725,C0695,2025-07-08 09:18:45.993832820,Deposit,7400
T003726,C0026,2025-07-08 10:31:36.758063172,Withdrawal,488
T003727,C0011,2025-07-08 11:44:27.522293524,Deposit,1313
T003728,C0808,2025-07-08 12:57:18.286523876,Withdrawal,2076
T003729,C1126,2025-07-08 14:10:09.050754230,Deposit,4133
T003730,C2059,2025-07-08 15:22:59.814984582,Withdrawal,1617
T003731,C0973,2025-07-08 16:35:50.579214934,Withdrawal,1937
T003732,C2455,2025-07-08 17:48:41.343445286,Deposit,560
T003733,C1069,2025-07-08 19:01:32.107675640,Deposit,4040
T003734,C0842,2025-07-08 20:14:22.871905992,Withdrawal,928
T003735,C0359,2025-07-08 21:27:13.636136344,Withdrawal,1299
T003736,C0285,2025-07-08 22:40:04.400366696,Deposit,841
T003737,C2448,2025-07-08 23:52:55.164597050,Withdrawal,9281
T003738,C1475,2025-07-09 01:05:45.928827402,Deposit,2442
T003739,C1636,2025-07-09 02:18:36.693057754,Deposit,6191
T003740,C2436,2025-07-09 03:31:27.457288108,Deposit,3712
T003741,C0425,2025-07-09 04:44:18.221518460,Withdrawal,5547
T003742,C1030,2025-07-09 05:57:08.985748812,Withdrawal,16970
T003743,C1920,2025-07-09 07:09:59.749979164,Transfer,857
T003744,C2489,2025-07-09 08:22:50.514209518,Transfer,226
T003745,C0356,2025-07-09 09:35:41.278439870,Deposit,721
T003746,C0554,2025-07-09 10:48:32.042670222,Transfer,617
T003747,C1887,2025-07-09 12:01:22.806900574,Withdrawal,948
T003748,C0268,2025-07-09 13:14:13.571130928,Deposit,1044
T003749,C1916,2025-07-09 14:27:04.335361280,Transfer,1332
T003750,C1241,2025-07-09 15:39:55.099591632,Withdrawal,1707
T003751,C0064,2025-07-09 16:52:45.863821984,Withdrawal,5768
T003752,C2490,2025-07-09 18:05:36.628052338,Deposit,2620
T003753,C1299,2025-07-09 19:18:27.392282690,Withdrawal,1029
T003754,C0470,2025-07-09 20:31:18.156513042,Deposit,410
T003755,C2020,2025-07-09 21:44:08.920743394,Deposit,1134
T003756,C1837,2025-07-09 22:56:59.684973748,Transfer,1686
T003757,C2024,2025-07-10 00:09:50.449204100,Deposit,1589
T003758,C1590,2025-07-10 01:22:41.213434452,Deposit,5190
T003759,C0878,2025-07-10 02:35:31.977664806,Transfer,278
T003760,C1218,2025-07-10 03:48:22.741895158,Deposit,1193
T003761,C2061,2025-07-10 05:01:13.506125510,Deposit,3838
T003762,C0222,2025-07-10 06:14:04.270355862,Withdrawal,2749
T003763,C1729,2025-07-10 07:26:55.034586216,Deposit,1050
T003764,C1420,2025-07-10 08:39:45.798816568,Transfer,3336
T003765,C0881,2025-07-10 09:52:36.563046920,Deposit,304
T003766,C0839,2025-07-10 11:05:27.327277272,Withdrawal,2165
T003767,C0752,2025-07-10 12:18:18.091507626,Deposit,451
T003768,C0270,2025-07-10 13:31:08.855737978,Deposit,1603
T003769,C1635,2025-07-10 14:43:59.619968330,Deposit,4466
T003770,C0732,2025-07-10 15:56:50.384198682,Deposit,1912
T003771,C0616,2025-07-10 17:09:41.148429036,Withdrawal,426
T003772,C1432,2025-07-10 18:22:31.912659388,Withdrawal,1753
T003773,C2113,2025-07-10 19:35:22.676889740,Transfer,2233
T003774,C2076,2025-07-10 20:48:13.441120094,Deposit,1937
T003775,C1313,2025-07-10 22:01:04.205350446,Deposit,10647
T003776,C1903,2025-07-10 23:13:54.969580798,Deposit,876
T003777,C2285,2025-07-11 00:26:45.733811150,Deposit,1022
T003778,C0384,2025-07-11 01:39:36.498041504,Deposit,333
T003779,C2374,2025-07-11 02:52:27.262271856,Deposit,164
T003780,C0085,2025-07-11 04:05:18.026502208,Deposit,2279
T003781,C0246,2025-07-11 05:18:08.790732560,Withdrawal,685
T003782,C2436,2025-07-11 06:30:59.554962914,Withdrawal,818
T003783,C2314,2025-07-11 07:43:50.319193266,Deposit,1698
T003784,C0804,2025-07-11 08:56:41.083423618,Deposit,934
T003785,C2276,2025-07-11 10:09:31.847653970,Withdrawal,1521
T003786,C0240,2025-07-11 11:22:22.611884324,Transfer,1590
T003787,C1097,2025-07-11 12:35:13.376114676,Deposit,494
T003788,C0388,2025-07-11 13:48:04.140345028,Withdrawal,4405
T003789,C2426,2025-07-11 15:00:54.904575380,Withdrawal,1964
T003790,C2260,2025-07-11 16:13:45.668805734,Withdrawal,4431
T003791,C0676,2025-07-11 17:26:36.433036086,Transfer,1576
T003792,C0171,2025-07-11 18:39:27.197266438,Transfer,1035
T003793,C1176,2025-07-11 19:52:17.961496792,Deposit,4103
T003794,C1701,2025-07-11 21:05:08.725727144,Transfer,1276
T003795,C0809,2025-07-11 22:17:59.489957496,Withdrawal,1501
T003796,C2152,2025-07-11 23:30:50.254187848,Deposit,2796
T003797,C1306,2025-07-12 00:43:41.018418202,Withdrawal,918
T003798,C2420,2025-07-12 01:56:31.782648554,Transfer,1907
T003799,C0129,2025-07-12 03:09:22.546878906,Withdrawal,8145
T003800,C2268,2025-07-12 04:22:13.311109258,Transfer,1258
T003801,C1197,2025-07-12 05:35:04.075339612,Withdrawal,1232
T003802,C0472,2025-07-12 06:47:54.839569964,Withdrawal,206
T003803,C1884,2025-07-12 08:00:45.603800316,Withdrawal,9243
T003804,C1526,2025-07-12 09:13:36.368030668,Withdrawal,3521
T003805,C2142,2025-07-12 10:26:27.132261022,Withdrawal,1510
T003806,C1600,2025-07-12 11:39:17.896491374,Withdrawal,1030
T003807,C1045,2025-07-12 12:52:08.660721726,Withdrawal,2523
T003808,C2154,2025-07-12 14:04:59.424952080,Transfer,15328
T003809,C1872,2025-07-12 15:17:50.189182432,Deposit,2541
T003810,C1224,2025-07-12 16:30:40.953412784,Deposit,247
T003811,C1868,2025-07-12 17:43:31.717643136,Withdrawal,831
T003812,C1376,2025-07-12 18:56:22.481873490,Withdrawal,1381
T003813,C1306,2025-07-12 20:09:13.246103842,Deposit,461
T003814,C0612,2025-07-12 21:22:04.010334194,Withdrawal,1377
T003815,C1563,2025-07-12 22:34:54.774564546,Transfer,3538
T003816,C0948,2025-07-12 23:47:45.538794900,Deposit,2880
T003817,C1599,2025-07-13 01:00:36.303025252,Transfer,2285
T003818,C0854,2025-07-13 02:13:27.067255604,Transfer,1806
T003819,C1910,2025-07-13 03:26:17.831485956,Deposit,2516
T003820,C2477,2025-07-13 04:39:08.595716310,Withdrawal,1331
T003821,C1978,2025-07-13 05:51:59.359946662,Withdrawal,1536
T003822,C1062,2025-07-13 07:04:50.124177014,Transfer,4844
T003823,C1443,2025-07-13 08:17:40.888407366,Deposit,1890
T003824,C0302,2025-07-13 09:30:31.652637720,Deposit,1389
T003825,C0639,2025-07-13 10:43:22.416868072,Deposit,861
T003826,C0071,2025-07-13 11:56:13.181098424,Deposit,454
T003827,C1923,2025-07-13 13:09:03.945328778,Deposit,2088
T003828,C0646,2025-07-13 14:21:54.709559130,Deposit,100
T003829,C1789,2025-07-13 15:34:45.473789482,Deposit,3587
T003830,C0174,2025-07-13 16:47:36.238019834,Withdrawal,1225
T003831,C1999,2025-07-13 18:00:27.002250188,Deposit,267
T003832,C0090,2025-07-13 19:13:17.766480540,Withdrawal,6273
T003833,C2416,2025-07-13 20:26:08.530710892,Deposit,904
T003834,C2367,2025-07-13 21:38:59.294941244,Deposit,729
T003835,C0824,2025-07-13 22:51:50.059171598,Withdrawal,973
T003836,C0551,2025-07-14 00:04:40.823401950,Deposit,11515
T003837,C0060,2025-07-14 01:17:31.587632302,Deposit,100
T003838,C1129,2025-07-14 02:30:22.351862654,Deposit,1578
T003839,C1263,2025-07-14 03:43:13.116093008,Transfer,399
T003840,C1486,2025-07-14 04:56:03.880323360,Transfer,2766
T003841,C0127,2025-07-14 06:08:54.644553712,Deposit,698
T003842,C0083,2025-07-14 07:21:45.408784066,Withdrawal,1078
T003843,C1244,2025-07-14 08:34:36.173014418,Deposit,956
T003844,C0946,2025-07-14 09:47:26.937244770,Deposit,2196
T003845,C1641,2025-07-14 11:00:17.701475122,Deposit,2462
T003846,C1953,2025-07-14 12:13:08.465705476,Transfer,1534
T003847,C1996,2025-07-14 13:25:59.229935828,Deposit,651
T003848,C0890,2025-07-14 14:38:49.994166180,Withdrawal,1696
T003849,C0574,2025-07-14 15:51:40.758396532,Transfer,6948
T003850,C0513,2025-07-14 17:04:31.522626886,Withdrawal,2762
T003851,C1910,2025-07-14 18:17:22.286857238,Transfer,1562
T003852,C0065,2025-07-14 19:30:13.051087590,Transfer,1433
T003853,C1965,2025-07-14 20:43:03.815317942,Withdrawal,3744
T003854,C2231,2025-07-14 21:55:54.579548296,Withdrawal,960
T003855,C1090,2025-07-14 23:08:45.343778648,Withdrawal,2565
T003856,C2102,2025-07-15 00:21:36.108009000,Transfer,1154
T003857,C1245,2025-07-15 01:34:26.872239352,Withdrawal,2859
T003858,C2284,2025-07-15 02:47:17.636469706,Deposit,1058
T003859,C0889,2025-07-15 04:00:08.400700058,Transfer,7518
T003860,C0612,2025-07-15 05:12:59.164930410,Transfer,750
T003861,C0438,2025-07-15 06:25:49.929160764,Deposit,286
T003862,C1127,2025-07-15 07:38:40.693391116,Withdrawal,489
T003863,C1460,2025-07-15 08:51:31.457621468,Withdrawal,278
T003864,C1445,2025-07-15 10:04:22.221851820,Deposit,1765
T003865,C0524,2025-07-15 11:17:12.986082174,Deposit,10352
T003866,C1467,2025-07-15 12:30:03.750312526,Deposit,2750
T003867,C2452,2025-07-15 13:42:54.514542878,Withdrawal,1084
T003868,C2391,2025-07-15 14:55:45.278773230,Withdrawal,2465
T003869,C0800,2025-07-15 16:08:36.043003584,Deposit,5387
T003870,C2262,2025-07-15 17:21:26.807233936,Deposit,502
T003871,C1024,2025-07-15 18:34:17.571464288,Deposit,331
T003872,C1580,2025-07-15 19:47:08.335694640,Withdrawal,1663
T003873,C0322,2025-07-15 20:59:59.099924994,Deposit,663
T003874,C0180,2025-07-15 22:12:49.864155346,Deposit,4362
T003875,C2428,2025-07-15 23:25:40.628385698,Transfer,11484
T003876,C1705,2025-07-16 00:38:31.392616052,Withdrawal,1626
T003877,C0450,2025-07-16 01:51:22.156846404,Withdrawal,256
T003878,C1285,2025-07-16 03:04:12.921076756,Withdrawal,2972
T003879,C1661,2025-07-16 04:17:03.685307108,Deposit,717
T003880,C2179,2025-07-16 05:29:54.449537462,Deposit,1761
T003881,C1258,2025-07-16 06:42:45.213767814,Withdrawal,260
T003882,C0904,2025-07-16 07:55:35.977998166,Withdrawal,889
T003883,C1178,2025-07-16 09:08:26.742228518,Deposit,1414
T003884,C0330,2025-07-16 10:21:17.506458872,Withdrawal,5324
T003885,C0637,2025-07-16 11:34:08.270689224,Deposit,2887
T003886,C1890,2025-07-16 12:46:59.034919576,Deposit,1450
T003887,C1915,2025-07-16 13:59:49.799149928,Transfer,419
T003888,C2101,2025-07-16 15:12:40.563380282,Deposit,347
T003889,C1868,2025-07-16 16:25:31.327610634,Transfer,5384
T003890,C0413,2025-07-16 17:38:22.091840986,Transfer,587
T003891,C1541,2025-07-16 18:51:12.856071338,Deposit,166
T003892,C2416,2025-07-16 20:04:03.620301692,Transfer,3156
T003893,C1476,2025-07-16 21:16:54.384532044,Transfer,5602
T003894,C1565,2025-07-16 22:29:45.148762396,Transfer,636
T003895,C0515,2025-07-16 23:42:35.912992750,Withdrawal,2656
T003896,C0481,2025-07-17 00:55:26.677223102,Transfer,5540
T003897,C2462,2025-07-17 02:08:17.441453454,Withdrawal,1106
T003898,C2276,2025-07-17 03:21:08.205683806,Transfer,2345
T003899,C2185,2025-07-17 04:33:58.969914160,Withdrawal,9696
T003900,C0518,2025-07-17 05:46:49.734144512,Transfer,5058
T003901,C1485,2025-07-17 06:59:40.498374864,Withdrawal,1356
T003902,C0305,2025-07-17 08:12:31.262605216,Withdrawal,3991
T003903,C0655,2025-07-17 09:25:22.026835570,Transfer,4305
T003904,C1978,2025-07-17 10:38:12.791065922,Withdrawal,925
T003905,C0181,2025-07-17 11:51:03.555296274,Deposit,2336
T003906,C0030,2025-07-17 13:03:54.319526626,Deposit,490
T003907,C0765,2025-07-17 14:16:45.083756980,Transfer,6077
T003908,C0040,2025-07-17 15:29:35.847987332,Transfer,2907
T003909,C2235,2025-07-17 16:42:26.612217684,Withdrawal,1716
T003910,C2367,2025-07-17 17:55:17.376448038,Transfer,7439
T003911,C0892,2025-07-17 19:08:08.140678390,Deposit,383
T003912,C2372,2025-07-17 20:20:58.904908742,Deposit,690
T003913,C1927,2025-07-17 21:33:49.669139094,Withdrawal,1965
T003914,C0943,2025-07-17 22:46:40.433369448,Deposit,1120
T003915,C1067,2025-07-17 23:59:31.197599800,Deposit,4821
T003916,C2222,2025-07-18 01:12:21.961830152,Withdrawal,574
T003917,C1783,2025-07-18 02:25:12.726060504,Deposit,607
T003918,C0685,2025-07-18 03:38:03.490290858,Withdrawal,1459
T003919,C1065,2025-07-18 04:50:54.254521210,Deposit,27689
T003920,C2457,2025-07-18 06:03:45.018751562,Transfer,6240
T003921,C1586,2025-07-18 07:16:35.782981914,Transfer,1270
T003922,C1347,2025-07-18 08:29:26.547212268,Withdrawal,2530
T003923,C2228,2025-07-18 09:42:17.311442620,Deposit,964
T003924,C1183,2025-07-18 10:55:08.075672972,Transfer,228
T003925,C0037,2025-07-18 12:07:58.839903324,Deposit,667
T003926,C2454,2025-07-18 13:20:49.604133678,Deposit,1033
T003927,C0539,2025-07-18 14:33:40.368364030,Deposit,209
T003928,C2424,2025-07-18 15:46:31.132594382,Transfer,1531
T003929,C1922,2025-07-18 16:59:21.896824736,Transfer,2872
T003930,C2304,2025-07-18 18:12:12.661055088,Transfer,11687
T003931,C2326,2025-07-18 19:25:03.425285440,Withdrawal,2294
T003932,C0249,2025-07-18 20:37:54.189515792,Deposit,535
T003933,C0693,2025-07-18 21:50:44.953746146,Transfer,291
T003934,C1041,2025-07-18 23:03:35.717976498,Withdrawal,2607
T003935,C1392,2025-07-19 00:16:26.482206850,Deposit,1684
T003936,C2173,2025-07-19 01:29:17.246437202,Deposit,2262
T003937,C1336,2025-07-19 02:42:08.010667556,Deposit,2348
T003938,C2260,2025-07-19 03:54:58.774897908,Transfer,3669
T003939,C1439,2025-07-19 05:07:49.539128260,Deposit,4138
T003940,C0500,2025-07-19 06:20:40.303358612,Deposit,1126
T003941,C0811,2025-07-19 07:33:31.067588966,Withdrawal,1513
T003942,C1736,2025-07-19 08:46:21.831819318,Deposit,1086
T003943,C0889,2025-07-19 09:59:12.596049670,Deposit,1643
T003944,C1211,2025-07-19 11:12:03.360280024,Transfer,710
T003945,C1924,2025-07-19 12:24:54.124510376,Deposit,3204
T003946,C1987,2025-07-19 13:37:44.888740728,Withdrawal,1019
T003947,C1492,2025-07-19 14:50:35.652971080,Withdrawal,3634
T003948,C0175,2025-07-19 16:03:26.417201434,Deposit,4130
T003949,C2365,2025-07-19 17:16:17.181431786,Withdrawal,2887
T003950,C0824,2025-07-19 18:29:07.945662138,Deposit,6048
T003951,C0931,2025-07-19 19:41:58.709892490,Deposit,4018
T003952,C2015,2025-07-19 20:54:49.474122844,Deposit,488
T003953,C0269,2025-07-19 22:07:40.238353196,Deposit,1937
T003954,C1818,2025-07-19 23:20:31.002583548,Withdrawal,609
T003955,C0224,2025-07-20 00:33:21.766813900,Deposit,1736
T003956,C1276,2025-07-20 01:46:12.531044254,Deposit,2673
T003957,C1148,2025-07-20 02:59:03.295274606,Transfer,999
T003958,C0238,2025-07-20 04:11:54.059504958,Deposit,4150
T003959,C2123,2025-07-20 05:24:44.823735310,Deposit,564
T003960,C0500,2025-07-20 06:37:35.587965664,Withdrawal,120
T003961,C1546,2025-07-20 07:50:26.352196016,Transfer,2030
T003962,C0268,2025-07-20 09:03:17.116426368,Deposit,1385
T003963,C1511,2025-07-20 10:16:07.880656722,Deposit,3501
T003964,C0987,2025-07-20 11:28:58.644887074,Deposit,3692
T003965,C1624,2025-07-20 12:41:49.409117426,Deposit,1816
T003966,C0723,2025-07-20 13:54:40.173347778,Deposit,1218
T003967,C1096,2025-07-20 15:07:30.937578132,Deposit,1944
T003968,C0190,2025-07-20 16:20:21.701808484,Deposit,6698
T003969,C0996,2025-07-20 17:33:12.466038836,Deposit,5108
T003970,C1586,2025-07-20 18:46:03.230269188,Deposit,5450
T003971,C0566,2025-07-20 19:58:53.994499542,Withdrawal,404
T003972,C0993,2025-07-20 21:11:44.758729894,Deposit,4996
T003973,C0156,2025-07-20 22:24:35.522960246,Deposit,8716
T003974,C1896,2025-07-20 23:37:26.287190598,Deposit,220
T003975,C1587,2025-07-21 00:50:17.051420952,Deposit,1234
T003976,C1777,2025-07-21 02:03:07.815651304,Transfer,684649
T003977,C1866,2025-07-21 03:15:58.579881656,Transfer,669
T003978,C0673,2025-07-21 04:28:49.344112010,Deposit,1061
T003979,C1665,2025-07-21 05:41:40.108342362,Deposit,11502
T003980,C1109,2025-07-21 06:54:30.872572714,Withdrawal,2397
T003981,C2117,2025-07-21 08:07:21.636803066,Deposit,5127
T003982,C2421,2025-07-21 09:20:12.401033420,Transfer,3654
T003983,C0055,2025-07-21 10:33:03.165263772,Deposit,1856
T003984,C0085,2025-07-21 11:45:53.929494124,Withdrawal,1068
T003985,C1881,2025-07-21 12:58:44.693724476,Deposit,3183
T003986,C0592,2025-07-21 14:11:35.457954830,Deposit,2589
T003987,C1960,2025-07-21 15:24:26.222185182,Deposit,2708
T003988,C1009,2025-07-21 16:37:16.986415534,Withdrawal,2552
T003989,C2365,2025-07-21 17:50:07.750645886,Withdrawal,948
T003990,C0252,2025-07-21 19:02:58.514876240,Transfer,2893
T003991,C2200,2025-07-21 20:15:49.279106592,Deposit,1222
T003992,C1360,2025-07-21 21:28:40.043336944,Withdrawal,4683
T003993,C0910,2025-07-21 22:41:30.807567296,Deposit,7106
T003994,C1787,2025-07-21 23:54:21.571797650,Withdrawal,2562
T003995,C0600,2025-07-22 01:07:12.336028002,Deposit,2403
T003996,C1007,2025-07-22 02:20:03.100258354,Withdrawal,8337
T003997,C1124,2025-07-22 03:32:53.864488708,Transfer,5095
T003998,C1144,2025-07-22 04:45:44.628719060,Transfer,664
T003999,C0303,2025-07-22 05:58:35.392949412,Withdrawal,831
T004000,C1740,2025-07-22 07:11:26.157179764,Deposit,3389
T004001,C1225,2025-07-22 08:24:16.921410118,Transfer,4306
T004002,C1027,2025-07-22 09:37:07.685640470,Transfer,405
T004003,C0400,2025-07-22 10:49:58.449870822,Deposit,7397
T004004,C0068,2025-07-22 12:02:49.214101174,Transfer,599
T004005,C0154,2025-07-22 13:15:39.978331528,Transfer,8731
T004006,C1015,2025-07-22 14:28:30.742561880,Deposit,847
T004007,C1518,2025-07-22 15:41:21.506792232,Withdrawal,2450
T004008,C0182,2025-07-22 16:54:12.271022584,Withdrawal,3031
T004009,C0525,2025-07-22 18:07:03.035252938,Withdrawal,1342
T004010,C2237,2025-07-22 19:19:53.799483290,Deposit,4735
T004011,C0020,2025-07-22 20:32:44.563713642,Deposit,3729
T004012,C0851,2025-07-22 21:45:35.327943996,Deposit,1949
T004013,C2058,2025-07-22 22:58:26.092174348,Withdrawal,11082
T004014,C1881,2025-07-23 00:11:16.856404700,Transfer,1572
T004015,C0655,2025-07-23 01:24:07.620635052,Withdrawal,2007
T004016,C1327,2025-07-23 02:36:58.384865406,Deposit,2169
T004017,C2289,2025-07-23 03:49:49.149095758,Transfer,1802
T004018,C2200,2025-07-23 05:02:39.913326110,Deposit,1241
T004019,C2236,2025-07-23 06:15:30.677556462,Transfer,1002
T004020,C0722,2025-07-23 07:28:21.441786816,Withdrawal,2501
T004021,C1201,2025-07-23 08:41:12.206017168,Withdrawal,611
T004022,C0881,2025-07-23 09:54:02.970247520,Withdrawal,665
T004023,C2463,2025-07-23 11:06:53.734477872,Deposit,1947
T004024,C0578,2025-07-23 12:19:44.498708226,Withdrawal,2136
T004025,C0310,2025-07-23 13:32:35.262938578,Deposit,4161
T004026,C1026,2025-07-23 14:45:26.027168930,Withdrawal,686
T004027,C0317,2025-07-23 15:58:16.791399282,Withdrawal,1462
T004028,C1807,2025-07-23 17:11:07.555629636,Withdrawal,2169
T004029,C1533,2025-07-23 18:23:58.319859988,Transfer,9653
T004030,C1020,2025-07-23 19:36:49.084090340,Deposit,1734
T004031,C0368,2025-07-23 20:49:39.848320694,Withdrawal,2180
T004032,C0555,2025-07-23 22:02:30.612551046,Transfer,1246
T004033,C1250,2025-07-23 23:15:21.376781398,Deposit,3242
T004034,C0480,2025-07-24 00:28:12.141011750,Transfer,423
T004035,C1822,2025-07-24 01:41:02.905242104,Deposit,4395
T004036,C0940,2025-07-24 02:53:53.669472456,Withdrawal,276
T004037,C0014,2025-07-24 04:06:44.433702808,Transfer,1949
T004038,C2076,2025-07-24 05:19:35.197933160,Transfer,2219
T004039,C0142,2025-07-24 06:32:25.962163514,Deposit,4366
T004040,C0590,2025-07-24 07:45:16.726393866,Deposit,207
T004041,C1783,2025-07-24 08:58:07.490624218,Transfer,342
T004042,C0473,2025-07-24 10:10:58.254854570,Transfer,1793
T004043,C1548,2025-07-24 11:23:49.019084924,Withdrawal,594
T004044,C1208,2025-07-24 12:36:39.783315276,Deposit,304
T004045,C0317,2025-07-24 13:49:30.547545628,Withdrawal,1398
T004046,C1385,2025-07-24 15:02:21.311775982,Deposit,1944
T004047,C0445,2025-07-24 16:15:12.076006334,Transfer,616
T004048,C2344,2025-07-24 17:28:02.840236686,Withdrawal,3114
T004049,C2452,2025-07-24 18:40:53.604467038,Withdrawal,6485
T004050,C1962,2025-07-24 19:53:44.368697392,Deposit,263
T004051,C2311,2025-07-24 21:06:35.132927744,Withdrawal,10748
T004052,C0847,2025-07-24 22:19:25.897158096,Withdrawal,630
T004053,C2425,2025-07-24 23:32:16.661388448,Withdrawal,1742
T004054,C0585,2025-07-25 00:45:07.425618802,Transfer,650
T004055,C0799,2025-07-25 01:57:58.189849154,Withdrawal,1489
T004056,C0471,2025-07-25 03:10:48.954079506,Deposit,2387
T004057,C0732,2025-07-25 04:23:39.718309858,Withdrawal,3030
T004058,C0972,2025-07-25 05:36:30.482540212,Withdrawal,2184
T004059,C2095,2025-07-25 06:49:21.246770564,Deposit,458
T004060,C2072,2025-07-25 08:02:12.011000916,Deposit,9636
T004061,C1314,2025-07-25 09:15:02.775231268,Deposit,577
T004062,C2451,2025-07-25 10:27:53.539461622,Withdrawal,1394
T004063,C1048,2025-07-25 11:40:44.303691974,Deposit,679
T004064,C1088,2025-07-25 12:53:35.067922326,Transfer,5191
T004065,C1684,2025-07-25 14:06:25.832152680,Withdrawal,473
T004066,C1652,2025-07-25 15:19:16.596383032,Withdrawal,13050
T004067,C1263,2025-07-25 16:32:07.360613384,Withdrawal,2996
T004068,C0283,2025-07-25 17:44:58.124843736,Withdrawal,1630
T004069,C2141,2025-07-25 18:57:48.889074090,Withdrawal,7559
T004070,C1399,2025-07-25 20:10:39.653304442,Deposit,1547
T004071,C2358,2025-07-25 21:23:30.417534794,Withdrawal,9489
T004072,C1773,2025-07-25 22:36:21.181765146,Deposit,7603
T004073,C0007,2025-07-25 23:49:11.945995500,Transfer,3212
T004074,C0788,2025-07-26 01:02:02.710225852,Deposit,2300
T004075,C0043,2025-07-26 02:14:53.474456204,Withdrawal,3122
T004076,C0201,2025-07-26 03:27:44.238686556,Withdrawal,3107
T004077,C1689,2025-07-26 04:40:35.002916910,Deposit,2982
T004078,C0548,2025-07-26 05:53:25.767147262,Deposit,801
T004079,C0226,2025-07-26 07:06:16.531377614,Withdrawal,666
T004080,C0633,2025-07-26 08:19:07.295607968,Transfer,5288
T004081,C1545,2025-07-26 09:31:58.059838320,Withdrawal,3624
T004082,C1359,2025-07-26 10:44:48.824068672,Transfer,1945
T004083,C1205,2025-07-26 11:57:39.588299024,Deposit,1621
T004084,C2242,2025-07-26 13:10:30.352529378,Deposit,2528
T004085,C0538,2025-07-26 14:23:21.116759730,Withdrawal,292
T004086,C0481,2025-07-26 15:36:11.880990082,Deposit,3211
T004087,C0430,2025-07-26 16:49:02.645220434,Withdrawal,425
T004088,C1351,2025-07-26 18:01:53.409450788,Withdrawal,2456
T004089,C0945,2025-07-26 19:14:44.173681140,Transfer,1396
T004090,C1929,2025-07-26 20:27:34.937911492,Deposit,319
T004091,C1824,2025-07-26 21:40:25.702141844,Deposit,1545
T004092,C0111,2025-07-26 22:53:16.466372198,Transfer,5531
T004093,C0212,2025-07-27 00:06:07.230602550,Deposit,538
T004094,C1707,2025-07-27 01:18:57.994832902,Withdrawal,3784
T004095,C0851,2025-07-27 02:31:48.759063254,Withdrawal,1345
T004096,C0987,2025-07-27 03:44:39.523293608,Deposit,1530
T004097,C0996,2025-07-27 04:57:30.287523960,Deposit,6645
T004098,C2000,2025-07-27 06:10:21.051754312,Deposit,810
T004099,C1911,2025-07-27 07:23:11.815984666,Deposit,3240
T004100,C0666,2025-07-27 08:36:02.580215018,Withdrawal,1191
T004101,C0350,2025-07-27 09:48:53.344445370,Deposit,972
T004102,C1538,2025-07-27 11:01:44.108675722,Deposit,294
T004103,C0251,2025-07-27 12:14:34.872906076,Withdrawal,1193
T004104,C1567,2025-07-27 13:27:25.637136428,Transfer,26828
T004105,C2367,2025-07-27 14:40:16.401366780,Transfer,3691
T004106,C1207,2025-07-27 15:53:07.165597132,Transfer,1070
T004107,C2237,2025-07-27 17:05:57.929827486,Withdrawal,1567
T004108,C1320,2025-07-27 18:18:48.694057838,Deposit,3910
T004109,C1946,2025-07-27 19:31:39.458288190,Withdrawal,9150
T004110,C0079,2025-07-27 20:44:30.222518542,Deposit,297
T004111,C0546,2025-07-27 21:57:20.986748896,Withdrawal,1481
T004112,C1494,2025-07-27 23:10:11.750979248,Deposit,2760
T004113,C0924,2025-07-28 00:23:02.515209600,Withdrawal,3071
T004114,C0619,2025-07-28 01:35:53.279439952,Deposit,10239
T004115,C0305,2025-07-28 02:48:44.043670306,Deposit,3265
T004116,C2247,2025-07-28 04:01:34.807900658,Withdrawal,137
T004117,C1598,2025-07-28 05:14:25.572131010,Withdrawal,9647
T004118,C1048,2025-07-28 06:27:16.336361364,Deposit,2864
T004119,C1699,2025-07-28 07:40:07.100591716,Transfer,1920
T004120,C1485,2025-07-28 08:52:57.864822068,Deposit,1391
T004121,C2231,2025-07-28 10:05:48.629052420,Transfer,1550
T004122,C1869,2025-07-28 11:18:39.393282774,Withdrawal,654
T004123,C0083,2025-07-28 12:31:30.157513124,Withdrawal,3414
T004124,C0093,2025-07-28 13:44:20.921743480,Transfer,739
T004125,C1468,2025-07-28 14:57:11.685973832,Transfer,1414
T004126,C2025,2025-07-28 16:10:02.450204184,Deposit,2114
T004127,C0774,2025-07-28 17:22:53.214434536,Deposit,13228
T004128,C1394,2025-07-28 18:35:43.978664888,Deposit,964
T004129,C0792,2025-07-28 19:48:34.742895240,Withdrawal,3489
T004130,C0476,2025-07-28 21:01:25.507125592,Withdrawal,3904
T004131,C0504,2025-07-28 22:14:16.271355944,Withdrawal,1838
T004132,C1871,2025-07-28 23:27:07.035586300,Deposit,3371
T004133,C0231,2025-07-29 00:39:57.799816652,Withdrawal,213
T004134,C1587,2025-07-29 01:52:48.564047004,Withdrawal,746
T004135,C1775,2025-07-29 03:05:39.328277356,Withdrawal,6088
T004136,C2257,2025-07-29 04:18:30.092507708,Withdrawal,3238
T004137,C0131,2025-07-29 05:31:20.856738060,Withdrawal,1520
T004138,C0743,2025-07-29 06:44:11.620968412,Withdrawal,273
T004139,C0384,2025-07-29 07:57:02.385198768,Transfer,311
T004140,C1567,2025-07-29 09:09:53.149429120,Deposit,17350
T004141,C2410,2025-07-29 10:22:43.913659472,Withdrawal,5585
T004142,C0761,2025-07-29 11:35:34.677889824,Deposit,469
T004143,C1148,2025-07-29 12:48:25.442120176,Deposit,1640
T004144,C0943,2025-07-29 14:01:16.206350528,Transfer,1371
T004145,C1297,2025-07-29 15:14:06.970580880,Withdrawal,289
T004146,C2403,2025-07-29 16:26:57.734811232,Transfer,578
T004147,C2148,2025-07-29 17:39:48.499041588,Transfer,880
T004148,C1640,2025-07-29 18:52:39.263271940,Deposit,1099
T004149,C0301,2025-07-29 20:05:30.027502292,Transfer,9946
T004150,C0609,2025-07-29 21:18:20.791732644,Deposit,2202
T004151,C1852,2025-07-29 22:31:11.555962996,Deposit,3754
T004152,C0882,2025-07-29 23:44:02.320193348,Withdrawal,591
T004153,C2251,2025-07-30 00:56:53.084423700,Deposit,11644
T004154,C1222,2025-07-30 02:09:43.848654056,Transfer,12330
T004155,C2160,2025-07-30 03:22:34.612884408,Withdrawal,1724
T004156,C2429,2025-07-30 04:35:25.377114760,Deposit,1494
T004157,C0755,2025-07-30 05:48:16.141345112,Deposit,2240
T004158,C1207,2025-07-30 07:01:06.905575464,Withdrawal,1913
T004159,C0796,2025-07-30 08:13:57.669805816,Deposit,572
T004160,C2385,2025-07-30 09:26:48.434036168,Deposit,268
T004161,C1995,2025-07-30 10:39:39.198266520,Withdrawal,322
T004162,C1324,2025-07-30 11:52:29.962496876,Transfer,1686
T004163,C0222,2025-07-30 13:05:20.726727228,Deposit,3079
T004164,C1012,2025-07-30 14:18:11.490957580,Deposit,8634
T004165,C0689,2025-07-30 15:31:02.255187932,Deposit,7439
T004166,C0118,2025-07-30 16:43:53.019418284,Deposit,324
T004167,C0174,2025-07-30 17:56:43.783648636,Deposit,13671
T004168,C1243,2025-07-30 19:09:34.547878988,Deposit,4894
T004169,C2367,2025-07-30 20:22:25.312109344,Withdrawal,12799
T004170,C2045,2025-07-30 21:35:16.076339696,Deposit,751
T004171,C0441,2025-07-30 22:48:06.840570048,Deposit,952
T004172,C1225,2025-07-31 00:00:57.604800400,Transfer,1863
T004173,C1600,2025-07-31 01:13:48.369030752,Withdrawal,4688
T004174,C2463,2025-07-31 02:26:39.133261104,Deposit,2121
T004175,C1028,2025-07-31 03:39:29.897491456,Withdrawal,2461
T004176,C0950,2025-07-31 04:52:20.661721808,Withdrawal,1038
T004177,C0083,2025-07-31 06:05:11.425952164,Withdrawal,1270
T004178,C0989,2025-07-31 07:18:02.190182516,Transfer,1337
T004179,C2054,2025-07-31 08:30:52.954412868,Deposit,1206
T004180,C1753,2025-07-31 09:43:43.718643220,Withdrawal,6601
T004181,C0347,2025-07-31 10:56:34.482873572,Transfer,2073
T004182,C0534,2025-07-31 12:09:25.247103924,Withdrawal,1434
T004183,C1821,2025-07-31 13:22:16.011334276,Transfer,2245
T004184,C0451,2025-07-31 14:35:06.775564632,Withdrawal,415
T004185,C0918,2025-07-31 15:47:57.539794984,Transfer,1723
T004186,C0954,2025-07-31 17:00:48.304025336,Transfer,969
T004187,C0214,2025-07-31 18:13:39.068255688,Withdrawal,6480
T004188,C0900,2025-07-31 19:26:29.832486040,Deposit,1626
T004189,C1190,2025-07-31 20:39:20.596716392,Transfer,966
T004190,C2421,2025-07-31 21:52:11.360946744,Transfer,6271
T004191,C0653,2025-07-31 23:05:02.125177096,Deposit,393
T004192,C0983,2025-08-01 00:17:52.889407452,Deposit,3076
T004193,C0576,2025-08-01 01:30:43.653637804,Transfer,400
T004194,C0333,2025-08-01 02:43:34.417868156,Withdrawal,6093
T004195,C0212,2025-08-01 03:56:25.182098508,Withdrawal,3499
T004196,C0289,2025-08-01 05:09:15.946328860,Transfer,314
T004197,C2214,2025-08-01 06:22:06.710559212,Deposit,454
T004198,C2174,2025-08-01 07:34:57.474789564,Transfer,560
T004199,C1056,2025-08-01 08:47:48.239019916,Withdrawal,2915
T004200,C1931,2025-08-01 10:00:39.003250272,Transfer,3778
T004201,C0274,2025-08-01 11:13:29.767480624,Withdrawal,3009
T004202,C1325,2025-08-01 12:26:20.531710976,Transfer,251
T004203,C2324,2025-08-01 13:39:11.295941328,Withdrawal,1480
T004204,C1031,2025-08-01 14:52:02.060171680,Withdrawal,2183
T004205,C1883,2025-08-01 16:04:52.824402032,Deposit,3815
T004206,C1479,2025-08-01 17:17:43.588632384,Withdrawal,1618
T004207,C1154,2025-08-01 18:30:34.352862740,Withdrawal,957
T004208,C0097,2025-08-01 19:43:25.117093092,Transfer,1195
T004209,C0277,2025-08-01 20:56:15.881323444,Withdrawal,6249
T004210,C1309,2025-08-01 22:09:06.645553796,Transfer,449
T004211,C1197,2025-08-01 23:21:57.409784148,Withdrawal,1774
T004212,C0332,2025-08-02 00:34:48.174014500,Deposit,339
T004213,C2253,2025-08-02 01:47:38.938244852,Deposit,1867
T004214,C0103,2025-08-02 03:00:29.702475204,Deposit,1124
T004215,C0955,2025-08-02 04:13:20.466705560,Deposit,3633
T004216,C2408,2025-08-02 05:26:11.230935912,Deposit,3550
T004217,C2087,2025-08-02 06:39:01.995166264,Withdrawal,753
T004218,C0307,2025-08-02 07:51:52.759396616,Withdrawal,2827
T004219,C0884,2025-08-02 09:04:43.523626968,Withdrawal,2013
T004220,C2094,2025-08-02 10:17:34.287857320,Deposit,791
T004221,C0194,2025-08-02 11:30:25.052087672,Deposit,1174
T004222,C0249,2025-08-02 12:43:15.816318028,Deposit,982
T004223,C1013,2025-08-02 13:56:06.580548380,Withdrawal,861
T004224,C2255,2025-08-02 15:08:57.344778732,Deposit,2244
T004225,C2163,2025-08-02 16:21:48.109009084,Deposit,1185
T004226,C2287,2025-08-02 17:34:38.873239436,Deposit,19799
T004227,C1193,2025-08-02 18:47:29.637469788,Withdrawal,1569
T004228,C1072,2025-08-02 20:00:20.401700140,Withdrawal,2105
T004229,C2036,2025-08-02 21:13:11.165930492,Deposit,1264
T004230,C0508,2025-08-02 22:26:01.930160848,Deposit,2168
T004231,C0155,2025-08-02 23:38:52.694391200,Deposit,697
T004232,C0461,2025-08-03 00:51:43.458621552,Withdrawal,2449
T004233,C1397,2025-08-03 02:04:34.222851904,Transfer,4793
T004234,C0791,2025-08-03 03:17:24.987082256,Deposit,3053
T004235,C1226,2025-08-03 04:30:15.751312608,Deposit,990
T004236,C2365,2025-08-03 05:43:06.515542960,Deposit,858
T004237,C2499,2025-08-03 06:55:57.279773316,Withdrawal,18682
T004238,C1868,2025-08-03 08:08:48.044003668,Transfer,4469
T004239,C1689,2025-08-03 09:21:38.808234020,Deposit,1851
T004240,C0577,2025-08-03 10:34:29.572464372,Withdrawal,2762
T004241,C1944,2025-08-03 11:47:20.336694724,Withdrawal,3196
T004242,C0362,2025-08-03 13:00:11.100925076,Transfer,1200
T004243,C0457,2025-08-03 14:13:01.865155428,Withdrawal,6548
T004244,C0129,2025-08-03 15:25:52.629385780,Deposit,2892
T004245,C0812,2025-08-03 16:38:43.393616136,Withdrawal,923
T004246,C0873,2025-08-03 17:51:34.157846488,Transfer,1273
T004247,C0350,2025-08-03 19:04:24.922076840,Transfer,1754
T004248,C1915,2025-08-03 20:17:15.686307192,Withdrawal,5361
T004249,C0452,2025-08-03 21:30:06.450537544,Deposit,2204
T004250,C1404,2025-08-03 22:42:57.214767896,Deposit,2889
T004251,C0109,2025-08-03 23:55:47.978998248,Withdrawal,3084
T004252,C1232,2025-08-04 01:08:38.743228604,Withdrawal,2497
T004253,C0577,2025-08-04 02:21:29.507458956,Withdrawal,1400
T004254,C0241,2025-08-04 03:34:20.271689308,Deposit,414
T004255,C1714,2025-08-04 04:47:11.035919660,Deposit,796
T004256,C2042,2025-08-04 06:00:01.800150012,Withdrawal,874
T004257,C1286,2025-08-04 07:12:52.564380364,Deposit,1079
T004258,C2373,2025-08-04 08:25:43.328610716,Deposit,56587
T004259,C0371,2025-08-04 09:38:34.092841068,Withdrawal,1926
T004260,C1959,2025-08-04 10:51:24.857071424,Deposit,1262
T004261,C2153,2025-08-04 12:04:15.621301776,Transfer,2143
T004262,C0098,2025-08-04 13:17:06.385532128,Deposit,3179
T004263,C1511,2025-08-04 14:29:57.149762480,Withdrawal,1456
T004264,C0096,2025-08-04 15:42:47.913992832,Deposit,1793
T004265,C1949,2025-08-04 16:55:38.678223184,Deposit,2472
T004266,C1496,2025-08-04 18:08:29.442453536,Transfer,4241
T004267,C2094,2025-08-04 19:21:20.206683888,Withdrawal,607
T004268,C2079,2025-08-04 20:34:10.970914244,Deposit,319
T004269,C2456,2025-08-04 21:47:01.735144596,Deposit,5245
T004270,C1406,2025-08-04 22:59:52.499374948,Transfer,2905
T004271,C0716,2025-08-05 00:12:43.263605300,Withdrawal,557
T004272,C0973,2025-08-05 01:25:34.027835652,Deposit,6195
T004273,C1513,2025-08-05 02:38:24.792066004,Deposit,7965
T004274,C0906,2025-08-05 03:51:15.556296356,Transfer,4144
T004275,C0809,2025-08-05 05:04:06.320526712,Deposit,421
T004276,C0599,2025-08-05 06:16:57.084757064,Deposit,7741
T004277,C0967,2025-08-05 07:29:47.848987416,Withdrawal,584
T004278,C1868,2025-08-05 08:42:38.613217768,Transfer,1186
T004279,C1840,2025-08-05 09:55:29.377448120,Deposit,3764
T004280,C0135,2025-08-05 11:08:20.141678472,Withdrawal,887
T004281,C0328,2025-08-05 12:21:10.905908824,Withdrawal,793
T004282,C0199,2025-08-05 13:34:01.670139176,Deposit,2336
T004283,C0683,2025-08-05 14:46:52.434369532,Transfer,951
T004284,C0124,2025-08-05 15:59:43.198599884,Withdrawal,2767
T004285,C0754,2025-08-05 17:12:33.962830236,Deposit,1852
T004286,C1607,2025-08-05 18:25:24.727060588,Withdrawal,2242
T004287,C2430,2025-08-05 19:38:15.491290940,Withdrawal,1522
T004288,C0571,2025-08-05 20:51:06.255521292,Withdrawal,1713
T004289,C1469,2025-08-05 22:03:57.019751644,Withdrawal,1156
T004290,C1170,2025-08-05 23:16:47.783982000,Deposit,561
T004291,C1927,2025-08-06 00:29:38.548212352,Deposit,276
T004292,C1588,2025-08-06 01:42:29.312442704,Deposit,2370
T004293,C2224,2025-08-06 02:55:20.076673056,Withdrawal,3230
T004294,C1303,2025-08-06 04:08:10.840903408,Transfer,641
T004295,C2428,2025-08-06 05:21:01.605133760,Transfer,6785
T004296,C0165,2025-08-06 06:33:52.369364112,Deposit,3856
T004297,C1863,2025-08-06 07:46:43.133594464,Withdrawal,3357
T004298,C1510,2025-08-06 08:59:33.897824820,Transfer,3954
T004299,C0615,2025-08-06 10:12:24.662055172,Deposit,2478
T004300,C1791,2025-08-06 11:25:15.426285524,Deposit,1262
T004301,C1385,2025-08-06 12:38:06.190515876,Withdrawal,286
T004302,C2221,2025-08-06 13:50:56.954746228,Withdrawal,1367
T004303,C1201,2025-08-06 15:03:47.718976580,Deposit,16687
T004304,C1073,2025-08-06 16:16:38.483206932,Deposit,1065
T004305,C1135,2025-08-06 17:29:29.247437288,Withdrawal,294
T004306,C1784,2025-08-06 18:42:20.011667640,Withdrawal,187
T004307,C1711,2025-08-06 19:55:10.775897992,Withdrawal,7052
T004308,C0619,2025-08-06 21:08:01.540128344,Transfer,1625
T004309,C0859,2025-08-06 22:20:52.304358696,Deposit,4643
T004310,C1179,2025-08-06 23:33:43.068589048,Deposit,1122
T004311,C1687,2025-08-07 00:46:33.832819400,Withdrawal,1541
T004312,C1607,2025-08-07 01:59:24.597049752,Withdrawal,1384
T004313,C0637,2025-08-07 03:12:15.361280108,Transfer,1282
T004314,C0215,2025-08-07 04:25:06.125510460,Withdrawal,329
T004315,C1354,2025-08-07 05:37:56.889740812,Withdrawal,8895
T004316,C0144,2025-08-07 06:50:47.653971164,Withdrawal,3991
T004317,C0619,2025-08-07 08:03:38.418201516,Deposit,2337
T004318,C1008,2025-08-07 09:16:29.182431868,Withdrawal,3847
T004319,C0354,2025-08-07 10:29:19.946662220,Deposit,4512
T004320,C0281,2025-08-07 11:42:10.710892576,Withdrawal,443
T004321,C1346,2025-08-07 12:55:01.475122928,Deposit,2702
T004322,C0837,2025-08-07 14:07:52.239353280,Transfer,4771
T004323,C1960,2025-08-07 15:20:43.003583632,Transfer,11755
T004324,C0390,2025-08-07 16:33:33.767813984,Deposit,2072
T004325,C1088,2025-08-07 17:46:24.532044336,Withdrawal,4545
T004326,C0265,2025-08-07 18:59:15.296274688,Transfer,805
T004327,C2054,2025-08-07 20:12:06.060505040,Withdrawal,879
T004328,C0913,2025-08-07 21:24:56.824735396,Withdrawal,2867
T004329,C0168,2025-08-07 22:37:47.588965748,Deposit,897
T004330,C2403,2025-08-07 23:50:38.353196100,Deposit,3578
T004331,C1996,2025-08-08 01:03:29.117426452,Deposit,1756
T004332,C2221,2025-08-08 02:16:19.881656804,Transfer,4091
T004333,C0850,2025-08-08 03:29:10.645887156,Withdrawal,391
T004334,C2167,2025-08-08 04:42:01.410117508,Transfer,1731
T004335,C0174,2025-08-08 05:54:52.174347860,Withdrawal,8781
T004336,C2177,2025-08-08 07:07:42.938578216,Withdrawal,4786
T004337,C0187,2025-08-08 08:20:33.702808568,Withdrawal,445
T004338,C1087,2025-08-08 09:33:24.467038920,Withdrawal,1200
T004339,C1298,2025-08-08 10:46:15.231269272,Transfer,16561
T004340,C2258,2025-08-08 11:59:05.995499624,Deposit,2096
T004341,C1009,2025-08-08 13:11:56.759729976,Deposit,5958
T004342,C1217,2025-08-08 14:24:47.523960328,Deposit,43183
T004343,C0532,2025-08-08 15:37:38.288190684,Deposit,2725
T004344,C1206,2025-08-08 16:50:29.052421036,Deposit,1112
T004345,C0228,2025-08-08 18:03:19.816651388,Deposit,1805
T004346,C0614,2025-08-08 19:16:10.580881740,Deposit,20333
T004347,C2137,2025-08-08 20:29:01.345112092,Withdrawal,2520
T004348,C1766,2025-08-08 21:41:52.109342444,Withdrawal,1667
T004349,C0250,2025-08-08 22:54:42.873572796,Deposit,3276
T004350,C2273,2025-08-09 00:07:33.637803148,Deposit,1376
T004351,C1943,2025-08-09 01:20:24.402033504,Withdrawal,1471
T004352,C0673,2025-08-09 02:33:15.166263856,Withdrawal,1580
T004353,C2216,2025-08-09 03:46:05.930494208,Deposit,25502
T004354,C2158,2025-08-09 04:58:56.694724560,Withdrawal,3139
T004355,C1797,2025-08-09 06:11:47.458954912,Withdrawal,2122
T004356,C0297,2025-08-09 07:24:38.223185264,Deposit,4285
T004357,C1928,2025-08-09 08:37:28.987415616,Deposit,2875
T004358,C2291,2025-08-09 09:50:19.751645972,Withdrawal,1050
T004359,C2257,2025-08-09 11:03:10.515876324,Transfer,7122
T004360,C1267,2025-08-09 12:16:01.280106676,Withdrawal,429
T004361,C1106,2025-08-09 13:28:52.044337028,Transfer,1532
T004362,C1458,2025-08-09 14:41:42.808567380,Withdrawal,2214
T004363,C1567,2025-08-09 15:54:33.572797732,Transfer,2085
T004364,C1028,2025-08-09 17:07:24.337028084,Transfer,4989
T004365,C2309,2025-08-09 18:20:15.101258436,Deposit,1554
T004366,C1590,2025-08-09 19:33:05.865488792,Deposit,433
T004367,C2428,2025-08-09 20:45:56.629719144,Deposit,6861
T004368,C0096,2025-08-09 21:58:47.393949496,Deposit,3251
T004369,C1360,2025-08-09 23:11:38.158179848,Withdrawal,36222
T004370,C2045,2025-08-10 00:24:28.922410200,Withdrawal,968
T004371,C1740,2025-08-10 01:37:19.686640552,Transfer,6074
T004372,C1353,2025-08-10 02:50:10.450870904,Deposit,5699
T004373,C0829,2025-08-10 04:03:01.215101260,Withdrawal,1019
T004374,C1662,2025-08-10 05:15:51.979331612,Withdrawal,2865
T004375,C1543,2025-08-10 06:28:42.743561964,Deposit,732
T004376,C0926,2025-08-10 07:41:33.507792316,Withdrawal,2441
T004377,C1149,2025-08-10 08:54:24.272022668,Withdrawal,935
T004378,C1807,2025-08-10 10:07:15.036253020,Withdrawal,1380
T004379,C2308,2025-08-10 11:20:05.800483372,Deposit,226
T004380,C0831,2025-08-10 12:32:56.564713724,Deposit,798
T004381,C1606,2025-08-10 13:45:47.328944080,Withdrawal,3239
T004382,C0550,2025-08-10 14:58:38.093174432,Deposit,219
T004383,C1032,2025-08-10 16:11:28.857404784,Withdrawal,6226
T004384,C0563,2025-08-10 17:24:19.621635136,Deposit,1363
T004385,C2421,2025-08-10 18:37:10.385865488,Deposit,1707
T004386,C0222,2025-08-10 19:50:01.150095840,Deposit,1265
T004387,C0531,2025-08-10 21:02:51.914326192,Deposit,2876
T004388,C2398,2025-08-10 22:15:42.678556548,Deposit,11716
T004389,C0031,2025-08-10 23:28:33.442786900,Transfer,1958
T004390,C1382,2025-08-11 00:41:24.207017252,Deposit,2001
T004391,C0022,2025-08-11 01:54:14.971247604,Deposit,3619
T004392,C1313,2025-08-11 03:07:05.735477956,Withdrawal,594
T004393,C0754,2025-08-11 04:19:56.499708308,Deposit,922
T004394,C0214,2025-08-11 05:32:47.263938660,Deposit,2839
T004395,C0712,2025-08-11 06:45:38.028169012,Withdrawal,3060
T004396,C1189,2025-08-11 07:58:28.792399368,Deposit,2694
T004397,C2188,2025-08-11 09:11:19.556629720,Deposit,1491
T004398,C0409,2025-08-11 10:24:10.320860072,Withdrawal,1394
T004399,C2486,2025-08-11 11:37:01.085090424,Deposit,1390
T004400,C0797,2025-08-11 12:49:51.849320776,Transfer,1687
T004401,C2061,2025-08-11 14:02:42.613551128,Deposit,7542
T004402,C1050,2025-08-11 15:15:33.377781480,Transfer,1300
T004403,C0861,2025-08-11 16:28:24.142011832,Withdrawal,1020
T004404,C0076,2025-08-11 17:41:14.906242188,Deposit,1694
T004405,C0366,2025-08-11 18:54:05.670472540,Deposit,2720
T004406,C1515,2025-08-11 20:06:56.434702892,Transfer,718
T004407,C0841,2025-08-11 21:19:47.198933244,Withdrawal,6986
T004408,C1584,2025-08-11 22:32:37.963163596,Deposit,2028
T004409,C0499,2025-08-11 23:45:28.727393948,Deposit,214
T004410,C1370,2025-08-12 00:58:19.491624300,Transfer,1014
T004411,C1781,2025-08-12 02:11:10.255854656,Deposit,502
T004412,C1252,2025-08-12 03:24:01.020085008,Deposit,1791
T004413,C0699,2025-08-12 04:36:51.784315360,Transfer,910
T004414,C2251,2025-08-12 05:49:42.548545712,Deposit,3137
T004415,C2494,2025-08-12 07:02:33.312776064,Withdrawal,9353
T004416,C0132,2025-08-12 08:15:24.077006416,Withdrawal,1113
T004417,C1269,2025-08-12 09:28:14.841236768,Transfer,41604
T004418,C0091,2025-08-12 10:41:05.605467120,Deposit,2516
T004419,C0472,2025-08-12 11:53:56.369697476,Transfer,3231
T004420,C1989,2025-08-12 13:06:47.133927828,Transfer,611
T004421,C1266,2025-08-12 14:19:37.898158180,Deposit,1141
T004422,C0502,2025-08-12 15:32:28.662388532,Withdrawal,1927
T004423,C0387,2025-08-12 16:45:19.426618884,Transfer,931
T004424,C1031,2025-08-12 17:58:10.190849236,Withdrawal,2085
T004425,C1112,2025-08-12 19:11:00.955079588,Withdrawal,457
T004426,C0598,2025-08-12 20:23:51.719309944,Withdrawal,4626
T004427,C0908,2025-08-12 21:36:42.483540296,Withdrawal,757
T004428,C1355,2025-08-12 22:49:33.247770648,Withdrawal,8993
T004429,C2390,2025-08-13 00:02:24.012001000,Withdrawal,2764
T004430,C0464,2025-08-13 01:15:14.776231352,Deposit,4084
T004431,C1073,2025-08-13 02:28:05.540461704,Withdrawal,1190
T004432,C1351,2025-08-13 03:40:56.304692056,Deposit,2604
T004433,C0474,2025-08-13 04:53:47.068922408,Deposit,1386
T004434,C0888,2025-08-13 06:06:37.833152764,Deposit,1876
T004435,C0939,2025-08-13 07:19:28.597383116,Withdrawal,3048
T004436,C2416,2025-08-13 08:32:19.361613468,Deposit,6141
T004437,C1311,2025-08-13 09:45:10.125843820,Withdrawal,2024
T004438,C2341,2025-08-13 10:58:00.890074172,Withdrawal,1702
T004439,C1087,2025-08-13 12:10:51.654304524,Withdrawal,1453
T004440,C0568,2025-08-13 13:23:42.418534876,Deposit,4962
T004441,C0874,2025-08-13 14:36:33.182765232,Deposit,1301
T004442,C0260,2025-08-13 15:49:23.946995584,Transfer,935
T004443,C1657,2025-08-13 17:02:14.711225936,Withdrawal,1009
T004444,C0184,2025-08-13 18:15:05.475456288,Deposit,4265
T004445,C2195,2025-08-13 19:27:56.239686640,Transfer,1382
T004446,C1818,2025-08-13 20:40:47.003916992,Deposit,756
T004447,C0592,2025-08-13 21:53:37.768147344,Withdrawal,4315
T004448,C1772,2025-08-13 23:06:28.532377696,Withdrawal,1793
T004449,C1433,2025-08-14 00:19:19.296608052,Deposit,4100
T004450,C1018,2025-08-14 01:32:10.060838404,Deposit,174
T004451,C2488,2025-08-14 02:45:00.825068756,Withdrawal,4918
T004452,C1482,2025-08-14 03:57:51.589299108,Deposit,13862
T004453,C0229,2025-08-14 05:10:42.353529460,Withdrawal,2076
T004454,C1597,2025-08-14 06:23:33.117759812,Withdrawal,596
T004455,C1369,2025-08-14 07:36:23.881990164,Deposit,6652
T004456,C1625,2025-08-14 08:49:14.646220520,Transfer,2542
T004457,C1288,2025-08-14 10:02:05.410450872,Deposit,21971
T004458,C0740,2025-08-14 11:14:56.174681224,Deposit,4445
T004459,C2426,2025-08-14 12:27:46.938911576,Withdrawal,1265
T004460,C0954,2025-08-14 13:40:37.703141928,Transfer,1505
T004461,C2071,2025-08-14 14:53:28.467372280,Withdrawal,1232
T004462,C2341,2025-08-14 16:06:19.231602632,Deposit,580
T004463,C1291,2025-08-14 17:19:09.995832984,Transfer,4628
T004464,C0476,2025-08-14 18:32:00.760063340,Deposit,653
T004465,C1973,2025-08-14 19:44:51.524293692,Deposit,5160
T004466,C2499,2025-08-14 20:57:42.288524044,Transfer,10190
T004467,C0898,2025-08-14 22:10:33.052754396,Deposit,573
T004468,C2035,2025-08-14 23:23:23.816984748,Withdrawal,1290
T004469,C0285,2025-08-15 00:36:14.581215100,Transfer,7784
T004470,C1186,2025-08-15 01:49:05.345445452,Deposit,3985
T004471,C0590,2025-08-15 03:01:56.109675804,Withdrawal,906
T004472,C0122,2025-08-15 04:14:46.873906160,Deposit,952
T004473,C1136,2025-08-15 05:27:37.638136512,Transfer,242
T004474,C1263,2025-08-15 06:40:28.402366864,Withdrawal,2702
T004475,C0002,2025-08-15 07:53:19.166597216,Deposit,4595
T004476,C0892,2025-08-15 09:06:09.930827568,Deposit,2033
T004477,C0799,2025-08-15 10:19:00.695057920,Withdrawal,221
T004478,C0629,2025-08-15 11:31:51.459288272,Withdrawal,1217
T004479,C1905,2025-08-15 12:44:42.223518628,Withdrawal,771
T004480,C0461,2025-08-15 13:57:32.987748980,Deposit,2363
T004481,C1974,2025-08-15 15:10:23.751979332,Withdrawal,5007
T004482,C0972,2025-08-15 16:23:14.516209684,Deposit,4108
T004483,C1265,2025-08-15 17:36:05.280440036,Transfer,1470
T004484,C0054,2025-08-15 18:48:56.044670388,Deposit,757
T004485,C1491,2025-08-15 20:01:46.808900740,Withdrawal,739
T004486,C0109,2025-08-15 21:14:37.573131092,Deposit,1455
T004487,C0280,2025-08-15 22:27:28.337361448,Withdrawal,52057
T004488,C1689,2025-08-15 23:40:19.101591800,Transfer,3616
T004489,C1699,2025-08-16 00:53:09.865822152,Withdrawal,16307
T004490,C1081,2025-08-16 02:06:00.630052504,Withdrawal,4111
T004491,C2252,2025-08-16 03:18:51.394282856,Withdrawal,1067
T004492,C0545,2025-08-16 04:31:42.158513208,Withdrawal,2421
T004493,C2357,2025-08-16 05:44:32.922743560,Deposit,17936
T004494,C0528,2025-08-16 06:57:23.686973916,Transfer,6513
T004495,C1932,2025-08-16 08:10:14.451204268,Withdrawal,3060
T004496,C1009,2025-08-16 09:23:05.215434620,Deposit,1122
T004497,C1242,2025-08-16 10:35:55.979664972,Deposit,2222
T004498,C0617,2025-08-16 11:48:46.743895324,Withdrawal,1096
T004499,C1613,2025-08-16 13:01:37.508125676,Deposit,940
T004500,C2079,2025-08-16 14:14:28.272356028,Transfer,2114
T004501,C0100,2025-08-16 15:27:19.036586380,Withdrawal,1065
T004502,C1339,2025-08-16 16:40:09.800816736,Deposit,3231
T004503,C0495,2025-08-16 17:53:00.565047088,Deposit,994
T004504,C0742,2025-08-16 19:05:51.329277440,Deposit,2393
T004505,C1539,2025-08-16 20:18:42.093507792,Deposit,6271
T004506,C0734,2025-08-16 21:31:32.857738144,Deposit,15946
T004507,C1657,2025-08-16 22:44:23.621968496,Transfer,2969
T004508,C1807,2025-08-16 23:57:14.386198848,Withdrawal,792
T004509,C0998,2025-08-17 01:10:05.150429204,Deposit,1463
T004510,C2379,2025-08-17 02:22:55.914659556,Deposit,9923
T004511,C1754,2025-08-17 03:35:46.678889908,Transfer,4060
T004512,C2300,2025-08-17 04:48:37.443120260,Withdrawal,1926
T004513,C1762,2025-08-17 06:01:28.207350612,Deposit,5180
T004514,C1025,2025-08-17 07:14:18.971580964,Deposit,2563
T004515,C1483,2025-08-17 08:27:09.735811316,Transfer,593
T004516,C1669,2025-08-17 09:40:00.500041668,Deposit,1689
T004517,C1114,2025-08-17 10:52:51.264272024,Withdrawal,1195
T004518,C1780,2025-08-17 12:05:42.028502376,Withdrawal,1519
T004519,C2121,2025-08-17 13:18:32.792732728,Withdrawal,2863
T004520,C2204,2025-08-17 14:31:23.556963080,Withdrawal,241
T004521,C0723,2025-08-17 15:44:14.321193432,Transfer,2980
T004522,C2117,2025-08-17 16:57:05.085423784,Transfer,420
T004523,C0471,2025-08-17 18:09:55.849654136,Deposit,2451
T004524,C2348,2025-08-17 19:22:46.613884492,Withdrawal,709
T004525,C1735,2025-08-17 20:35:37.378114844,Deposit,905
T004526,C1230,2025-08-17 21:48:28.142345196,Transfer,569
T004527,C2455,2025-08-17 23:01:18.906575548,Deposit,1802
T004528,C1946,2025-08-18 00:14:09.670805900,Deposit,2333
T004529,C0529,2025-08-18 01:27:00.435036252,Withdrawal,7467
T004530,C0137,2025-08-18 02:39:51.199266604,Withdrawal,2703
T004531,C2267,2025-08-18 03:52:41.963496956,Deposit,1243
T004532,C1472,2025-08-18 05:05:32.727727312,Withdrawal,957
T004533,C2180,2025-08-18 06:18:23.491957664,Transfer,2175
T004534,C2036,2025-08-18 07:31:14.256188016,Withdrawal,5002
T004535,C1387,2025-08-18 08:44:05.020418368,Withdrawal,649
T004536,C1368,2025-08-18 09:56:55.784648720,Deposit,2389
T004537,C1720,2025-08-18 11:09:46.548879072,Deposit,728
T004538,C1042,2025-08-18 12:22:37.313109424,Withdrawal,849
T004539,C1749,2025-08-18 13:35:28.077339776,Withdrawal,2524
T004540,C0560,2025-08-18 14:48:18.841570132,Withdrawal,1732
T004541,C1565,2025-08-18 16:01:09.605800484,Withdrawal,2739
T004542,C0928,2025-08-18 17:14:00.370030836,Deposit,1176
T004543,C2380,2025-08-18 18:26:51.134261188,Withdrawal,759
T004544,C1774,2025-08-18 19:39:41.898491540,Deposit,1486
T004545,C2367,2025-08-18 20:52:32.662721892,Transfer,16271
T004546,C1801,2025-08-18 22:05:23.426952244,Deposit,878
T004547,C1550,2025-08-18 23:18:14.191182600,Deposit,1180
T004548,C1812,2025-08-19 00:31:04.955412952,Deposit,27044
T004549,C0980,2025-08-19 01:43:55.719643304,Withdrawal,20166
T004550,C0167,2025-08-19 02:56:46.483873656,Withdrawal,1072
T004551,C0147,2025-08-19 04:09:37.248104008,Deposit,1446
T004552,C0445,2025-08-19 05:22:28.012334360,Withdrawal,2299
T004553,C2118,2025-08-19 06:35:18.776564712,Withdrawal,21594
T004554,C1352,2025-08-19 07:48:09.540795064,Transfer,784
T004555,C0919,2025-08-19 09:01:00.305025420,Deposit,15960
T004556,C1253,2025-08-19 10:13:51.069255772,Withdrawal,3310
T004557,C1852,2025-08-19 11:26:41.833486124,Withdrawal,2260
T004558,C1674,2025-08-19 12:39:32.597716476,Deposit,2718
T004559,C0319,2025-08-19 13:52:23.361946828,Transfer,1177
T004560,C0036,2025-08-19 15:05:14.126177180,Deposit,1186
T004561,C1654,2025-08-19 16:18:04.890407532,Deposit,1351
T004562,C0255,2025-08-19 17:30:55.654637888,Deposit,1287
T004563,C1337,2025-08-19 18:43:46.418868240,Withdrawal,783
T004564,C0962,2025-08-19 19:56:37.183098592,Transfer,316
T004565,C0335,2025-08-19 21:09:27.947328944,Withdrawal,950
T004566,C0298,2025-08-19 22:22:18.711559296,Transfer,1246
T004567,C1045,2025-08-19 23:35:09.475789648,Transfer,798
T004568,C0478,2025-08-20 00:48:00.240020000,Withdrawal,6350
T004569,C1792,2025-08-20 02:00:51.004250352,Withdrawal,4183
T004570,C0962,2025-08-20 03:13:41.768480708,Deposit,716
T004571,C0470,2025-08-20 04:26:32.532711060,Withdrawal,2936
T004572,C0590,2025-08-20 05:39:23.296941412,Deposit,761
T004573,C1989,2025-08-20 06:52:14.061171764,Withdrawal,1520
T004574,C2434,2025-08-20 08:05:04.825402116,Transfer,5456
T004575,C1570,2025-08-20 09:17:55.589632468,Withdrawal,1451
T004576,C0446,2025-08-20 10:30:46.353862820,Withdrawal,1291
T004577,C2007,2025-08-20 11:43:37.118093176,Transfer,3037
T004578,C1961,2025-08-20 12:56:27.882323528,Withdrawal,794
T004579,C0099,2025-08-20 14:09:18.646553880,Withdrawal,3146
T004580,C0655,2025-08-20 15:22:09.410784232,Withdrawal,928
T004581,C1079,2025-08-20 16:35:00.175014584,Deposit,2054
T004582,C1356,2025-08-20 17:47:50.939244936,Withdrawal,512
T004583,C0934,2025-08-20 19:00:41.703475288,Withdrawal,7197
T004584,C1459,2025-08-20 20:13:32.467705640,Withdrawal,1004
T004585,C0817,2025-08-20 21:26:23.231935996,Withdrawal,624
T004586,C0661,2025-08-20 22:39:13.996166348,Deposit,1237
T004587,C2280,2025-08-20 23:52:04.760396700,Withdrawal,1442
T004588,C0600,2025-08-21 01:04:55.524627052,Withdrawal,1751
T004589,C0920,2025-08-21 02:17:46.288857404,Transfer,2718
T004590,C1747,2025-08-21 03:30:37.053087756,Deposit,1206
T004591,C1759,2025-08-21 04:43:27.817318108,Deposit,2324
T004592,C1832,2025-08-21 05:56:18.581548464,Withdrawal,6005
T004593,C1172,2025-08-21 07:09:09.345778816,Withdrawal,1751
T004594,C0360,2025-08-21 08:22:00.110009168,Withdrawal,761
T004595,C1968,2025-08-21 09:34:50.874239520,Transfer,1722
T004596,C1441,2025-08-21 10:47:41.638469872,Deposit,4002
T004597,C1720,2025-08-21 12:00:32.402700224,Deposit,6874
T004598,C1577,2025-08-21 13:13:23.166930576,Deposit,1243
T004599,C0556,2025-08-21 14:26:13.931160928,Transfer,991
T004600,C1234,2025-08-21 15:39:04.695391284,Deposit,7002
T004601,C2298,2025-08-21 16:51:55.459621636,Deposit,276
T004602,C1536,2025-08-21 18:04:46.223851988,Deposit,1048
T004603,C2187,2025-08-21 19:17:36.988082340,Withdrawal,441
T004604,C0990,2025-08-21 20:30:27.752312692,Withdrawal,2560
T004605,C0910,2025-08-21 21:43:18.516543044,Deposit,3564
T004606,C1962,2025-08-21 22:56:09.280773396,Deposit,1625
T004607,C0012,2025-08-22 00:09:00.045003748,Deposit,7380
T004608,C0980,2025-08-22 01:21:50.809234104,Withdrawal,3332
T004609,C0273,2025-08-22 02:34:41.573464456,Deposit,1249
T004610,C0488,2025-08-22 03:47:32.337694808,Withdrawal,999
T004611,C1998,2025-08-22 05:00:23.101925160,Withdrawal,5590
T004612,C1049,2025-08-22 06:13:13.866155512,Transfer,7480
T004613,C0538,2025-08-22 07:26:04.630385864,Deposit,999
T004614,C1689,2025-08-22 08:38:55.394616216,Withdrawal,2170
T004615,C1596,2025-08-22 09:51:46.158846572,Deposit,2500
T004616,C0588,2025-08-22 11:04:36.923076924,Withdrawal,1252
T004617,C1744,2025-08-22 12:17:27.687307276,Withdrawal,1477
T004618,C1691,2025-08-22 13:30:18.451537628,Withdrawal,1351
T004619,C1716,2025-08-22 14:43:09.215767980,Transfer,2069
T004620,C1618,2025-08-22 15:55:59.979998332,Withdrawal,1204
T004621,C1034,2025-08-22 17:08:50.744228684,Deposit,251
T004622,C0243,2025-08-22 18:21:41.508459036,Withdrawal,886
T004623,C1202,2025-08-22 19:34:32.272689392,Withdrawal,11936
T004624,C0257,2025-08-22 20:47:23.036919744,Withdrawal,1117
T004625,C2043,2025-08-22 22:00:13.801150096,Transfer,3721
T004626,C0310,2025-08-22 23:13:04.565380448,Withdrawal,2630
T004627,C1239,2025-08-23 00:25:55.329610800,Transfer,999
T004628,C1089,2025-08-23 01:38:46.093841152,Withdrawal,410
T004629,C0636,2025-08-23 02:51:36.858071504,Deposit,30932
T004630,C0797,2025-08-23 04:04:27.622301860,Transfer,1549
T004631,C1177,2025-08-23 05:17:18.386532212,Deposit,841
T004632,C2088,2025-08-23 06:30:09.150762564,Transfer,5218
T004633,C1725,2025-08-23 07:42:59.914992916,Transfer,14326
T004634,C1800,2025-08-23 08:55:50.679223268,Transfer,493
T004635,C2049,2025-08-23 10:08:41.443453620,Deposit,235
T004636,C0079,2025-08-23 11:21:32.207683972,Transfer,126
T004637,C1351,2025-08-23 12:34:22.971914324,Withdrawal,6075
T004638,C0620,2025-08-23 13:47:13.736144680,Withdrawal,2200
T004639,C1499,2025-08-23 15:00:04.500375032,Withdrawal,6446
T004640,C1379,2025-08-23 16:12:55.264605384,Withdrawal,1231
T004641,C1148,2025-08-23 17:25:46.028835736,Deposit,632
T004642,C0978,2025-08-23 18:38:36.793066088,Withdrawal,2780
T004643,C1448,2025-08-23 19:51:27.557296440,Deposit,1393
T004644,C1538,2025-08-23 21:04:18.321526792,Withdrawal,1481
T004645,C1758,2025-08-23 22:17:09.085757148,Withdrawal,9398
T004646,C0478,2025-08-23 23:29:59.849987500,Withdrawal,699
T004647,C1895,2025-08-24 00:42:50.614217852,Deposit,4190
T004648,C2381,2025-08-24 01:55:41.378448204,Deposit,1578
T004649,C1633,2025-08-24 03:08:32.142678556,Withdrawal,1560
T004650,C1256,2025-08-24 04:21:22.906908908,Withdrawal,508
T004651,C2041,2025-08-24 05:34:13.671139260,Withdrawal,1857
T004652,C1566,2025-08-24 06:47:04.435369612,Withdrawal,1434
T004653,C0030,2025-08-24 07:59:55.199599968,Withdrawal,911
T004654,C0727,2025-08-24 09:12:45.963830320,Transfer,136
T004655,C0173,2025-08-24 10:25:36.728060672,Deposit,863
T004656,C0468,2025-08-24 11:38:27.492291024,Deposit,2427
T004657,C1976,2025-08-24 12:51:18.256521376,Deposit,773
T004658,C2445,2025-08-24 14:04:09.020751728,Deposit,1088
T004659,C0125,2025-08-24 15:16:59.784982080,Transfer,5866
T004660,C1547,2025-08-24 16:29:50.549212432,Transfer,1086
T004661,C1420,2025-08-24 17:42:41.313442788,Transfer,1869
T004662,C1878,2025-08-24 18:55:32.077673140,Deposit,1943
T004663,C1027,2025-08-24 20:08:22.841903492,Deposit,1326
T004664,C0536,2025-08-24 21:21:13.606133844,Withdrawal,1206
T004665,C0601,2025-08-24 22:34:04.370364196,Withdrawal,1688
T004666,C0988,2025-08-24 23:46:55.134594548,Transfer,1378
T004667,C0606,2025-08-25 00:59:45.898824900,Deposit,4576
T004668,C0139,2025-08-25 02:12:36.663055256,Deposit,1249
T004669,C2058,2025-08-25 03:25:27.427285608,Transfer,6816
T004670,C1555,2025-08-25 04:38:18.191515960,Transfer,377
T004671,C0130,2025-08-25 05:51:08.955746312,Transfer,8777
T004672,C0401,2025-08-25 07:03:59.719976664,Deposit,1127
T004673,C1245,2025-08-25 08:16:50.484207016,Transfer,2734
T004674,C0642,2025-08-25 09:29:41.248437368,Deposit,1132
T004675,C0437,2025-08-25 10:42:32.012667720,Deposit,7913
T004676,C1424,2025-08-25 11:55:22.776898076,Withdrawal,2040
T004677,C1137,2025-08-25 13:08:13.541128428,Transfer,4580
T004678,C1476,2025-08-25 14:21:04.305358780,Deposit,674927
T004679,C1579,2025-08-25 15:33:55.069589132,Withdrawal,1195
T004680,C0058,2025-08-25 16:46:45.833819484,Withdrawal,507
T004681,C1137,2025-08-25 17:59:36.598049836,Withdrawal,2773
T004682,C0700,2025-08-25 19:12:27.362280188,Deposit,808
T004683,C1146,2025-08-25 20:25:18.126510544,Deposit,1677
T004684,C2456,2025-08-25 21:38:08.890740896,Transfer,522
T004685,C1484,2025-08-25 22:50:59.654971248,Withdrawal,1173
T004686,C1109,2025-08-26 00:03:50.419201600,Withdrawal,933
T004687,C1642,2025-08-26 01:16:41.183431952,Deposit,951
T004688,C0400,2025-08-26 02:29:31.947662304,Deposit,686
T004689,C2404,2025-08-26 03:42:22.711892656,Deposit,1218
T004690,C2147,2025-08-26 04:55:13.476123008,Deposit,18581
T004691,C1545,2025-08-26 06:08:04.240353364,Deposit,6320
T004692,C0108,2025-08-26 07:20:55.004583716,Deposit,2484
T004693,C1985,2025-08-26 08:33:45.768814068,Withdrawal,3732
T004694,C1998,2025-08-26 09:46:36.533044420,Transfer,20551
T004695,C0152,2025-08-26 10:59:27.297274772,Transfer,1389
T004696,C0906,2025-08-26 12:12:18.061505124,Transfer,769
T004697,C0850,2025-08-26 13:25:08.825735476,Withdrawal,953
T004698,C1993,2025-08-26 14:37:59.589965832,Deposit,551
T004699,C0027,2025-08-26 15:50:50.354196184,Deposit,2373
T004700,C0119,2025-08-26 17:03:41.118426536,Deposit,2791
T004701,C0723,2025-08-26 18:16:31.882656888,Withdrawal,5842
T004702,C2148,2025-08-26 19:29:22.646887240,Deposit,3826
T004703,C0003,2025-08-26 20:42:13.411117592,Deposit,18004
T004704,C0806,2025-08-26 21:55:04.175347944,Deposit,1283
T004705,C1993,2025-08-26 23:07:54.939578296,Transfer,1334
T004706,C1130,2025-08-27 00:20:45.703808652,Withdrawal,927
T004707,C1254,2025-08-27 01:33:36.468039004,Deposit,1669
T004708,C0304,2025-08-27 02:46:27.232269356,Deposit,3003
T004709,C0177,2025-08-27 03:59:17.996499708,Deposit,2638
T004710,C0084,2025-08-27 05:12:08.760730060,Deposit,287
T004711,C0263,2025-08-27 06:24:59.524960412,Deposit,1666
T004712,C1220,2025-08-27 07:37:50.289190764,Deposit,617
T004713,C2457,2025-08-27 08:50:41.053421120,Withdrawal,995
T004714,C2254,2025-08-27 10:03:31.817651472,Deposit,1538
T004715,C0802,2025-08-27 11:16:22.581881824,Transfer,3129
T004716,C0895,2025-08-27 12:29:13.346112176,Deposit,1999
T004717,C0873,2025-08-27 13:42:04.110342528,Transfer,2244
T004718,C0388,2025-08-27 14:54:54.874572880,Withdrawal,948
T004719,C1836,2025-08-27 16:07:45.638803232,Transfer,8231
T004720,C2004,2025-08-27 17:20:36.403033584,Withdrawal,13677
T004721,C1032,2025-08-27 18:33:27.167263940,Withdrawal,8647
T004722,C1650,2025-08-27 19:46:17.931494292,Withdrawal,6953
T004723,C1541,2025-08-27 20:59:08.695724644,Deposit,525
T004724,C0450,2025-08-27 22:11:59.459954996,Deposit,2057
T004725,C0342,2025-08-27 23:24:50.224185348,Deposit,5822
T004726,C1097,2025-08-28 00:37:40.988415700,Deposit,1020
T004727,C0860,2025-08-28 01:50:31.752646052,Deposit,663
T004728,C2169,2025-08-28 03:03:22.516876404,Deposit,5493
T004729,C0302,2025-08-28 04:16:13.281106760,Transfer,8122
T004730,C2020,2025-08-28 05:29:04.045337112,Transfer,421
T004731,C0881,2025-08-28 06:41:54.809567464,Withdrawal,329
T004732,C2282,2025-08-28 07:54:45.573797816,Deposit,1994
T004733,C0066,2025-08-28 09:07:36.338028168,Deposit,7547
T004734,C0230,2025-08-28 10:20:27.102258520,Deposit,6772
T004735,C0922,2025-08-28 11:33:17.866488872,Withdrawal,149
T004736,C1833,2025-08-28 12:46:08.630719228,Transfer,2053
T004737,C0051,2025-08-28 13:58:59.394949580,Deposit,2129
T004738,C0387,2025-08-28 15:11:50.159179932,Withdrawal,4247
T004739,C1062,2025-08-28 16:24:40.923410284,Withdrawal,1928
T004740,C0753,2025-08-28 17:37:31.687640636,Deposit,5964
T004741,C1197,2025-08-28 18:50:22.451870988,Transfer,6942
T004742,C1792,2025-08-28 20:03:13.216101340,Deposit,2824
T004743,C1479,2025-08-28 21:16:03.980331692,Transfer,470
T004744,C2089,2025-08-28 22:28:54.744562048,Withdrawal,961
T004745,C1945,2025-08-28 23:41:45.508792400,Deposit,2518
T004746,C1153,2025-08-29 00:54:36.273022752,Deposit,521
T004747,C1078,2025-08-29 02:07:27.037253104,Deposit,224
T004748,C2134,2025-08-29 03:20:17.801483456,Deposit,323
T004749,C2344,2025-08-29 04:33:08.565713808,Transfer,8694
T004750,C1239,2025-08-29 05:45:59.329944160,Withdrawal,394
T004751,C0425,2025-08-29 06:58:50.094174516,Withdrawal,36857
T004752,C2237,2025-08-29 08:11:40.858404868,Withdrawal,19878
T004753,C0161,2025-08-29 09:24:31.622635220,Deposit,2556
T004754,C1565,2025-08-29 10:37:22.386865572,Deposit,551
T004755,C2429,2025-08-29 11:50:13.151095924,Deposit,4412
T004756,C0244,2025-08-29 13:03:03.915326276,Deposit,842
T004757,C0183,2025-08-29 14:15:54.679556628,Deposit,241
T004758,C0544,2025-08-29 15:28:45.443786980,Withdrawal,2498
T004759,C1572,2025-08-29 16:41:36.208017336,Deposit,1350
T004760,C0093,2025-08-29 17:54:26.972247688,Transfer,600
T004761,C2416,2025-08-29 19:07:17.736478040,Deposit,1001
T004762,C0159,2025-08-29 20:20:08.500708392,Deposit,1866
T004763,C2446,2025-08-29 21:32:59.264938744,Withdrawal,940
T004764,C0438,2025-08-29 22:45:50.029169096,Withdrawal,2096
T004765,C2421,2025-08-29 23:58:40.793399448,Transfer,1543
T004766,C0306,2025-08-30 01:11:31.557629804,Withdrawal,16007
T004767,C1974,2025-08-30 02:24:22.321860156,Deposit,5375
T004768,C0982,2025-08-30 03:37:13.086090508,Transfer,178
T004769,C2377,2025-08-30 04:50:03.850320860,Transfer,2273
T004770,C1889,2025-08-30 06:02:54.614551212,Transfer,887
T004771,C0343,2025-08-30 07:15:45.378781564,Transfer,1739
T004772,C1889,2025-08-30 08:28:36.143011916,Deposit,2424
T004773,C1902,2025-08-30 09:41:26.907242268,Transfer,3095
T004774,C2206,2025-08-30 10:54:17.671472624,Transfer,436
T004775,C1134,2025-08-30 12:07:08.435702976,Withdrawal,931
T004776,C2398,2025-08-30 13:19:59.199933328,Withdrawal,3981
T004777,C0365,2025-08-30 14:32:49.964163680,Withdrawal,5262
T004778,C1921,2025-08-30 15:45:40.728394032,Deposit,1458
T004779,C2063,2025-08-30 16:58:31.492624384,Withdrawal,3676
T004780,C2201,2025-08-30 18:11:22.256854736,Transfer,2113
T004781,C0532,2025-08-30 19:24:13.021085092,Withdrawal,2709
T004782,C1076,2025-08-30 20:37:03.785315444,Withdrawal,2502
T004783,C0855,2025-08-30 21:49:54.549545796,Withdrawal,2987
T004784,C0469,2025-08-30 23:02:45.313776148,Deposit,2009
T004785,C1345,2025-08-31 00:15:36.078006500,Withdrawal,7890
T004786,C0879,2025-08-31 01:28:26.842236852,Withdrawal,3650
T004787,C0367,2025-08-31 02:41:17.606467204,Deposit,2959
T004788,C2003,2025-08-31 03:54:08.370697556,Transfer,869
T004789,C0641,2025-08-31 05:06:59.134927912,Transfer,522
T004790,C0862,2025-08-31 06:19:49.899158264,Deposit,282
T004791,C1435,2025-08-31 07:32:40.663388616,Withdrawal,1342
T004792,C0589,2025-08-31 08:45:31.427618968,Deposit,3526
T004793,C1330,2025-08-31 09:58:22.191849320,Withdrawal,973
T004794,C0092,2025-08-31 11:11:12.956079672,Deposit,600
T004795,C0458,2025-08-31 12:24:03.720310024,Withdrawal,2949
T004796,C1076,2025-08-31 13:36:54.484540376,Deposit,430
T004797,C1885,2025-08-31 14:49:45.248770732,Deposit,925
T004798,C1145,2025-08-31 16:02:36.013001084,Deposit,89822
T004799,C1995,2025-08-31 17:15:26.777231436,Withdrawal,909
T004800,C1915,2025-08-31 18:28:17.541461788,Deposit,2552
T004801,C2040,2025-08-31 19:41:08.305692140,Deposit,1001
T004802,C1516,2025-08-31 20:53:59.069922492,Deposit,310
T004803,C1404,2025-08-31 22:06:49.834152844,Deposit,1639
T004804,C0387,2025-08-31 23:19:40.598383200,Deposit,1261
T004805,C1982,2025-09-01 00:32:31.362613552,Deposit,421
T004806,C1631,2025-09-01 01:45:22.126843904,Transfer,14172
T004807,C1685,2025-09-01 02:58:12.891074256,Withdrawal,229
T004808,C1313,2025-09-01 04:11:03.655304608,Withdrawal,3155
T004809,C1793,2025-09-01 05:23:54.419534960,Withdrawal,2567
T004810,C0371,2025-09-01 06:36:45.183765312,Transfer,8751
T004811,C2232,2025-09-01 07:49:35.947995664,Withdrawal,265
T004812,C0772,2025-09-01 09:02:26.712226020,Deposit,43393
T004813,C1686,2025-09-01 10:15:17.476456372,Transfer,1956
T004814,C0205,2025-09-01 11:28:08.240686724,Deposit,10193
T004815,C0954,2025-09-01 12:40:59.004917076,Transfer,1038
T004816,C2220,2025-09-01 13:53:49.769147428,Withdrawal,1075
T004817,C0825,2025-09-01 15:06:40.533377780,Deposit,2279
T004818,C0222,2025-09-01 16:19:31.297608132,Transfer,2426
T004819,C1192,2025-09-01 17:32:22.061838488,Deposit,2164
T004820,C1080,2025-09-01 18:45:12.826068840,Deposit,4178
T004821,C1599,2025-09-01 19:58:03.590299192,Deposit,3326
T004822,C1909,2025-09-01 21:10:54.354529544,Withdrawal,4550
T004823,C0167,2025-09-01 22:23:45.118759896,Deposit,6438
T004824,C1543,2025-09-01 23:36:35.882990248,Withdrawal,1012
T004825,C0142,2025-09-02 00:49:26.647220600,Withdrawal,1876
T004826,C2173,2025-09-02 02:02:17.411450952,Deposit,577
T004827,C0090,2025-09-02 03:15:08.175681308,Withdrawal,135
T004828,C0311,2025-09-02 04:27:58.939911660,Transfer,4983
T004829,C1395,2025-09-02 05:40:49.704142012,Transfer,5527
T004830,C2264,2025-09-02 06:53:40.468372364,Deposit,6156
T004831,C1210,2025-09-02 08:06:31.232602716,Withdrawal,2018
T004832,C0883,2025-09-02 09:19:21.996833068,Transfer,1463
T004833,C0761,2025-09-02 10:32:12.761063420,Transfer,773
T004834,C2144,2025-09-02 11:45:03.525293776,Deposit,6298
T004835,C1360,2025-09-02 12:57:54.289524128,Deposit,3752
T004836,C1539,2025-09-02 14:10:45.053754480,Deposit,773380
T004837,C0149,2025-09-02 15:23:35.817984832,Deposit,5078
T004838,C0715,2025-09-02 16:36:26.582215184,Deposit,1278
T004839,C1426,2025-09-02 17:49:17.346445536,Withdrawal,13121
T004840,C1718,2025-09-02 19:02:08.110675888,Deposit,3845
T004841,C1355,2025-09-02 20:14:58.874906240,Transfer,1444
T004842,C1251,2025-09-02 21:27:49.639136596,Deposit,830
T004843,C1828,2025-09-02 22:40:40.403366948,Withdrawal,696
T004844,C2406,2025-09-02 23:53:31.167597300,Deposit,603
T004845,C2364,2025-09-03 01:06:21.931827652,Withdrawal,2042
T004846,C1533,2025-09-03 02:19:12.696058004,Withdrawal,5891
T004847,C1502,2025-09-03 03:32:03.460288356,Withdrawal,1484
T004848,C1452,2025-09-03 04:44:54.224518708,Deposit,1368
T004849,C0450,2025-09-03 05:57:44.988749064,Deposit,3026
T004850,C1836,2025-09-03 07:10:35.752979416,Withdrawal,5376
T004851,C0090,2025-09-03 08:23:26.517209768,Deposit,600
T004852,C0176,2025-09-03 09:36:17.281440120,Deposit,658
T004853,C1444,2025-09-03 10:49:08.045670472,Deposit,25511
T004854,C1756,2025-09-03 12:01:58.809900824,Withdrawal,1078
T004855,C2014,2025-09-03 13:14:49.574131176,Withdrawal,1040
T004856,C2442,2025-09-03 14:27:40.338361528,Deposit,5813
T004857,C1290,2025-09-03 15:40:31.102591884,Deposit,646
T004858,C0504,2025-09-03 16:53:21.866822236,Deposit,220
T004859,C0956,2025-09-03 18:06:12.631052588,Deposit,1991
T004860,C1301,2025-09-03 19:19:03.395282940,Withdrawal,4020
T004861,C2148,2025-09-03 20:31:54.159513292,Transfer,2750
T004862,C1466,2025-09-03 21:44:44.923743644,Deposit,699
T004863,C0425,2025-09-03 22:57:35.687973996,Withdrawal,9884
T004864,C1898,2025-09-04 00:10:26.452204348,Withdrawal,3808
T004865,C1054,2025-09-04 01:23:17.216434704,Withdrawal,1178
T004866,C0906,2025-09-04 02:36:07.980665056,Deposit,835
T004867,C1887,2025-09-04 03:48:58.744895408,Withdrawal,2179
T004868,C0651,2025-09-04 05:01:49.509125760,Deposit,3990
T004869,C0998,2025-09-04 06:14:40.273356112,Withdrawal,903
T004870,C1927,2025-09-04 07:27:31.037586464,Deposit,231
T004871,C1211,2025-09-04 08:40:21.801816816,Withdrawal,5449
T004872,C2188,2025-09-04 09:53:12.566047172,Withdrawal,406
T004873,C2368,2025-09-04 11:06:03.330277524,Deposit,12860
T004874,C0369,2025-09-04 12:18:54.094507876,Deposit,228
T004875,C2345,2025-09-04 13:31:44.858738228,Withdrawal,879
T004876,C2048,2025-09-04 14:44:35.622968580,Transfer,1251
T004877,C0259,2025-09-04 15:57:26.387198932,Withdrawal,5397
T004878,C1637,2025-09-04 17:10:17.151429284,Deposit,4098
T004879,C1568,2025-09-04 18:23:07.915659636,Deposit,19081
T004880,C1145,2025-09-04 19:35:58.679889992,Transfer,1211
T004881,C0018,2025-09-04 20:48:49.444120344,Withdrawal,600
T004882,C1333,2025-09-04 22:01:40.208350696,Deposit,4200
T004883,C1904,2025-09-04 23:14:30.972581048,Withdrawal,21058
T004884,C1657,2025-09-05 00:27:21.736811400,Deposit,6141
T004885,C0110,2025-09-05 01:40:12.501041752,Withdrawal,7126
T004886,C0331,2025-09-05 02:53:03.265272104,Deposit,2802
T004887,C1597,2025-09-05 04:05:54.029502460,Withdrawal,342
T004888,C0946,2025-09-05 05:18:44.793732812,Deposit,1381
T004889,C1288,2025-09-05 06:31:35.557963164,Deposit,3754
T004890,C0268,2025-09-05 07:44:26.322193516,Withdrawal,1607
T004891,C0435,2025-09-05 08:57:17.086423868,Withdrawal,3178
T004892,C2036,2025-09-05 10:10:07.850654220,Deposit,3693
T004893,C2498,2025-09-05 11:22:58.614884572,Deposit,994
T004894,C2345,2025-09-05 12:35:49.379114924,Deposit,461
T004895,C1942,2025-09-05 13:48:40.143345280,Withdrawal,5631
T004896,C1614,2025-09-05 15:01:30.907575632,Deposit,591
T004897,C0719,2025-09-05 16:14:21.671805984,Deposit,3323
T004898,C2232,2025-09-05 17:27:12.436036336,Withdrawal,887
T004899,C2460,2025-09-05 18:40:03.200266688,Transfer,3243
T004900,C2368,2025-09-05 19:52:53.964497040,Transfer,3285
T004901,C0741,2025-09-05 21:05:44.728727392,Deposit,2117
T004902,C1600,2025-09-05 22:18:35.492957748,Withdrawal,2399
T004903,C1350,2025-09-05 23:31:26.257188100,Deposit,837
T004904,C1591,2025-09-06 00:44:17.021418452,Deposit,3644
T004905,C0805,2025-09-06 01:57:07.785648804,Withdrawal,644
T004906,C0417,2025-09-06 03:09:58.549879156,Transfer,500
T004907,C0882,2025-09-06 04:22:49.314109508,Transfer,1135
T004908,C0791,2025-09-06 05:35:40.078339860,Transfer,1577
T004909,C1976,2025-09-06 06:48:30.842570212,Transfer,694
T004910,C1727,2025-09-06 08:01:21.606800568,Deposit,2719
T004911,C1928,2025-09-06 09:14:12.371030920,Transfer,971
T004912,C1809,2025-09-06 10:27:03.135261272,Deposit,1378
T004913,C1631,2025-09-06 11:39:53.899491624,Transfer,2659
T004914,C2138,2025-09-06 12:52:44.663721976,Withdrawal,6855
T004915,C1099,2025-09-06 14:05:35.427952328,Withdrawal,2443
T004916,C1291,2025-09-06 15:18:26.192182680,Deposit,2670
T004917,C1845,2025-09-06 16:31:16.956413036,Deposit,1262
T004918,C0426,2025-09-06 17:44:07.720643388,Withdrawal,785
T004919,C0883,2025-09-06 18:56:58.484873740,Transfer,361
T004920,C1838,2025-09-06 20:09:49.249104092,Deposit,2118
T004921,C0786,2025-09-06 21:22:40.013334444,Deposit,10012
T004922,C0535,2025-09-06 22:35:30.777564796,Deposit,1250
T004923,C1635,2025-09-06 23:48:21.541795148,Deposit,967
T004924,C0285,2025-09-07 01:01:12.306025500,Deposit,1974
T004925,C1130,2025-09-07 02:14:03.070255856,Deposit,487
T004926,C0504,2025-09-07 03:26:53.834486208,Deposit,610
T004927,C0046,2025-09-07 04:39:44.598716560,Transfer,2315
T004928,C1471,2025-09-07 05:52:35.362946912,Transfer,1628
T004929,C1168,2025-09-07 07:05:26.127177264,Deposit,14381
T004930,C0537,2025-09-07 08:18:16.891407616,Transfer,2715
T004931,C0062,2025-09-07 09:31:07.655637968,Deposit,3731
T004932,C1766,2025-09-07 10:43:58.419868320,Withdrawal,1262
T004933,C1106,2025-09-07 11:56:49.184098676,Withdrawal,1645
T004934,C2384,2025-09-07 13:09:39.948329028,Deposit,907
T004935,C0211,2025-09-07 14:22:30.712559380,Deposit,6622
T004936,C2448,2025-09-07 15:35:21.476789732,Transfer,7601
T004937,C0709,2025-09-07 16:48:12.241020084,Deposit,862
T004938,C2395,2025-09-07 18:01:03.005250436,Deposit,732
T004939,C2028,2025-09-07 19:13:53.769480788,Transfer,16655
T004940,C0377,2025-09-07 20:26:44.533711144,Deposit,10614
T004941,C1186,2025-09-07 21:39:35.297941496,Withdrawal,3010
T004942,C2092,2025-09-07 22:52:26.062171848,Transfer,4936
T004943,C0787,2025-09-08 00:05:16.826402200,Transfer,13916
T004944,C0733,2025-09-08 01:18:07.590632552,Transfer,1514
T004945,C0968,2025-09-08 02:30:58.354862904,Withdrawal,2086
T004946,C0522,2025-09-08 03:43:49.119093256,Deposit,3146
T004947,C2159,2025-09-08 04:56:39.883323608,Withdrawal,4640
T004948,C1079,2025-09-08 06:09:30.647553964,Withdrawal,3054
T004949,C0524,2025-09-08 07:22:21.411784316,Withdrawal,10088
T004950,C2194,2025-09-08 08:35:12.176014668,Transfer,1231
T004951,C2312,2025-09-08 09:48:02.940245020,Transfer,4266
T004952,C0468,2025-09-08 11:00:53.704475372,Withdrawal,1479
T004953,C1585,2025-09-08 12:13:44.468705724,Deposit,4786
T004954,C1211,2025-09-08 13:26:35.232936076,Deposit,2097
T004955,C1987,2025-09-08 14:39:25.997166432,Deposit,2116
T004956,C1749,2025-09-08 15:52:16.761396784,Deposit,783
T004957,C0758,2025-09-08 17:05:07.525627136,Deposit,4374
T004958,C1178,2025-09-08 18:17:58.289857488,Withdrawal,1564
T004959,C0919,2025-09-08 19:30:49.054087840,Withdrawal,1322
T004960,C1120,2025-09-08 20:43:39.818318192,Withdrawal,268
T004961,C0706,2025-09-08 21:56:30.582548544,Deposit,43115
T004962,C1959,2025-09-08 23:09:21.346778896,Deposit,774
T004963,C0834,2025-09-09 00:22:12.111009252,Deposit,1412
T004964,C0399,2025-09-09 01:35:02.875239604,Withdrawal,452
T004965,C1808,2025-09-09 02:47:53.639469956,Withdrawal,2105
T004966,C1400,2025-09-09 04:00:44.403700308,Withdrawal,2195
T004967,C0328,2025-09-09 05:13:35.167930660,Deposit,4592
T004968,C1296,2025-09-09 06:26:25.932161012,Deposit,1372
T004969,C1621,2025-09-09 07:39:16.696391364,Transfer,3697
T004970,C2443,2025-09-09 08:52:07.460621720,Deposit,16671
T004971,C1042,2025-09-09 10:04:58.224852072,Withdrawal,12820
T004972,C0919,2025-09-09 11:17:48.989082424,Deposit,973
T004973,C0077,2025-09-09 12:30:39.753312776,Deposit,1783
T004974,C1073,2025-09-09 13:43:30.517543128,Deposit,2047
T004975,C1450,2025-09-09 14:56:21.281773480,Transfer,2519
T004976,C1772,2025-09-09 16:09:12.046003832,Deposit,3570
T004977,C1580,2025-09-09 17:22:02.810234184,Transfer,6558
T004978,C1018,2025-09-09 18:34:53.574464540,Transfer,1545
T004979,C0129,2025-09-09 19:47:44.338694892,Withdrawal,1262
T004980,C0519,2025-09-09 21:00:35.102925244,Deposit,1048
T004981,C2352,2025-09-09 22:13:25.867155596,Transfer,3823
T004982,C1136,2025-09-09 23:26:16.631385948,Withdrawal,305
T004983,C0912,2025-09-10 00:39:07.395616300,Deposit,2810
T004984,C0816,2025-09-10 01:51:58.159846652,Withdrawal,886
T004985,C0974,2025-09-10 03:04:48.924077008,Deposit,1332
T004986,C1963,2025-09-10 04:17:39.688307360,Deposit,2362
T004987,C2411,2025-09-10 05:30:30.452537712,Transfer,1141
T004988,C1090,2025-09-10 06:43:21.216768064,Withdrawal,1165
T004989,C1801,2025-09-10 07:56:11.980998416,Withdrawal,1826
T004990,C0809,2025-09-10 09:09:02.745228768,Deposit,4227
T004991,C1343,2025-09-10 10:21:53.509459120,Transfer,703
T004992,C1038,2025-09-10 11:34:44.273689472,Withdrawal,12466
T004993,C0570,2025-09-10 12:47:35.037919828,Deposit,5358
T004994,C0970,2025-09-10 14:00:25.802150180,Withdrawal,18471
T004995,C1880,2025-09-10 15:13:16.566380532,Deposit,366
T004996,C2401,2025-09-10 16:26:07.330610884,Deposit,507
T004997,C0610,2025-09-10 17:38:58.094841236,Transfer,10905
T004998,C1984,2025-09-10 18:51:48.859071588,Transfer,5870
T004999,C0388,2025-09-10 20:04:39.623301940,Withdrawal,1334
T005000,C1698,2025-09-10 21:17:30.387532292,Withdrawal,5327
T005001,C0759,2025-09-10 22:30:21.151762648,Transfer,9003
T005002,C1862,2025-09-10 23:43:11.915993000,Withdrawal,1085
T005003,C2490,2025-09-11 00:56:02.680223352,Deposit,8998
T005004,C0516,2025-09-11 02:08:53.444453704,Deposit,1199
T005005,C1842,2025-09-11 03:21:44.208684056,Deposit,2385
T005006,C0045,2025-09-11 04:34:34.972914408,Transfer,3892
T005007,C1443,2025-09-11 05:47:25.737144760,Withdrawal,512
T005008,C0723,2025-09-11 07:00:16.501375116,Deposit,5249
T005009,C0756,2025-09-11 08:13:07.265605468,Transfer,297
T005010,C2251,2025-09-11 09:25:58.029835820,Transfer,740
T005011,C1909,2025-09-11 10:38:48.794066172,Deposit,3602
T005012,C0386,2025-09-11 11:51:39.558296524,Withdrawal,3816
T005013,C2031,2025-09-11 13:04:30.322526876,Withdrawal,494
T005014,C0360,2025-09-11 14:17:21.086757228,Withdrawal,561
T005015,C1492,2025-09-11 15:30:11.850987580,Withdrawal,539
T005016,C0983,2025-09-11 16:43:02.615217936,Withdrawal,3304
T005017,C1968,2025-09-11 17:55:53.379448288,Transfer,1599
T005018,C0205,2025-09-11 19:08:44.143678640,Withdrawal,1766
T005019,C1073,2025-09-11 20:21:34.907908992,Deposit,277
T005020,C0366,2025-09-11 21:34:25.672139344,Deposit,5516
T005021,C2301,2025-09-11 22:47:16.436369696,Deposit,3321
T005022,C2126,2025-09-12 00:00:07.200600048,Withdrawal,1271
T005023,C0769,2025-09-12 01:12:57.964830404,Deposit,1153
T005024,C0987,2025-09-12 02:25:48.729060756,Transfer,988
T005025,C0417,2025-09-12 03:38:39.493291108,Transfer,1302
T005026,C1462,2025-09-12 04:51:30.257521460,Transfer,3360
T005027,C2360,2025-09-12 06:04:21.021751812,Transfer,3667
T005028,C1167,2025-09-12 07:17:11.785982164,Deposit,1441
T005029,C0197,2025-09-12 08:30:02.550212516,Withdrawal,440
T005030,C2308,2025-09-12 09:42:53.314442868,Deposit,571
T005031,C1390,2025-09-12 10:55:44.078673224,Deposit,8052
T005032,C1216,2025-09-12 12:08:34.842903576,Transfer,926
T005033,C2072,2025-09-12 13:21:25.607133928,Withdrawal,1090
T005034,C1099,2025-09-12 14:34:16.371364280,Deposit,1930
T005035,C1902,2025-09-12 15:47:07.135594632,Deposit,1319
T005036,C1670,2025-09-12 16:59:57.899824984,Withdrawal,7308
T005037,C1418,2025-09-12 18:12:48.664055336,Deposit,2420
T005038,C2158,2025-09-12 19:25:39.428285692,Deposit,726
T005039,C2138,2025-09-12 20:38:30.192516044,Withdrawal,928
T005040,C0037,2025-09-12 21:51:20.956746396,Transfer,2137
T005041,C0993,2025-09-12 23:04:11.720976748,Transfer,1040
T005042,C1587,2025-09-13 00:17:02.485207100,Withdrawal,1988
T005043,C0572,2025-09-13 01:29:53.249437452,Deposit,1198
T005044,C0307,2025-09-13 02:42:44.013667804,Transfer,967
T005045,C2110,2025-09-13 03:55:34.777898156,Withdrawal,570
T005046,C0305,2025-09-13 05:08:25.542128512,Withdrawal,1223
T005047,C2227,2025-09-13 06:21:16.306358864,Transfer,1177
T005048,C1768,2025-09-13 07:34:07.070589216,Withdrawal,595
T005049,C0932,2025-09-13 08:46:57.834819568,Deposit,2104
T005050,C1468,2025-09-13 09:59:48.599049920,Transfer,2331
T005051,C1543,2025-09-13 11:12:39.363280272,Withdrawal,190
T005052,C1993,2025-09-13 12:25:30.127510624,Withdrawal,1454
T005053,C0797,2025-09-13 13:38:20.891740980,Deposit,4370
T005054,C1535,2025-09-13 14:51:11.655971332,Deposit,1658
T005055,C0747,2025-09-13 16:04:02.420201684,Deposit,1031
T005056,C0453,2025-09-13 17:16:53.184432036,Deposit,2477
T005057,C0831,2025-09-13 18:29:43.948662388,Deposit,7465
T005058,C0758,2025-09-13 19:42:34.712892740,Deposit,2785
T005059,C0861,2025-09-13 20:55:25.477123092,Withdrawal,4125
T005060,C1976,2025-09-13 22:08:16.241353444,Transfer,1149
T005061,C1553,2025-09-13 23:21:07.005583800,Transfer,2729
T005062,C1919,2025-09-14 00:33:57.769814152,Deposit,3603
T005063,C0819,2025-09-14 01:46:48.534044504,Transfer,1316
T005064,C1393,2025-09-14 02:59:39.298274856,Withdrawal,3251
T005065,C1880,2025-09-14 04:12:30.062505208,Withdrawal,3919
T005066,C0381,2025-09-14 05:25:20.826735560,Deposit,1681
T005067,C1243,2025-09-14 06:38:11.590965912,Deposit,687
T005068,C0649,2025-09-14 07:51:02.355196264,Transfer,5061
T005069,C0246,2025-09-14 09:03:53.119426620,Withdrawal,1028
T005070,C2299,2025-09-14 10:16:43.883656972,Deposit,8285
T005071,C0565,2025-09-14 11:29:34.647887324,Deposit,1079
T005072,C0821,2025-09-14 12:42:25.412117676,Deposit,3475
T005073,C0472,2025-09-14 13:55:16.176348028,Withdrawal,1205
T005074,C2017,2025-09-14 15:08:06.940578380,Transfer,590
T005075,C0122,2025-09-14 16:20:57.704808732,Withdrawal,1879
T005076,C1350,2025-09-14 17:33:48.469039088,Transfer,798
T005077,C0781,2025-09-14 18:46:39.233269440,Transfer,1780
T005078,C0121,2025-09-14 19:59:29.997499792,Deposit,2051
T005079,C2187,2025-09-14 21:12:20.761730144,Deposit,565
T005080,C2135,2025-09-14 22:25:11.525960496,Withdrawal,768
T005081,C2178,2025-09-14 23:38:02.290190848,Deposit,2206
T005082,C2300,2025-09-15 00:50:53.054421200,Withdrawal,1521
T005083,C1886,2025-09-15 02:03:43.818651552,Deposit,1546
T005084,C1384,2025-09-15 03:16:34.582881908,Deposit,2444
T005085,C1837,2025-09-15 04:29:25.347112260,Deposit,883
T005086,C0047,2025-09-15 05:42:16.111342612,Withdrawal,358
T005087,C1969,2025-09-15 06:55:06.875572964,Withdrawal,809
T005088,C1834,2025-09-15 08:07:57.639803316,Transfer,4508
T005089,C2473,2025-09-15 09:20:48.404033668,Deposit,4382
T005090,C1399,2025-09-15 10:33:39.168264020,Withdrawal,1356
T005091,C1878,2025-09-15 11:46:29.932494376,Deposit,4047
T005092,C0731,2025-09-15 12:59:20.696724728,Deposit,3686
T005093,C0111,2025-09-15 14:12:11.460955080,Deposit,2368
T005094,C1251,2025-09-15 15:25:02.225185432,Withdrawal,946
T005095,C1811,2025-09-15 16:37:52.989415784,Withdrawal,518
T005096,C0135,2025-09-15 17:50:43.753646136,Deposit,737
T005097,C1319,2025-09-15 19:03:34.517876488,Deposit,1002
T005098,C0610,2025-09-15 20:16:25.282106840,Deposit,40022
T005099,C1058,2025-09-15 21:29:16.046337196,Withdrawal,3143
T005100,C2476,2025-09-15 22:42:06.810567548,Withdrawal,6790
T005101,C1989,2025-09-15 23:54:57.574797900,Withdrawal,1190
T005102,C2247,2025-09-16 01:07:48.339028252,Withdrawal,660
T005103,C0560,2025-09-16 02:20:39.103258604,Withdrawal,569
T005104,C0259,2025-09-16 03:33:29.867488956,Deposit,960
T005105,C1649,2025-09-16 04:46:20.631719308,Deposit,829
T005106,C2185,2025-09-16 05:59:11.395949664,Withdrawal,1730
T005107,C0916,2025-09-16 07:12:02.160180016,Withdrawal,1137
T005108,C2429,2025-09-16 08:24:52.924410368,Transfer,1869
T005109,C0238,2025-09-16 09:37:43.688640720,Transfer,1783
T005110,C0688,2025-09-16 10:50:34.452871072,Transfer,6018
T005111,C1611,2025-09-16 12:03:25.217101424,Transfer,681
T005112,C1159,2025-09-16 13:16:15.981331776,Withdrawal,323
T005113,C2130,2025-09-16 14:29:06.745562128,Deposit,3403
T005114,C0595,2025-09-16 15:41:57.509792484,Deposit,1667
T005115,C1751,2025-09-16 16:54:48.274022836,Transfer,7336
T005116,C0403,2025-09-16 18:07:39.038253188,Deposit,1629
T005117,C0822,2025-09-16 19:20:29.802483540,Deposit,940
T005118,C2236,2025-09-16 20:33:20.566713892,Withdrawal,2524
T005119,C1783,2025-09-16 21:46:11.330944244,Deposit,1796
T005120,C2303,2025-09-16 22:59:02.095174596,Withdrawal,15726
T005121,C1698,2025-09-17 00:11:52.859404952,Withdrawal,830855
T005122,C2473,2025-09-17 01:24:43.623635304,Withdrawal,16701
T005123,C1439,2025-09-17 02:37:34.387865656,Withdrawal,4288
T005124,C1191,2025-09-17 03:50:25.152096008,Deposit,6587
T005125,C1614,2025-09-17 05:03:15.916326360,Deposit,2983
T005126,C0485,2025-09-17 06:16:06.680556712,Transfer,1661
T005127,C2484,2025-09-17 07:28:57.444787064,Deposit,406
T005128,C1556,2025-09-17 08:41:48.209017416,Withdrawal,3381
T005129,C2228,2025-09-17 09:54:38.973247772,Withdrawal,380
T005130,C0901,2025-09-17 11:07:29.737478124,Deposit,285
T005131,C1465,2025-09-17 12:20:20.501708476,Deposit,507
T005132,C0644,2025-09-17 13:33:11.265938828,Deposit,4409
T005133,C2187,2025-09-17 14:46:02.030169180,Deposit,582
T005134,C0787,2025-09-17 15:58:52.794399532,Deposit,3278
T005135,C2150,2025-09-17 17:11:43.558629884,Transfer,1194
T005136,C2331,2025-09-17 18:24:34.322860236,Withdrawal,9572
T005137,C0018,2025-09-17 19:37:25.087090592,Deposit,3734
T005138,C1957,2025-09-17 20:50:15.851320944,Withdrawal,6003
T005139,C0756,2025-09-17 22:03:06.615551296,Deposit,1801
T005140,C0687,2025-09-17 23:15:57.379781648,Deposit,433
T005141,C2037,2025-09-18 00:28:48.144012000,Transfer,298
T005142,C0601,2025-09-18 01:41:38.908242352,Transfer,919
T005143,C1044,2025-09-18 02:54:29.672472704,Withdrawal,11540
T005144,C1350,2025-09-18 04:07:20.436703060,Transfer,2088
T005145,C1380,2025-09-18 05:20:11.200933412,Transfer,1329
T005146,C0433,2025-09-18 06:33:01.965163764,Withdrawal,14554
T005147,C1042,2025-09-18 07:45:52.729394116,Transfer,3373
T005148,C1574,2025-09-18 08:58:43.493624468,Withdrawal,628
T005149,C0376,2025-09-18 10:11:34.257854820,Deposit,12439
T005150,C1625,2025-09-18 11:24:25.022085172,Transfer,1247
T005151,C1364,2025-09-18 12:37:15.786315524,Deposit,896
T005152,C1011,2025-09-18 13:50:06.550545880,Deposit,3423
T005153,C0716,2025-09-18 15:02:57.314776232,Deposit,1503
T005154,C1257,2025-09-18 16:15:48.079006584,Transfer,1506
T005155,C1128,2025-09-18 17:28:38.843236936,Deposit,3912
T005156,C1024,2025-09-18 18:41:29.607467288,Withdrawal,1413
T005157,C0221,2025-09-18 19:54:20.371697640,Withdrawal,1202
T005158,C1986,2025-09-18 21:07:11.135927992,Withdrawal,236
T005159,C1050,2025-09-18 22:20:01.900158348,Deposit,285
T005160,C1088,2025-09-18 23:32:52.664388700,Withdrawal,131
T005161,C2302,2025-09-19 00:45:43.428619052,Transfer,1392
T005162,C0826,2025-09-19 01:58:34.192849404,Deposit,1812
T005163,C1155,2025-09-19 03:11:24.957079756,Transfer,267
T005164,C0030,2025-09-19 04:24:15.721310108,Deposit,5606
T005165,C0787,2025-09-19 05:37:06.485540460,Withdrawal,11343
T005166,C0010,2025-09-19 06:49:57.249770812,Withdrawal,1597
T005167,C2478,2025-09-19 08:02:48.014001168,Transfer,2939
T005168,C1171,2025-09-19 09:15:38.778231520,Deposit,1494
T005169,C2172,2025-09-19 10:28:29.542461872,Withdrawal,189
T005170,C1643,2025-09-19 11:41:20.306692224,Deposit,1327
T005171,C1365,2025-09-19 12:54:11.070922576,Withdrawal,19959
T005172,C1542,2025-09-19 14:07:01.835152928,Withdrawal,398
T005173,C0051,2025-09-19 15:19:52.599383280,Deposit,5225
T005174,C0398,2025-09-19 16:32:43.363613636,Withdrawal,2445
T005175,C0314,2025-09-19 17:45:34.127843988,Deposit,14716
T005176,C0514,2025-09-19 18:58:24.892074340,Withdrawal,128
T005177,C0530,2025-09-19 20:11:15.656304692,Withdrawal,5786
T005178,C1785,2025-09-19 21:24:06.420535044,Withdrawal,1838
T005179,C1764,2025-09-19 22:36:57.184765396,Deposit,12445
T005180,C0860,2025-09-19 23:49:47.948995748,Deposit,1127
T005181,C2467,2025-09-20 01:02:38.713226100,Transfer,1150
T005182,C2242,2025-09-20 02:15:29.477456456,Transfer,5064
T005183,C0312,2025-09-20 03:28:20.241686808,Withdrawal,4330
T005184,C0996,2025-09-20 04:41:11.005917160,Withdrawal,2355
T005185,C1323,2025-09-20 05:54:01.770147512,Withdrawal,1200
T005186,C2165,2025-09-20 07:06:52.534377864,Deposit,1303
T005187,C0264,2025-09-20 08:19:43.298608216,Deposit,824
T005188,C1543,2025-09-20 09:32:34.062838568,Withdrawal,1605
T005189,C0021,2025-09-20 10:45:24.827068920,Deposit,1141
T005190,C0549,2025-09-20 11:58:15.591299276,Transfer,7626
T005191,C1197,2025-09-20 13:11:06.355529628,Withdrawal,1178
T005192,C0948,2025-09-20 14:23:57.119759980,Withdrawal,4360
T005193,C1021,2025-09-20 15:36:47.883990332,Withdrawal,2829
T005194,C0206,2025-09-20 16:49:38.648220684,Deposit,1832
T005195,C1637,2025-09-20 18:02:29.412451036,Withdrawal,1822
T005196,C0631,2025-09-20 19:15:20.176681388,Withdrawal,2887
T005197,C2227,2025-09-20 20:28:10.940911744,Deposit,2478
T005198,C2390,2025-09-20 21:41:01.705142096,Withdrawal,1503
T005199,C0440,2025-09-20 22:53:52.469372448,Deposit,982
T005200,C1099,2025-09-21 00:06:43.233602800,Withdrawal,519
T005201,C0290,2025-09-21 01:19:33.997833152,Deposit,854
T005202,C0208,2025-09-21 02:32:24.762063504,Withdrawal,481
T005203,C0272,2025-09-21 03:45:15.526293856,Deposit,683
T005204,C0415,2025-09-21 04:58:06.290524208,Withdrawal,260
T005205,C0384,2025-09-21 06:10:57.054754564,Withdrawal,1556
T005206,C1285,2025-09-21 07:23:47.818984916,Withdrawal,2640
T005207,C0891,2025-09-21 08:36:38.583215268,Transfer,13497
T005208,C1663,2025-09-21 09:49:29.347445620,Deposit,2505
T005209,C1042,2025-09-21 11:02:20.111675972,Transfer,1176
T005210,C2295,2025-09-21 12:15:10.875906324,Deposit,915
T005211,C1320,2025-09-21 13:28:01.640136676,Withdrawal,1724
T005212,C2462,2025-09-21 14:40:52.404367032,Deposit,742
T005213,C1344,2025-09-21 15:53:43.168597384,Withdrawal,5614
T005214,C1578,2025-09-21 17:06:33.932827736,Transfer,257
T005215,C1717,2025-09-21 18:19:24.697058088,Transfer,2043
T005216,C1885,2025-09-21 19:32:15.461288440,Deposit,4251
T005217,C2229,2025-09-21 20:45:06.225518792,Deposit,657
T005218,C1680,2025-09-21 21:57:56.989749144,Withdrawal,3783
T005219,C0944,2025-09-21 23:10:47.753979496,Transfer,771
T005220,C0893,2025-09-22 00:23:38.518209852,Deposit,667
T005221,C0061,2025-09-22 01:36:29.282440204,Transfer,1411
T005222,C1233,2025-09-22 02:49:20.046670556,Withdrawal,5909
T005223,C0166,2025-09-22 04:02:10.810900908,Withdrawal,7047
T005224,C1906,2025-09-22 05:15:01.575131260,Withdrawal,2513
T005225,C1324,2025-09-22 06:27:52.339361612,Transfer,7602
T005226,C0655,2025-09-22 07:40:43.103591964,Transfer,3388
T005227,C0351,2025-09-22 08:53:33.867822320,Deposit,1139
T005228,C2311,2025-09-22 10:06:24.632052672,Deposit,19117
T005229,C2172,2025-09-22 11:19:15.396283024,Transfer,336
T005230,C1566,2025-09-22 12:32:06.160513376,Deposit,1644
T005231,C0932,2025-09-22 13:44:56.924743728,Deposit,629
T005232,C1905,2025-09-22 14:57:47.688974080,Deposit,1766
T005233,C1114,2025-09-22 16:10:38.453204432,Withdrawal,962
T005234,C2187,2025-09-22 17:23:29.217434784,Deposit,901
T005235,C1990,2025-09-22 18:36:19.981665140,Deposit,2123
T005236,C1386,2025-09-22 19:49:10.745895492,Withdrawal,1937
T005237,C1117,2025-09-22 21:02:01.510125844,Deposit,412
T005238,C0134,2025-09-22 22:14:52.274356196,Withdrawal,530
T005239,C1228,2025-09-22 23:27:43.038586548,Deposit,24235
T005240,C1872,2025-09-23 00:40:33.802816900,Transfer,3897
T005241,C1018,2025-09-23 01:53:24.567047252,Withdrawal,1652
T005242,C1882,2025-09-23 03:06:15.331277608,Withdrawal,967
T005243,C0438,2025-09-23 04:19:06.095507960,Withdrawal,382
T005244,C0680,2025-09-23 05:31:56.859738312,Deposit,1142
T005245,C1248,2025-09-23 06:44:47.623968664,Withdrawal,2143
T005246,C1192,2025-09-23 07:57:38.388199016,Transfer,3958
T005247,C1131,2025-09-23 09:10:29.152429368,Withdrawal,1628
T005248,C1404,2025-09-23 10:23:19.916659720,Deposit,12589
T005249,C2072,2025-09-23 11:36:10.680890072,Withdrawal,1512
T005250,C1535,2025-09-23 12:49:01.445120428,Withdrawal,4391
T005251,C1331,2025-09-23 14:01:52.209350780,Withdrawal,1661
T005252,C0935,2025-09-23 15:14:42.973581132,Transfer,2359
T005253,C1382,2025-09-23 16:27:33.737811484,Withdrawal,2469
T005254,C0370,2025-09-23 17:40:24.502041836,Deposit,4339
T005255,C0997,2025-09-23 18:53:15.266272188,Deposit,2273
T005256,C2219,2025-09-23 20:06:06.030502540,Withdrawal,2639
T005257,C1605,2025-09-23 21:18:56.794732892,Withdrawal,6240
T005258,C2270,2025-09-23 22:31:47.558963248,Deposit,1083
T005259,C2491,2025-09-23 23:44:38.323193600,Deposit,158
T005260,C1177,2025-09-24 00:57:29.087423952,Transfer,624
T005261,C0376,2025-09-24 02:10:19.851654304,Deposit,3201
T005262,C2329,2025-09-24 03:23:10.615884656,Withdrawal,1416
T005263,C1944,2025-09-24 04:36:01.380115008,Deposit,6376
T005264,C0958,2025-09-24 05:48:52.144345360,Deposit,3977
T005265,C0811,2025-09-24 07:01:42.908575716,Withdrawal,1870
T005266,C0827,2025-09-24 08:14:33.672806068,Transfer,2610
T005267,C1846,2025-09-24 09:27:24.437036420,Transfer,1141
T005268,C1534,2025-09-24 10:40:15.201266772,Deposit,1746
T005269,C0335,2025-09-24 11:53:05.965497124,Withdrawal,1246
T005270,C0410,2025-09-24 13:05:56.729727476,Withdrawal,4483
T005271,C0054,2025-09-24 14:18:47.493957828,Deposit,2569
T005272,C0701,2025-09-24 15:31:38.258188180,Deposit,4073
T005273,C1758,2025-09-24 16:44:29.022418536,Transfer,12037
T005274,C1099,2025-09-24 17:57:19.786648888,Withdrawal,2916
T005275,C2397,2025-09-24 19:10:10.550879240,Withdrawal,4843
T005276,C0975,2025-09-24 20:23:01.315109592,Withdrawal,1392
T005277,C0393,2025-09-24 21:35:52.079339944,Withdrawal,4888
T005278,C0554,2025-09-24 22:48:42.843570296,Withdrawal,830
T005279,C2129,2025-09-25 00:01:33.607800648,Deposit,660
T005280,C0826,2025-09-25 01:14:24.372031004,Deposit,345
T005281,C0744,2025-09-25 02:27:15.136261356,Deposit,8762
T005282,C1471,2025-09-25 03:40:05.900491708,Transfer,2547
T005283,C2225,2025-09-25 04:52:56.664722060,Deposit,1069
T005284,C0139,2025-09-25 06:05:47.428952412,Withdrawal,4311
T005285,C1846,2025-09-25 07:18:38.193182764,Transfer,3092
T005286,C0542,2025-09-25 08:31:28.957413116,Deposit,5302
T005287,C2242,2025-09-25 09:44:19.721643468,Deposit,4842
T005288,C1857,2025-09-25 10:57:10.485873824,Transfer,3572
T005289,C1338,2025-09-25 12:10:01.250104176,Transfer,552640
T005290,C1721,2025-09-25 13:22:52.014334528,Withdrawal,1508
T005291,C2295,2025-09-25 14:35:42.778564880,Withdrawal,3196
T005292,C2486,2025-09-25 15:48:33.542795232,Deposit,1462
T005293,C0073,2025-09-25 17:01:24.307025584,Withdrawal,1416
T005294,C2142,2025-09-25 18:14:15.071255936,Withdrawal,1048
T005295,C0435,2025-09-25 19:27:05.835486292,Deposit,1015
T005296,C1807,2025-09-25 20:39:56.599716644,Deposit,4164
T005297,C2046,2025-09-25 21:52:47.363946996,Deposit,3422
T005298,C0457,2025-09-25 23:05:38.128177348,Deposit,956
T005299,C2277,2025-09-26 00:18:28.892407700,Transfer,1183
T005300,C2078,2025-09-26 01:31:19.656638052,Withdrawal,803
T005301,C1649,2025-09-26 02:44:10.420868404,Deposit,884
T005302,C0335,2025-09-26 03:57:01.185098756,Transfer,3758
T005303,C0660,2025-09-26 05:09:51.949329112,Deposit,1011
T005304,C0569,2025-09-26 06:22:42.713559464,Transfer,437
T005305,C0177,2025-09-26 07:35:33.477789816,Withdrawal,210
T005306,C2457,2025-09-26 08:48:24.242020168,Transfer,614
T005307,C0777,2025-09-26 10:01:15.006250520,Deposit,1165
T005308,C1261,2025-09-26 11:14:05.770480872,Deposit,4623
T005309,C1302,2025-09-26 12:26:56.534711224,Deposit,4790
T005310,C0077,2025-09-26 13:39:47.298941580,Deposit,1136
T005311,C0933,2025-09-26 14:52:38.063171932,Withdrawal,2947
T005312,C0636,2025-09-26 16:05:28.827402284,Deposit,3970
T005313,C1678,2025-09-26 17:18:19.591632636,Withdrawal,8710
T005314,C1191,2025-09-26 18:31:10.355862988,Withdrawal,3032
T005315,C1413,2025-09-26 19:44:01.120093340,Deposit,433
T005316,C0012,2025-09-26 20:56:51.884323692,Deposit,1160
T005317,C2217,2025-09-26 22:09:42.648554044,Transfer,2611
T005318,C0831,2025-09-26 23:22:33.412784400,Deposit,10310
T005319,C1450,2025-09-27 00:35:24.177014752,Deposit,1985
T005320,C0449,2025-09-27 01:48:14.941245104,Withdrawal,10180
T005321,C2497,2025-09-27 03:01:05.705475456,Withdrawal,1579
T005322,C1790,2025-09-27 04:13:56.469705808,Withdrawal,1945
T005323,C0427,2025-09-27 05:26:47.233936160,Transfer,639
T005324,C0916,2025-09-27 06:39:37.998166512,Transfer,173
T005325,C0631,2025-09-27 07:52:28.762396864,Deposit,1634
T005326,C0226,2025-09-27 09:05:19.526627220,Withdrawal,1900
T005327,C0447,2025-09-27 10:18:10.290857572,Withdrawal,6176
T005328,C1911,2025-09-27 11:31:01.055087924,Withdrawal,3837
T005329,C1500,2025-09-27 12:43:51.819318276,Withdrawal,5011
T005330,C2251,2025-09-27 13:56:42.583548628,Withdrawal,580
T005331,C0675,2025-09-27 15:09:33.347778980,Withdrawal,1231
T005332,C1321,2025-09-27 16:22:24.112009332,Deposit,1350
T005333,C2064,2025-09-27 17:35:14.876239688,Transfer,855
T005334,C1402,2025-09-27 18:48:05.640470040,Deposit,462
T005335,C1044,2025-09-27 20:00:56.404700392,Transfer,4364
T005336,C2488,2025-09-27 21:13:47.168930744,Withdrawal,1266
T005337,C1268,2025-09-27 22:26:37.933161096,Withdrawal,2220
T005338,C1268,2025-09-27 23:39:28.697391448,Withdrawal,750
T005339,C0392,2025-09-28 00:52:19.461621800,Deposit,1720
T005340,C0724,2025-09-28 02:05:10.225852152,Transfer,3605
T005341,C1889,2025-09-28 03:18:00.990082508,Deposit,2433
T005342,C1286,2025-09-28 04:30:51.754312860,Deposit,1184
T005343,C2268,2025-09-28 05:43:42.518543212,Deposit,1324
T005344,C1032,2025-09-28 06:56:33.282773564,Deposit,1074
T005345,C2494,2025-09-28 08:09:24.047003916,Deposit,2417
T005346,C0014,2025-09-28 09:22:14.811234268,Deposit,515
T005347,C2435,2025-09-28 10:35:05.575464620,Withdrawal,6666
T005348,C0642,2025-09-28 11:47:56.339694976,Withdrawal,1139
T005349,C1046,2025-09-28 13:00:47.103925328,Transfer,1433
T005350,C0225,2025-09-28 14:13:37.868155680,Deposit,3973
T005351,C2283,2025-09-28 15:26:28.632386032,Deposit,6218
T005352,C1158,2025-09-28 16:39:19.396616384,Deposit,545
T005353,C1544,2025-09-28 17:52:10.160846736,Withdrawal,8209
T005354,C0792,2025-09-28 19:05:00.925077088,Withdrawal,17492
T005355,C1563,2025-09-28 20:17:51.689307440,Withdrawal,1664
T005356,C0437,2025-09-28 21:30:42.453537796,Deposit,8904
T005357,C1075,2025-09-28 22:43:33.217768148,Deposit,2322
T005358,C1948,2025-09-28 23:56:23.981998500,Deposit,1024
T005359,C2040,2025-09-29 01:09:14.746228852,Transfer,2417
T005360,C0581,2025-09-29 02:22:05.510459204,Deposit,641
T005361,C2003,2025-09-29 03:34:56.274689556,Transfer,1385
T005362,C0687,2025-09-29 04:47:47.038919908,Transfer,851
T005363,C0365,2025-09-29 06:00:37.803150264,Withdrawal,3114
T005364,C0269,2025-09-29 07:13:28.567380616,Transfer,4280
T005365,C1717,2025-09-29 08:26:19.331610968,Deposit,1427
T005366,C1395,2025-09-29 09:39:10.095841320,Deposit,5546
T005367,C1576,2025-09-29 10:52:00.860071672,Deposit,1153
T005368,C0078,2025-09-29 12:04:51.624302024,Deposit,1988
T005369,C0189,2025-09-29 13:17:42.388532376,Deposit,1761
T005370,C1631,2025-09-29 14:30:33.152762728,Withdrawal,14831
T005371,C1326,2025-09-29 15:43:23.916993084,Deposit,1229
T005372,C2406,2025-09-29 16:56:14.681223436,Withdrawal,2006
T005373,C0959,2025-09-29 18:09:05.445453788,Deposit,5610
T005374,C2384,2025-09-29 19:21:56.209684140,Deposit,214
T005375,C0903,2025-09-29 20:34:46.973914492,Withdrawal,501
T005376,C0341,2025-09-29 21:47:37.738144844,Withdrawal,883
T005377,C2120,2025-09-29 23:00:28.502375196,Withdrawal,960
T005378,C1066,2025-09-30 00:13:19.266605552,Transfer,4189
T005379,C0411,2025-09-30 01:26:10.030835904,Withdrawal,518
T005380,C0898,2025-09-30 02:39:00.795066256,Withdrawal,1662
T005381,C0644,2025-09-30 03:51:51.559296608,Deposit,1036
T005382,C0021,2025-09-30 05:04:42.323526960,Deposit,1535
T005383,C0678,2025-09-30 06:17:33.087757312,Withdrawal,4013
T005384,C1100,2025-09-30 07:30:23.851987664,Withdrawal,18986
T005385,C0088,2025-09-30 08:43:14.616218016,Withdrawal,578
T005386,C1618,2025-09-30 09:56:05.380448372,Withdrawal,1825
T005387,C2065,2025-09-30 11:08:56.144678724,Withdrawal,3199
T005388,C2431,2025-09-30 12:21:46.908909076,Deposit,4328
T005389,C1589,2025-09-30 13:34:37.673139428,Deposit,921
T005390,C1170,2025-09-30 14:47:28.437369780,Withdrawal,942
T005391,C1417,2025-09-30 16:00:19.201600132,Withdrawal,1493
T005392,C0310,2025-09-30 17:13:09.965830484,Deposit,1458
T005393,C0492,2025-09-30 18:26:00.730060836,Transfer,2512
T005394,C0760,2025-09-30 19:38:51.494291192,Transfer,9855
T005395,C0001,2025-09-30 20:51:42.258521544,Withdrawal,1712
T005396,C2089,2025-09-30 22:04:33.022751896,Deposit,1119
T005397,C0672,2025-09-30 23:17:23.786982248,Withdrawal,415
T005398,C0212,2025-10-01 00:30:14.551212600,Deposit,1420
T005399,C1357,2025-10-01 01:43:05.315442952,Withdrawal,1313
T005400,C1966,2025-10-01 02:55:56.079673304,Deposit,712
T005401,C0304,2025-10-01 04:08:46.843903660,Withdrawal,3313
T005402,C0691,2025-10-01 05:21:37.608134012,Withdrawal,668
T005403,C1782,2025-10-01 06:34:28.372364364,Transfer,380
T005404,C1834,2025-10-01 07:47:19.136594716,Withdrawal,4082
T005405,C0616,2025-10-01 09:00:09.900825068,Transfer,348
T005406,C0523,2025-10-01 10:13:00.665055420,Transfer,2831
T005407,C2073,2025-10-01 11:25:51.429285772,Withdrawal,6985
T005408,C0808,2025-10-01 12:38:42.193516124,Withdrawal,895
T005409,C0025,2025-10-01 13:51:32.957746480,Deposit,1412
T005410,C1777,2025-10-01 15:04:23.721976832,Withdrawal,2227
T005411,C0108,2025-10-01 16:17:14.486207184,Deposit,2673
T005412,C1354,2025-10-01 17:30:05.250437536,Deposit,2147
T005413,C0180,2025-10-01 18:42:56.014667888,Transfer,6707
T005414,C0881,2025-10-01 19:55:46.778898240,Transfer,1350
T005415,C2179,2025-10-01 21:08:37.543128592,Deposit,942
T005416,C1831,2025-10-01 22:21:28.307358948,Withdrawal,3007
T005417,C0603,2025-10-01 23:34:19.071589300,Withdrawal,2112
T005418,C0168,2025-10-02 00:47:09.835819652,Withdrawal,1812
T005419,C0223,2025-10-02 02:00:00.600050004,Deposit,418
T005420,C0469,2025-10-02 03:12:51.364280356,Withdrawal,3666
T005421,C0278,2025-10-02 04:25:42.128510708,Deposit,1314
T005422,C2238,2025-10-02 05:38:32.892741060,Deposit,911
T005423,C1550,2025-10-02 06:51:23.656971412,Withdrawal,1042
T005424,C2021,2025-10-02 08:04:14.421201768,Transfer,1300
T005425,C1779,2025-10-02 09:17:05.185432120,Transfer,639
T005426,C0621,2025-10-02 10:29:55.949662472,Withdrawal,1635
T005427,C1214,2025-10-02 11:42:46.713892824,Deposit,2502
T005428,C0218,2025-10-02 12:55:37.478123176,Withdrawal,960
T005429,C1335,2025-10-02 14:08:28.242353528,Transfer,1642
T005430,C2284,2025-10-02 15:21:19.006583880,Deposit,2478
T005431,C0168,2025-10-02 16:34:09.770814236,Transfer,528
T005432,C2241,2025-10-02 17:47:00.535044588,Deposit,1924
T005433,C2290,2025-10-02 18:59:51.299274940,Withdrawal,2762
T005434,C1186,2025-10-02 20:12:42.063505292,Deposit,3644
T005435,C1363,2025-10-02 21:25:32.827735644,Withdrawal,2425
T005436,C2241,2025-10-02 22:38:23.591965996,Deposit,16399
T005437,C1426,2025-10-02 23:51:14.356196348,Deposit,3100
T005438,C2440,2025-10-03 01:04:05.120426700,Withdrawal,1792
T005439,C1066,2025-10-03 02:16:55.884657056,Withdrawal,1008
T005440,C0093,2025-10-03 03:29:46.648887408,Transfer,465
T005441,C1239,2025-10-03 04:42:37.413117760,Deposit,1536
T005442,C2397,2025-10-03 05:55:28.177348112,Transfer,2409
T005443,C0513,2025-10-03 07:08:18.941578464,Deposit,2408
T005444,C0106,2025-10-03 08:21:09.705808816,Withdrawal,3610
T005445,C1256,2025-10-03 09:34:00.470039168,Transfer,858
T005446,C1201,2025-10-03 10:46:51.234269524,Withdrawal,739
T005447,C1703,2025-10-03 11:59:41.998499876,Transfer,889
T005448,C1318,2025-10-03 13:12:32.762730228,Withdrawal,631
T005449,C1876,2025-10-03 14:25:23.526960580,Withdrawal,4754
T005450,C1544,2025-10-03 15:38:14.291190932,Withdrawal,2321
T005451,C1236,2025-10-03 16:51:05.055421284,Transfer,183
T005452,C0917,2025-10-03 18:03:55.819651636,Transfer,774
T005453,C1769,2025-10-03 19:16:46.583881988,Withdrawal,943
T005454,C1077,2025-10-03 20:29:37.348112344,Deposit,9759
T005455,C1257,2025-10-03 21:42:28.112342696,Deposit,555
T005456,C1542,2025-10-03 22:55:18.876573048,Withdrawal,1380
T005457,C0951,2025-10-04 00:08:09.640803400,Deposit,1433
T005458,C2092,2025-10-04 01:21:00.405033752,Withdrawal,1036
T005459,C1732,2025-10-04 02:33:51.169264104,Transfer,5566
T005460,C1540,2025-10-04 03:46:41.933494456,Withdrawal,5459
T005461,C0092,2025-10-04 04:59:32.697724808,Withdrawal,183
T005462,C0759,2025-10-04 06:12:23.461955164,Deposit,625
T005463,C0731,2025-10-04 07:25:14.226185516,Withdrawal,2453
T005464,C0954,2025-10-04 08:38:04.990415868,Withdrawal,527
T005465,C1462,2025-10-04 09:50:55.754646220,Deposit,2483
T005466,C0337,2025-10-04 11:03:46.518876572,Withdrawal,6890
T005467,C1318,2025-10-04 12:16:37.283106924,Deposit,275
T005468,C0700,2025-10-04 13:29:28.047337276,Deposit,439
T005469,C0925,2025-10-04 14:42:18.811567632,Transfer,1308
T005470,C2312,2025-10-04 15:55:09.575797984,Deposit,601
T005471,C2153,2025-10-04 17:08:00.340028336,Transfer,245
T005472,C2017,2025-10-04 18:20:51.104258688,Withdrawal,1478
T005473,C2272,2025-10-04 19:33:41.868489040,Withdrawal,603
T005474,C0978,2025-10-04 20:46:32.632719392,Deposit,1132
T005475,C0115,2025-10-04 21:59:23.396949744,Withdrawal,1941
T005476,C1259,2025-10-04 23:12:14.161180096,Withdrawal,556
T005477,C1298,2025-10-05 00:25:04.925410452,Withdrawal,4935
T005478,C1979,2025-10-05 01:37:55.689640804,Deposit,2053
T005479,C0034,2025-10-05 02:50:46.453871156,Withdrawal,323
T005480,C1412,2025-10-05 04:03:37.218101508,Transfer,2825
T005481,C1733,2025-10-05 05:16:27.982331860,Deposit,2520
T005482,C0449,2025-10-05 06:29:18.746562212,Transfer,1712
T005483,C1238,2025-10-05 07:42:09.510792564,Deposit,898
T005484,C1070,2025-10-05 08:55:00.275022920,Deposit,3650
T005485,C0405,2025-10-05 10:07:51.039253272,Deposit,881
T005486,C0333,2025-10-05 11:20:41.803483624,Deposit,752
T005487,C2038,2025-10-05 12:33:32.567713976,Deposit,1102
T005488,C2288,2025-10-05 13:46:23.331944328,Deposit,379
T005489,C1278,2025-10-05 14:59:14.096174680,Deposit,609
T005490,C0228,2025-10-05 16:12:04.860405032,Deposit,7265
T005491,C0166,2025-10-05 17:24:55.624635384,Deposit,2342
T005492,C0585,2025-10-05 18:37:46.388865740,Deposit,1360
T005493,C0737,2025-10-05 19:50:37.153096092,Transfer,5237
T005494,C1535,2025-10-05 21:03:27.917326444,Transfer,1149
T005495,C0598,2025-10-05 22:16:18.681556796,Transfer,2514
T005496,C0593,2025-10-05 23:29:09.445787148,Deposit,12516
T005497,C1700,2025-10-06 00:42:00.210017500,Deposit,711
T005498,C1414,2025-10-06 01:54:50.974247852,Deposit,1113
T005499,C1447,2025-10-06 03:07:41.738478208,Deposit,2424
T005500,C0925,2025-10-06 04:20:32.502708560,Transfer,8270
T005501,C0649,2025-10-06 05:33:23.266938912,Transfer,1264
T005502,C1688,2025-10-06 06:46:14.031169264,Deposit,2713
T005503,C0447,2025-10-06 07:59:04.795399616,Deposit,1662
T005504,C0097,2025-10-06 09:11:55.559629968,Transfer,695
T005505,C2427,2025-10-06 10:24:46.323860320,Withdrawal,713
T005506,C1704,2025-10-06 11:37:37.088090672,Deposit,2392
T005507,C1268,2025-10-06 12:50:27.852321028,Deposit,1118
T005508,C0631,2025-10-06 14:03:18.616551380,Withdrawal,2854
T005509,C0503,2025-10-06 15:16:09.380781732,Deposit,1062
T005510,C0288,2025-10-06 16:29:00.145012084,Transfer,1210
T005511,C0369,2025-10-06 17:41:50.909242436,Deposit,798
T005512,C0065,2025-10-06 18:54:41.673472788,Deposit,4399
T005513,C0162,2025-10-06 20:07:32.437703140,Deposit,11568
T005514,C1818,2025-10-06 21:20:23.201933496,Deposit,681
T005515,C0662,2025-10-06 22:33:13.966163848,Withdrawal,3398
T005516,C0481,2025-10-06 23:46:04.730394200,Deposit,6459
T005517,C1657,2025-10-07 00:58:55.494624552,Deposit,4377
T005518,C2317,2025-10-07 02:11:46.258854904,Withdrawal,2562
T005519,C1791,2025-10-07 03:24:37.023085256,Deposit,16979
T005520,C0567,2025-10-07 04:37:27.787315608,Deposit,3159
T005521,C0406,2025-10-07 05:50:18.551545960,Deposit,11452
T005522,C0765,2025-10-07 07:03:09.315776316,Deposit,9804
T005523,C1941,2025-10-07 08:16:00.080006668,Withdrawal,15772
T005524,C0866,2025-10-07 09:28:50.844237020,Deposit,3274
T005525,C1118,2025-10-07 10:41:41.608467372,Withdrawal,3358
T005526,C2438,2025-10-07 11:54:32.372697724,Withdrawal,5420
T005527,C1236,2025-10-07 13:07:23.136928076,Withdrawal,796
T005528,C0742,2025-10-07 14:20:13.901158428,Transfer,3977
T005529,C1832,2025-10-07 15:33:04.665388780,Deposit,14774
T005530,C0043,2025-10-07 16:45:55.429619136,Withdrawal,874
T005531,C1466,2025-10-07 17:58:46.193849488,Transfer,2669
T005532,C1539,2025-10-07 19:11:36.958079840,Transfer,4675
T005533,C0911,2025-10-07 20:24:27.722310192,Withdrawal,4171
T005534,C0607,2025-10-07 21:37:18.486540544,Deposit,683
T005535,C1419,2025-10-07 22:50:09.250770896,Deposit,2809
T005536,C2286,2025-10-08 00:03:00.015001248,Deposit,1588
T005537,C1703,2025-10-08 01:15:50.779231604,Transfer,366
T005538,C0719,2025-10-08 02:28:41.543461956,Withdrawal,1588
T005539,C2452,2025-10-08 03:41:32.307692308,Withdrawal,3088
T005540,C0214,2025-10-08 04:54:23.071922660,Withdrawal,1712
T005541,C0132,2025-10-08 06:07:13.836153012,Deposit,1968
T005542,C2057,2025-10-08 07:20:04.600383364,Deposit,17419
T005543,C1767,2025-10-08 08:32:55.364613716,Transfer,1601
T005544,C0153,2025-10-08 09:45:46.128844068,Withdrawal,697
T005545,C2479,2025-10-08 10:58:36.893074424,Withdrawal,4239
T005546,C0483,2025-10-08 12:11:27.657304776,Deposit,1897
T005547,C2021,2025-10-08 13:24:18.421535128,Withdrawal,1658
T005548,C0305,2025-10-08 14:37:09.185765480,Deposit,1601
T005549,C2332,2025-10-08 15:49:59.949995832,Deposit,2798
T005550,C2017,2025-10-08 17:02:50.714226184,Deposit,1910
T005551,C0993,2025-10-08 18:15:41.478456536,Withdrawal,5056
T005552,C2238,2025-10-08 19:28:32.242686892,Deposit,2526
T005553,C1552,2025-10-08 20:41:23.006917244,Deposit,1521
T005554,C0343,2025-10-08 21:54:13.771147596,Withdrawal,269
T005555,C0715,2025-10-08 23:07:04.535377948,Transfer,1628
T005556,C1710,2025-10-09 00:19:55.299608300,Deposit,5443
T005557,C1058,2025-10-09 01:32:46.063838652,Deposit,1481
T005558,C0471,2025-10-09 02:45:36.828069004,Withdrawal,964
T005559,C0741,2025-10-09 03:58:27.592299356,Transfer,1781
T005560,C0513,2025-10-09 05:11:18.356529712,Withdrawal,7453
T005561,C1139,2025-10-09 06:24:09.120760064,Withdrawal,2271
T005562,C2193,2025-10-09 07:36:59.884990416,Deposit,821
T005563,C0559,2025-10-09 08:49:50.649220768,Transfer,3431
T005564,C0792,2025-10-09 10:02:41.413451120,Transfer,15318
T005565,C1202,2025-10-09 11:15:32.177681472,Withdrawal,844
T005566,C1749,2025-10-09 12:28:22.941911824,Transfer,312
T005567,C0360,2025-10-09 13:41:13.706142180,Deposit,1339
T005568,C0285,2025-10-09 14:54:04.470372532,Deposit,2604
T005569,C1758,2025-10-09 16:06:55.234602884,Deposit,6173
T005570,C1384,2025-10-09 17:19:45.998833236,Deposit,879
T005571,C1523,2025-10-09 18:32:36.763063588,Transfer,2424
T005572,C1165,2025-10-09 19:45:27.527293940,Withdrawal,2031
T005573,C1692,2025-10-09 20:58:18.291524292,Withdrawal,3102
T005574,C1246,2025-10-09 22:11:09.055754644,Deposit,3429
T005575,C1413,2025-10-09 23:23:59.819985000,Withdrawal,648
T005576,C1354,2025-10-10 00:36:50.584215352,Deposit,440
T005577,C0743,2025-10-10 01:49:41.348445704,Deposit,1136
T005578,C1417,2025-10-10 03:02:32.112676056,Withdrawal,3481
T005579,C0358,2025-10-10 04:15:22.876906408,Deposit,793
T005580,C1953,2025-10-10 05:28:13.641136760,Transfer,7279
T005581,C0040,2025-10-10 06:41:04.405367112,Deposit,2481
T005582,C2321,2025-10-10 07:53:55.169597468,Withdrawal,4019
T005583,C0458,2025-10-10 09:06:45.933827820,Transfer,7940
T005584,C1969,2025-10-10 10:19:36.698058172,Deposit,891
T005585,C2282,2025-10-10 11:32:27.462288524,Withdrawal,1711
T005586,C0197,2025-10-10 12:45:18.226518876,Deposit,4246
T005587,C1875,2025-10-10 13:58:08.990749228,Deposit,1048
T005588,C1735,2025-10-10 15:10:59.754979580,Withdrawal,18336
T005589,C0938,2025-10-10 16:23:50.519209932,Transfer,3654
T005590,C2195,2025-10-10 17:36:41.283440288,Transfer,7471
T005591,C0030,2025-10-10 18:49:32.047670640,Withdrawal,680
T005592,C2155,2025-10-10 20:02:22.811900992,Withdrawal,1342
T005593,C1702,2025-10-10 21:15:13.576131344,Transfer,1300
T005594,C0390,2025-10-10 22:28:04.340361696,Withdrawal,149
T005595,C2454,2025-10-10 23:40:55.104592048,Transfer,2067
T005596,C1145,2025-10-11 00:53:45.868822400,Withdrawal,2309
T005597,C0347,2025-10-11 02:06:36.633052752,Transfer,2222
T005598,C0119,2025-10-11 03:19:27.397283108,Transfer,699
T005599,C0520,2025-10-11 04:32:18.161513460,Transfer,5179
T005600,C1239,2025-10-11 05:45:08.925743812,Deposit,1145
T005601,C2128,2025-10-11 06:57:59.689974164,Deposit,4904
T005602,C2467,2025-10-11 08:10:50.454204516,Withdrawal,1348
T005603,C0584,2025-10-11 09:23:41.218434868,Deposit,888
T005604,C1709,2025-10-11 10:36:31.982665220,Deposit,3904
T005605,C1313,2025-10-11 11:49:22.746895576,Transfer,3002
T005606,C2282,2025-10-11 13:02:13.511125928,Withdrawal,15089
T005607,C2309,2025-10-11 14:15:04.275356280,Deposit,2524
T005608,C1982,2025-10-11 15:27:55.039586632,Withdrawal,5671
T005609,C1046,2025-10-11 16:40:45.803816984,Deposit,11174
T005610,C2126,2025-10-11 17:53:36.568047336,Withdrawal,8507
T005611,C0742,2025-10-11 19:06:27.332277688,Transfer,547
T005612,C0672,2025-10-11 20:19:18.096508040,Withdrawal,3175
T005613,C1772,2025-10-11 21:32:08.860738396,Deposit,2217
T005614,C1686,2025-10-11 22:44:59.624968748,Deposit,528
T005615,C2078,2025-10-11 23:57:50.389199100,Deposit,2204
T005616,C2486,2025-10-12 01:10:41.153429452,Deposit,3997
T005617,C1697,2025-10-12 02:23:31.917659804,Withdrawal,982
T005618,C0063,2025-10-12 03:36:22.681890156,Withdrawal,1814
T005619,C1454,2025-10-12 04:49:13.446120508,Deposit,2403
T005620,C0157,2025-10-12 06:02:04.210350864,Deposit,10804
T005621,C0777,2025-10-12 07:14:54.974581216,Deposit,2636
T005622,C2302,2025-10-12 08:27:45.738811568,Transfer,662
T005623,C1904,2025-10-12 09:40:36.503041920,Deposit,13491
T005624,C1351,2025-10-12 10:53:27.267272272,Deposit,1827
T005625,C2247,2025-10-12 12:06:18.031502624,Deposit,346
T005626,C1339,2025-10-12 13:19:08.795732976,Withdrawal,946
T005627,C0006,2025-10-12 14:31:59.559963328,Deposit,2911
T005628,C1280,2025-10-12 15:44:50.324193684,Withdrawal,2610
T005629,C1903,2025-10-12 16:57:41.088424036,Withdrawal,2764
T005630,C0821,2025-10-12 18:10:31.852654388,Deposit,3140
T005631,C1344,2025-10-12 19:23:22.616884740,Deposit,2077
T005632,C2024,2025-10-12 20:36:13.381115092,Transfer,8435
T005633,C2296,2025-10-12 21:49:04.145345444,Withdrawal,1971
T005634,C0004,2025-10-12 23:01:54.909575796,Deposit,659
T005635,C0031,2025-10-13 00:14:45.673806152,Deposit,10906
T005636,C1857,2025-10-13 01:27:36.438036504,Deposit,2562
T005637,C1653,2025-10-13 02:40:27.202266856,Withdrawal,2180
T005638,C1299,2025-10-13 03:53:17.966497208,Transfer,5450
T005639,C0709,2025-10-13 05:06:08.730727560,Withdrawal,1498
T005640,C0886,2025-10-13 06:18:59.494957912,Deposit,4041
T005641,C1201,2025-10-13 07:31:50.259188264,Withdrawal,1479
T005642,C1980,2025-10-13 08:44:41.023418616,Transfer,503
T005643,C0748,2025-10-13 09:57:31.787648972,Deposit,378
T005644,C2127,2025-10-13 11:10:22.551879324,Transfer,4445
T005645,C2291,2025-10-13 12:23:13.316109676,Withdrawal,1001
T005646,C0501,2025-10-13 13:36:04.080340028,Deposit,1183
T005647,C0205,2025-10-13 14:48:54.844570380,Deposit,3390
T005648,C1484,2025-10-13 16:01:45.608800732,Deposit,671
T005649,C1407,2025-10-13 17:14:36.373031084,Withdrawal,3679
T005650,C0333,2025-10-13 18:27:27.137261436,Withdrawal,1311
T005651,C0166,2025-10-13 19:40:17.901491792,Withdrawal,2121
T005652,C2209,2025-10-13 20:53:08.665722144,Deposit,1312
T005653,C0006,2025-10-13 22:05:59.429952496,Transfer,1274
T005654,C2253,2025-10-13 23:18:50.194182848,Deposit,935
T005655,C0532,2025-10-14 00:31:40.958413200,Deposit,6541
T005656,C1701,2025-10-14 01:44:31.722643552,Deposit,716
T005657,C2093,2025-10-14 02:57:22.486873904,Deposit,4804
T005658,C0457,2025-10-14 04:10:13.251104260,Transfer,1738
T005659,C0227,2025-10-14 05:23:04.015334612,Deposit,2514
T005660,C2047,2025-10-14 06:35:54.779564964,Deposit,447
T005661,C2100,2025-10-14 07:48:45.543795316,Withdrawal,2512
T005662,C1743,2025-10-14 09:01:36.308025668,Withdrawal,2960
T005663,C0471,2025-10-14 10:14:27.072256020,Deposit,2213
T005664,C0897,2025-10-14 11:27:17.836486372,Deposit,2884
T005665,C1321,2025-10-14 12:40:08.600716724,Deposit,2231
T005666,C1665,2025-10-14 13:52:59.364947080,Transfer,2854
T005667,C1526,2025-10-14 15:05:50.129177432,Withdrawal,5766
T005668,C1226,2025-10-14 16:18:40.893407784,Transfer,2388
T005669,C2463,2025-10-14 17:31:31.657638136,Deposit,1775
T005670,C1446,2025-10-14 18:44:22.421868488,Withdrawal,5515
T005671,C0674,2025-10-14 19:57:13.186098840,Withdrawal,1514
T005672,C1097,2025-10-14 21:10:03.950329192,Deposit,11796
T005673,C2393,2025-10-14 22:22:54.714559548,Withdrawal,4969
T005674,C1233,2025-10-14 23:35:45.478789900,Withdrawal,1641
T005675,C0898,2025-10-15 00:48:36.243020252,Withdrawal,947
T005676,C1963,2025-10-15 02:01:27.007250604,Withdrawal,519
T005677,C0848,2025-10-15 03:14:17.771480956,Withdrawal,570
T005678,C1967,2025-10-15 04:27:08.535711308,Transfer,1848
T005679,C2228,2025-10-15 05:39:59.299941660,Transfer,227
T005680,C0647,2025-10-15 06:52:50.064172012,Withdrawal,10600
T005681,C0438,2025-10-15 08:05:40.828402368,Deposit,561
T005682,C1501,2025-10-15 09:18:31.592632720,Withdrawal,8918
T005683,C2443,2025-10-15 10:31:22.356863072,Deposit,3132
T005684,C1726,2025-10-15 11:44:13.121093424,Deposit,820
T005685,C1566,2025-10-15 12:57:03.885323776,Withdrawal,974
T005686,C2105,2025-10-15 14:09:54.649554128,Withdrawal,827
T005687,C1744,2025-10-15 15:22:45.413784480,Transfer,1883
T005688,C0326,2025-10-15 16:35:36.178014836,Transfer,10490
T005689,C0322,2025-10-15 17:48:26.942245188,Transfer,361
T005690,C2231,2025-10-15 19:01:17.706475540,Transfer,545
T005691,C2283,2025-10-15 20:14:08.470705892,Withdrawal,1106
T005692,C1210,2025-10-15 21:26:59.234936244,Deposit,254
T005693,C0266,2025-10-15 22:39:49.999166596,Withdrawal,3124
T005694,C0842,2025-10-15 23:52:40.763396948,Withdrawal,576
T005695,C0329,2025-10-16 01:05:31.527627300,Withdrawal,978
T005696,C0683,2025-10-16 02:18:22.291857656,Withdrawal,2399
T005697,C2072,2025-10-16 03:31:13.056088008,Transfer,629
T005698,C1285,2025-10-16 04:44:03.820318360,Deposit,8356
T005699,C1379,2025-10-16 05:56:54.584548712,Deposit,1667
T005700,C2244,2025-10-16 07:09:45.348779064,Withdrawal,3977
T005701,C1912,2025-10-16 08:22:36.113009416,Transfer,5032
T005702,C1357,2025-10-16 09:35:26.877239768,Deposit,359
T005703,C1888,2025-10-16 10:48:17.641470124,Transfer,1376
T005704,C1979,2025-10-16 12:01:08.405700476,Transfer,3086
T005705,C0632,2025-10-16 13:13:59.169930828,Deposit,6261
T005706,C0321,2025-10-16 14:26:49.934161180,Transfer,1151
T005707,C1471,2025-10-16 15:39:40.698391532,Deposit,1479
T005708,C1401,2025-10-16 16:52:31.462621884,Withdrawal,1724
T005709,C0203,2025-10-16 18:05:22.226852236,Deposit,354
T005710,C2225,2025-10-16 19:18:12.991082588,Transfer,3848
T005711,C0627,2025-10-16 20:31:03.755312944,Withdrawal,1804
T005712,C1869,2025-10-16 21:43:54.519543296,Deposit,2547
T005713,C2080,2025-10-16 22:56:45.283773648,Withdrawal,6447
T005714,C0727,2025-10-17 00:09:36.048004000,Deposit,644
T005715,C0954,2025-10-17 01:22:26.812234352,Withdrawal,808
T005716,C2291,2025-10-17 02:35:17.576464704,Transfer,1486
T005717,C1822,2025-10-17 03:48:08.340695056,Deposit,1623
T005718,C0070,2025-10-17 05:00:59.104925408,Withdrawal,2029
T005719,C1095,2025-10-17 06:13:49.869155764,Deposit,313
T005720,C1647,2025-10-17 07:26:40.633386116,Transfer,6586
T005721,C0158,2025-10-17 08:39:31.397616468,Deposit,219
T005722,C0549,2025-10-17 09:52:22.161846820,Deposit,2123
T005723,C1840,2025-10-17 11:05:12.926077172,Transfer,3819
T005724,C1952,2025-10-17 12:18:03.690307524,Deposit,4141
T005725,C2374,2025-10-17 13:30:54.454537876,Withdrawal,608
T005726,C1059,2025-10-17 14:43:45.218768232,Transfer,354
T005727,C2464,2025-10-17 15:56:35.982998584,Deposit,207
T005728,C0886,2025-10-17 17:09:26.747228936,Deposit,396
T005729,C0511,2025-10-17 18:22:17.511459288,Deposit,6368
T005730,C0368,2025-10-17 19:35:08.275689640,Withdrawal,5599
T005731,C1911,2025-10-17 20:47:59.039919992,Deposit,10567
T005732,C0883,2025-10-17 22:00:49.804150344,Withdrawal,3726
T005733,C2255,2025-10-17 23:13:40.568380696,Deposit,4018
T005734,C1798,2025-10-18 00:26:31.332611052,Deposit,1049
T005735,C1294,2025-10-18 01:39:22.096841404,Deposit,516
T005736,C0669,2025-10-18 02:52:12.861071756,Deposit,2281
T005737,C2154,2025-10-18 04:05:03.625302108,Deposit,705
T005738,C0666,2025-10-18 05:17:54.389532460,Deposit,4231
T005739,C0260,2025-10-18 06:30:45.153762812,Withdrawal,2423
T005740,C1509,2025-10-18 07:43:35.917993164,Deposit,2226
T005741,C0313,2025-10-18 08:56:26.682223520,Transfer,5454
T005742,C1845,2025-10-18 10:09:17.446453872,Withdrawal,476
T005743,C1534,2025-10-18 11:22:08.210684224,Deposit,3347
T005744,C1501,2025-10-18 12:34:58.974914576,Transfer,11155
T005745,C0674,2025-10-18 13:47:49.739144928,Withdrawal,1499
T005746,C1424,2025-10-18 15:00:40.503375280,Withdrawal,750
T005747,C2021,2025-10-18 16:13:31.267605632,Deposit,12338
T005748,C2398,2025-10-18 17:26:22.031835984,Deposit,4744
T005749,C2263,2025-10-18 18:39:12.796066340,Withdrawal,464
T005750,C1407,2025-10-18 19:52:03.560296692,Deposit,902
T005751,C1148,2025-10-18 21:04:54.324527044,Withdrawal,2681
T005752,C1692,2025-10-18 22:17:45.088757396,Withdrawal,1326
T005753,C1729,2025-10-18 23:30:35.852987748,Deposit,2379
T005754,C0328,2025-10-19 00:43:26.617218100,Transfer,764
T005755,C1589,2025-10-19 01:56:17.381448452,Deposit,871
T005756,C0098,2025-10-19 03:09:08.145678808,Deposit,4653
T005757,C0659,2025-10-19 04:21:58.909909160,Transfer,1292
T005758,C2348,2025-10-19 05:34:49.674139512,Deposit,5122
T005759,C2078,2025-10-19 06:47:40.438369864,Transfer,2697
T005760,C1098,2025-10-19 08:00:31.202600216,Withdrawal,1307
T005761,C2220,2025-10-19 09:13:21.966830568,Withdrawal,1441
T005762,C1018,2025-10-19 10:26:12.731060920,Withdrawal,1175
T005763,C0923,2025-10-19 11:39:03.495291272,Deposit,1400
T005764,C2132,2025-10-19 12:51:54.259521628,Withdrawal,272
T005765,C1609,2025-10-19 14:04:45.023751980,Transfer,3372
T005766,C1314,2025-10-19 15:17:35.787982332,Deposit,602
T005767,C0639,2025-10-19 16:30:26.552212684,Deposit,627
T005768,C0085,2025-10-19 17:43:17.316443036,Withdrawal,13953
T005769,C1278,2025-10-19 18:56:08.080673388,Deposit,1529
T005770,C1848,2025-10-19 20:08:58.844903740,Withdrawal,4108
T005771,C0519,2025-10-19 21:21:49.609134096,Withdrawal,384
T005772,C1331,2025-10-19 22:34:40.373364448,Deposit,5180
T005773,C0184,2025-10-19 23:47:31.137594800,Withdrawal,1931
T005774,C0973,2025-10-20 01:00:21.901825152,Deposit,2032
T005775,C2389,2025-10-20 02:13:12.666055504,Deposit,159
T005776,C0227,2025-10-20 03:26:03.430285856,Transfer,4347
T005777,C0837,2025-10-20 04:38:54.194516208,Deposit,1681
T005778,C2312,2025-10-20 05:51:44.958746560,Withdrawal,5188
T005779,C2498,2025-10-20 07:04:35.722976916,Withdrawal,1078
T005780,C1275,2025-10-20 08:17:26.487207268,Withdrawal,1427
T005781,C0170,2025-10-20 09:30:17.251437620,Deposit,1634
T005782,C0566,2025-10-20 10:43:08.015667972,Transfer,3273
T005783,C1936,2025-10-20 11:55:58.779898324,Transfer,1596
T005784,C2180,2025-10-20 13:08:49.544128676,Withdrawal,1292
T005785,C0827,2025-10-20 14:21:40.308359028,Deposit,931
T005786,C0606,2025-10-20 15:34:31.072589380,Transfer,3022
T005787,C0350,2025-10-20 16:47:21.836819736,Transfer,2078
T005788,C0099,2025-10-20 18:00:12.601050088,Withdrawal,8903
T005789,C1770,2025-10-20 19:13:03.365280440,Deposit,981
T005790,C1805,2025-10-20 20:25:54.129510792,Deposit,14001
T005791,C1061,2025-10-20 21:38:44.893741144,Deposit,4613
T005792,C0075,2025-10-20 22:51:35.657971496,Deposit,1870
T005793,C2106,2025-10-21 00:04:26.422201848,Deposit,938
T005794,C0402,2025-10-21 01:17:17.186432204,Transfer,1923
T005795,C0188,2025-10-21 02:30:07.950662556,Withdrawal,7604
T005796,C0139,2025-10-21 03:42:58.714892908,Deposit,3014
T005797,C0143,2025-10-21 04:55:49.479123260,Withdrawal,1220
T005798,C0108,2025-10-21 06:08:40.243353612,Deposit,2089
T005799,C0221,2025-10-21 07:21:31.007583964,Withdrawal,422
T005800,C0145,2025-10-21 08:34:21.771814316,Deposit,844
T005801,C0510,2025-10-21 09:47:12.536044668,Deposit,6431
T005802,C2424,2025-10-21 11:00:03.300275024,Deposit,3316
T005803,C0005,2025-10-21 12:12:54.064505376,Withdrawal,7489
T005804,C0388,2025-10-21 13:25:44.828735728,Deposit,382
T005805,C1758,2025-10-21 14:38:35.592966080,Withdrawal,27754
T005806,C1896,2025-10-21 15:51:26.357196432,Transfer,2474
T005807,C0560,2025-10-21 17:04:17.121426784,Withdrawal,10052
T005808,C1840,2025-10-21 18:17:07.885657136,Withdrawal,12248
T005809,C1772,2025-10-21 19:29:58.649887492,Transfer,441
T005810,C1784,2025-10-21 20:42:49.414117844,Deposit,1222
T005811,C0365,2025-10-21 21:55:40.178348196,Deposit,482
T005812,C0417,2025-10-21 23:08:30.942578548,Transfer,200
T005813,C1636,2025-10-22 00:21:21.706808900,Transfer,4447
T005814,C2069,2025-10-22 01:34:12.471039252,Deposit,2500
T005815,C0517,2025-10-22 02:47:03.235269604,Transfer,459
T005816,C1221,2025-10-22 03:59:53.999499956,Deposit,148
T005817,C0661,2025-10-22 05:12:44.763730312,Transfer,946
T005818,C0330,2025-10-22 06:25:35.527960664,Deposit,3920
T005819,C0378,2025-10-22 07:38:26.292191016,Deposit,1158
T005820,C0160,2025-10-22 08:51:17.056421368,Withdrawal,1350
T005821,C0658,2025-10-22 10:04:07.820651720,Transfer,517
T005822,C2402,2025-10-22 11:16:58.584882072,Withdrawal,4280
T005823,C1264,2025-10-22 12:29:49.349112424,Transfer,13323
T005824,C0079,2025-10-22 13:42:40.113342780,Withdrawal,709
T005825,C2200,2025-10-22 14:55:30.877573132,Withdrawal,3492
T005826,C2431,2025-10-22 16:08:21.641803484,Deposit,18476
T005827,C0693,2025-10-22 17:21:12.406033836,Deposit,3690
T005828,C2038,2025-10-22 18:34:03.170264188,Withdrawal,6032
T005829,C2400,2025-10-22 19:46:53.934494540,Withdrawal,5991
T005830,C1225,2025-10-22 20:59:44.698724892,Transfer,3429
T005831,C0951,2025-10-22 22:12:35.462955244,Deposit,491
T005832,C2181,2025-10-22 23:25:26.227185600,Withdrawal,4355
T005833,C1989,2025-10-23 00:38:16.991415952,Transfer,1470
T005834,C2217,2025-10-23 01:51:07.755646304,Deposit,2421
T005835,C0866,2025-10-23 03:03:58.519876656,Withdrawal,162
T005836,C0391,2025-10-23 04:16:49.284107008,Withdrawal,6419
T005837,C1882,2025-10-23 05:29:40.048337360,Transfer,969
T005838,C1409,2025-10-23 06:42:30.812567712,Deposit,606
T005839,C0820,2025-10-23 07:55:21.576798068,Deposit,1050
T005840,C2146,2025-10-23 09:08:12.341028420,Deposit,272
T005841,C0340,2025-10-23 10:21:03.105258772,Transfer,883
T005842,C1555,2025-10-23 11:33:53.869489124,Deposit,4648
T005843,C0132,2025-10-23 12:46:44.633719476,Withdrawal,2682
T005844,C2258,2025-10-23 13:59:35.397949828,Withdrawal,5490
T005845,C0377,2025-10-23 15:12:26.162180180,Withdrawal,911
T005846,C0640,2025-10-23 16:25:16.926410532,Deposit,1060
T005847,C1522,2025-10-23 17:38:07.690640888,Deposit,448
T005848,C0441,2025-10-23 18:50:58.454871240,Deposit,8806
T005849,C1742,2025-10-23 20:03:49.219101592,Transfer,506
T005850,C1204,2025-10-23 21:16:39.983331944,Withdrawal,3798
T005851,C0241,2025-10-23 22:29:30.747562296,Transfer,392
T005852,C1810,2025-10-23 23:42:21.511792648,Withdrawal,6384
T005853,C0023,2025-10-24 00:55:12.276023000,Deposit,441
T005854,C1204,2025-10-24 02:08:03.040253352,Deposit,1034
T005855,C1888,2025-10-24 03:20:53.804483708,Deposit,3837
T005856,C0175,2025-10-24 04:33:44.568714060,Withdrawal,2231
T005857,C0198,2025-10-24 05:46:35.332944412,Withdrawal,1221
T005858,C0099,2025-10-24 06:59:26.097174764,Withdrawal,2423
T005859,C0745,2025-10-24 08:12:16.861405116,Transfer,1774
T005860,C1451,2025-10-24 09:25:07.625635468,Withdrawal,1244
T005861,C0453,2025-10-24 10:37:58.389865820,Transfer,1630
T005862,C1782,2025-10-24 11:50:49.154096176,Deposit,11761
T005863,C0499,2025-10-24 13:03:39.918326528,Transfer,2019
T005864,C0141,2025-10-24 14:16:30.682556880,Transfer,6410
T005865,C1715,2025-10-24 15:29:21.446787232,Deposit,3615
T005866,C2223,2025-10-24 16:42:12.211017584,Withdrawal,2323
T005867,C2468,2025-10-24 17:55:02.975247936,Transfer,891
T005868,C0676,2025-10-24 19:07:53.739478288,Withdrawal,675
T005869,C1464,2025-10-24 20:20:44.503708640,Deposit,5526
T005870,C0918,2025-10-24 21:33:35.267938996,Transfer,2746
T005871,C1823,2025-10-24 22:46:26.032169348,Withdrawal,4805
T005872,C2409,2025-10-24 23:59:16.796399700,Withdrawal,1889
T005873,C2494,2025-10-25 01:12:07.560630052,Deposit,1271
T005874,C0708,2025-10-25 02:24:58.324860404,Deposit,2544
T005875,C1731,2025-10-25 03:37:49.089090756,Withdrawal,5944
T005876,C1881,2025-10-25 04:50:39.853321108,Withdrawal,3844
T005877,C0561,2025-10-25 06:03:30.617551464,Transfer,3293
T005878,C0997,2025-10-25 07:16:21.381781816,Withdrawal,2082
T005879,C0059,2025-10-25 08:29:12.146012168,Transfer,2692
T005880,C1191,2025-10-25 09:42:02.910242520,Deposit,3235
T005881,C0967,2025-10-25 10:54:53.674472872,Deposit,708
T005882,C1625,2025-10-25 12:07:44.438703224,Deposit,15719
T005883,C1807,2025-10-25 13:20:35.202933576,Deposit,1754
T005884,C0263,2025-10-25 14:33:25.967163928,Withdrawal,2386
T005885,C1455,2025-10-25 15:46:16.731394284,Withdrawal,5842
T005886,C2244,2025-10-25 16:59:07.495624636,Deposit,1655
T005887,C0354,2025-10-25 18:11:58.259854988,Deposit,2285
T005888,C0941,2025-10-25 19:24:49.024085340,Deposit,257
T005889,C0047,2025-10-25 20:37:39.788315692,Deposit,1856
T005890,C0753,2025-10-25 21:50:30.552546044,Withdrawal,417
T005891,C1333,2025-10-25 23:03:21.316776396,Deposit,1162
T005892,C0230,2025-10-26 00:16:12.081006752,Transfer,2668
T005893,C1925,2025-10-26 01:29:02.845237104,Withdrawal,1531
T005894,C0757,2025-10-26 02:41:53.609467456,Transfer,10212
T005895,C2364,2025-10-26 03:54:44.373697808,Deposit,3182
T005896,C0762,2025-10-26 05:07:35.137928160,Transfer,6168
T005897,C1101,2025-10-26 06:20:25.902158512,Withdrawal,1350
T005898,C2110,2025-10-26 07:33:16.666388864,Deposit,4172
T005899,C0238,2025-10-26 08:46:07.430619216,Deposit,2054
T005900,C0078,2025-10-26 09:58:58.194849572,Transfer,5162
T005901,C1985,2025-10-26 11:11:48.959079924,Deposit,6737
T005902,C1053,2025-10-26 12:24:39.723310276,Deposit,3534
T005903,C1159,2025-10-26 13:37:30.487540628,Deposit,3251
T005904,C0351,2025-10-26 14:50:21.251770980,Deposit,1338
T005905,C0913,2025-10-26 16:03:12.016001332,Deposit,18242
T005906,C0350,2025-10-26 17:16:02.780231684,Withdrawal,4528
T005907,C1305,2025-10-26 18:28:53.544462040,Withdrawal,4063
T005908,C0292,2025-10-26 19:41:44.308692392,Withdrawal,2465
T005909,C1213,2025-10-26 20:54:35.072922744,Deposit,3470
T005910,C0468,2025-10-26 22:07:25.837153096,Deposit,1504
T005911,C1266,2025-10-26 23:20:16.601383448,Deposit,364
T005912,C2354,2025-10-27 00:33:07.365613800,Withdrawal,1070
T005913,C1208,2025-10-27 01:45:58.129844152,Deposit,2758
T005914,C2497,2025-10-27 02:58:48.894074504,Withdrawal,3329
T005915,C0230,2025-10-27 04:11:39.658304860,Deposit,3116
T005916,C1065,2025-10-27 05:24:30.422535212,Withdrawal,1378
T005917,C0793,2025-10-27 06:37:21.186765564,Withdrawal,6513
T005918,C0824,2025-10-27 07:50:11.950995916,Deposit,265
T005919,C1694,2025-10-27 09:03:02.715226268,Withdrawal,911
T005920,C0836,2025-10-27 10:15:53.479456620,Withdrawal,5457
T005921,C2395,2025-10-27 11:28:44.243686972,Withdrawal,5952
T005922,C2058,2025-10-27 12:41:35.007917324,Transfer,16456
T005923,C0087,2025-10-27 13:54:25.772147680,Deposit,2763
T005924,C1363,2025-10-27 15:07:16.536378032,Withdrawal,3459
T005925,C0004,2025-10-27 16:20:07.300608384,Deposit,477
T005926,C1221,2025-10-27 17:32:58.064838736,Deposit,513
T005927,C1845,2025-10-27 18:45:48.829069088,Deposit,1662
T005928,C1522,2025-10-27 19:58:39.593299440,Deposit,1238
T005929,C2321,2025-10-27 21:11:30.357529792,Deposit,1630
T005930,C1978,2025-10-27 22:24:21.121760148,Withdrawal,1050
T005931,C1475,2025-10-27 23:37:11.885990500,Withdrawal,1853
T005932,C1131,2025-10-28 00:50:02.650220852,Withdrawal,1604
T005933,C0881,2025-10-28 02:02:53.414451204,Withdrawal,2136
T005934,C1402,2025-10-28 03:15:44.178681556,Withdrawal,4297
T005935,C1976,2025-10-28 04:28:34.942911908,Deposit,634
T005936,C0936,2025-10-28 05:41:25.707142260,Deposit,229
T005937,C1879,2025-10-28 06:54:16.471372612,Transfer,6966
T005938,C1751,2025-10-28 08:07:07.235602968,Withdrawal,1406
T005939,C0002,2025-10-28 09:19:57.999833320,Deposit,10303
T005940,C1145,2025-10-28 10:32:48.764063672,Deposit,3527
T005941,C1639,2025-10-28 11:45:39.528294024,Deposit,2324
T005942,C0149,2025-10-28 12:58:30.292524376,Transfer,1708
T005943,C0152,2025-10-28 14:11:21.056754728,Withdrawal,4859
T005944,C1940,2025-10-28 15:24:11.820985080,Deposit,5670
T005945,C2354,2025-10-28 16:37:02.585215436,Transfer,1803
T005946,C2044,2025-10-28 17:49:53.349445788,Withdrawal,405
T005947,C1703,2025-10-28 19:02:44.113676140,Withdrawal,254
T005948,C1852,2025-10-28 20:15:34.877906492,Withdrawal,401
T005949,C0475,2025-10-28 21:28:25.642136844,Withdrawal,707
T005950,C1388,2025-10-28 22:41:16.406367196,Deposit,4562
T005951,C0807,2025-10-28 23:54:07.170597548,Withdrawal,989
T005952,C1095,2025-10-29 01:06:57.934827900,Deposit,1034
T005953,C1664,2025-10-29 02:19:48.699058256,Withdrawal,1665
T005954,C2081,2025-10-29 03:32:39.463288608,Deposit,555
T005955,C1181,2025-10-29 04:45:30.227518960,Deposit,1172
T005956,C1354,2025-10-29 05:58:20.991749312,Transfer,11393
T005957,C1731,2025-10-29 07:11:11.755979664,Withdrawal,6771
T005958,C1997,2025-10-29 08:24:02.520210016,Deposit,471
T005959,C1563,2025-10-29 09:36:53.284440368,Transfer,2016
T005960,C1251,2025-10-29 10:49:44.048670724,Withdrawal,606
T005961,C0367,2025-10-29 12:02:34.812901076,Deposit,1572
T005962,C1801,2025-10-29 13:15:25.577131428,Deposit,3693
T005963,C2037,2025-10-29 14:28:16.341361780,Withdrawal,2695
T005964,C2310,2025-10-29 15:41:07.105592132,Deposit,4582
T005965,C2024,2025-10-29 16:53:57.869822484,Transfer,4568
T005966,C0538,2025-10-29 18:06:48.634052836,Deposit,213
T005967,C1555,2025-10-29 19:19:39.398283188,Deposit,715
T005968,C2064,2025-10-29 20:32:30.162513544,Deposit,2625
T005969,C2153,2025-10-29 21:45:20.926743896,Deposit,967
T005970,C0791,2025-10-29 22:58:11.690974248,Withdrawal,1768
T005971,C1227,2025-10-30 00:11:02.455204600,Transfer,1625
T005972,C1949,2025-10-30 01:23:53.219434952,Deposit,1940
T005973,C1702,2025-10-30 02:36:43.983665304,Deposit,4877
T005974,C1083,2025-10-30 03:49:34.747895656,Transfer,5902
T005975,C1009,2025-10-30 05:02:25.512126012,Deposit,1355
T005976,C0048,2025-10-30 06:15:16.276356364,Withdrawal,2873
T005977,C0660,2025-10-30 07:28:07.040586716,Deposit,2775
T005978,C1436,2025-10-30 08:40:57.804817068,Deposit,4471
T005979,C0114,2025-10-30 09:53:48.569047420,Deposit,8384
T005980,C2344,2025-10-30 11:06:39.333277772,Deposit,14656
T005981,C0438,2025-10-30 12:19:30.097508124,Withdrawal,2988
T005982,C2314,2025-10-30 13:32:20.861738476,Deposit,1972
T005983,C0162,2025-10-30 14:45:11.625968832,Deposit,18282
T005984,C0504,2025-10-30 15:58:02.390199184,Withdrawal,1681
T005985,C1060,2025-10-30 17:10:53.154429536,Withdrawal,1703
T005986,C1006,2025-10-30 18:23:43.918659888,Withdrawal,1517
T005987,C1671,2025-10-30 19:36:34.682890240,Deposit,2543
T005988,C1395,2025-10-30 20:49:25.447120592,Deposit,1101
T005989,C1510,2025-10-30 22:02:16.211350944,Withdrawal,4219
T005990,C2320,2025-10-30 23:15:06.975581296,Withdrawal,3994
T005991,C2010,2025-10-31 00:27:57.739811652,Withdrawal,2974
T005992,C0480,2025-10-31 01:40:48.504042004,Deposit,994
T005993,C0957,2025-10-31 02:53:39.268272356,Deposit,5124
T005994,C0159,2025-10-31 04:06:30.032502708,Transfer,2896
T005995,C0755,2025-10-31 05:19:20.796733060,Transfer,792
T005996,C1837,2025-10-31 06:32:11.560963412,Deposit,1358
T005997,C0204,2025-10-31 07:45:02.325193764,Transfer,219
T005998,C0512,2025-10-31 08:57:53.089424120,Deposit,4793
T005999,C1988,2025-10-31 10:10:43.853654472,Transfer,1331
T006000,C0116,2025-10-31 11:23:34.617884824,Withdrawal,2392
T006001,C0392,2025-10-31 12:36:25.382115176,Withdrawal,2395
T006002,C2417,2025-10-31 13:49:16.146345528,Withdrawal,767
T006003,C1239,2025-10-31 15:02:06.910575880,Deposit,923
T006004,C1535,2025-10-31 16:14:57.674806232,Deposit,1338
T006005,C0741,2025-10-31 17:27:48.439036584,Withdrawal,198
T006006,C2375,2025-10-31 18:40:39.203266940,Deposit,952
T006007,C0037,2025-10-31 19:53:29.967497292,Withdrawal,1726
T006008,C0986,2025-10-31 21:06:20.731727644,Withdrawal,1356
T006009,C2428,2025-10-31 22:19:11.495957996,Deposit,20306
T006010,C1536,2025-10-31 23:32:02.260188348,Withdrawal,3002
T006011,C0369,2025-11-01 00:44:53.024418700,Deposit,2352
T006012,C2272,2025-11-01 01:57:43.788649052,Deposit,3234
T006013,C1958,2025-11-01 03:10:34.552879408,Withdrawal,5767
T006014,C0814,2025-11-01 04:23:25.317109760,Withdrawal,284
T006015,C1737,2025-11-01 05:36:16.081340112,Deposit,1269
T006016,C1124,2025-11-01 06:49:06.845570464,Deposit,2277
T006017,C1099,2025-11-01 08:01:57.609800816,Withdrawal,442
T006018,C1392,2025-11-01 09:14:48.374031168,Deposit,1327
T006019,C2111,2025-11-01 10:27:39.138261520,Transfer,15201
T006020,C1648,2025-11-01 11:40:29.902491872,Transfer,4948
T006021,C2032,2025-11-01 12:53:20.666722228,Deposit,438
T006022,C1679,2025-11-01 14:06:11.430952580,Transfer,1634
T006023,C2147,2025-11-01 15:19:02.195182932,Deposit,768
T006024,C0075,2025-11-01 16:31:52.959413284,Withdrawal,3389
T006025,C1814,2025-11-01 17:44:43.723643636,Deposit,1322
T006026,C2232,2025-11-01 18:57:34.487873988,Deposit,3380
T006027,C1273,2025-11-01 20:10:25.252104340,Transfer,406
T006028,C1980,2025-11-01 21:23:16.016334696,Withdrawal,1144
T006029,C2188,2025-11-01 22:36:06.780565048,Withdrawal,733
T006030,C1927,2025-11-01 23:48:57.544795400,Deposit,660
T006031,C1986,2025-11-02 01:01:48.309025752,Transfer,6436
T006032,C2407,2025-11-02 02:14:39.073256104,Deposit,906
T006033,C1577,2025-11-02 03:27:29.837486456,Deposit,580
T006034,C1470,2025-11-02 04:40:20.601716808,Deposit,3873
T006035,C0980,2025-11-02 05:53:11.365947160,Transfer,4006
T006036,C1256,2025-11-02 07:06:02.130177516,Deposit,860
T006037,C1642,2025-11-02 08:18:52.894407868,Deposit,1548
T006038,C0300,2025-11-02 09:31:43.658638220,Withdrawal,1248
T006039,C0426,2025-11-02 10:44:34.422868572,Withdrawal,3261
T006040,C2209,2025-11-02 11:57:25.187098924,Deposit,163
T006041,C0401,2025-11-02 13:10:15.951329276,Withdrawal,714
T006042,C1402,2025-11-02 14:23:06.715559628,Deposit,2686
T006043,C1983,2025-11-02 15:35:57.479789984,Withdrawal,716
T006044,C1942,2025-11-02 16:48:48.244020336,Withdrawal,2462
T006045,C1281,2025-11-02 18:01:39.008250688,Withdrawal,841
T006046,C0741,2025-11-02 19:14:29.772481040,Withdrawal,673
T006047,C0862,2025-11-02 20:27:20.536711392,Deposit,744
T006048,C0494,2025-11-02 21:40:11.300941744,Transfer,2336
T006049,C1206,2025-11-02 22:53:02.065172096,Withdrawal,7460
T006050,C2406,2025-11-03 00:05:52.829402448,Deposit,2515
T006051,C0090,2025-11-03 01:18:43.593632804,Deposit,773
T006052,C0064,2025-11-03 02:31:34.357863156,Withdrawal,226
T006053,C1112,2025-11-03 03:44:25.122093508,Withdrawal,2148
T006054,C1057,2025-11-03 04:57:15.886323860,Deposit,776
T006055,C1096,2025-11-03 06:10:06.650554212,Transfer,2430
T006056,C1580,2025-11-03 07:22:57.414784564,Deposit,1900
T006057,C2301,2025-11-03 08:35:48.179014916,Withdrawal,1646
T006058,C2155,2025-11-03 09:48:38.943245268,Withdrawal,5030
T006059,C0514,2025-11-03 11:01:29.707475624,Transfer,886
T006060,C0136,2025-11-03 12:14:20.471705976,Deposit,5661
T006061,C2457,2025-11-03 13:27:11.235936328,Withdrawal,1152
T006062,C0121,2025-11-03 14:40:02.000166680,Withdrawal,884
T006063,C1502,2025-11-03 15:52:52.764397032,Deposit,2948
T006064,C0824,2025-11-03 17:05:43.528627384,Transfer,3356
T006065,C1118,2025-11-03 18:18:34.292857736,Withdrawal,14764
T006066,C0505,2025-11-03 19:31:25.057088092,Withdrawal,5160
T006067,C2055,2025-11-03 20:44:15.821318444,Transfer,6412
T006068,C1624,2025-11-03 21:57:06.585548796,Withdrawal,4163
T006069,C2239,2025-11-03 23:09:57.349779148,Withdrawal,202
T006070,C1744,2025-11-04 00:22:48.114009500,Deposit,3137
T006071,C2434,2025-11-04 01:35:38.878239852,Withdrawal,4333
T006072,C0803,2025-11-04 02:48:29.642470204,Withdrawal,761
T006073,C0278,2025-11-04 04:01:20.406700556,Withdrawal,973
T006074,C1472,2025-11-04 05:14:11.170930912,Withdrawal,1691
T006075,C0827,2025-11-04 06:27:01.935161264,Withdrawal,240
T006076,C0945,2025-11-04 07:39:52.699391616,Transfer,512
T006077,C2100,2025-11-04 08:52:43.463621968,Withdrawal,2492
T006078,C1429,2025-11-04 10:05:34.227852320,Deposit,1774
T006079,C2444,2025-11-04 11:18:24.992082672,Withdrawal,698
T006080,C0779,2025-11-04 12:31:15.756313024,Withdrawal,570
T006081,C0211,2025-11-04 13:44:06.520543380,Deposit,788
T006082,C0890,2025-11-04 14:56:57.284773732,Transfer,2531
T006083,C2026,2025-11-04 16:09:48.049004084,Deposit,830
T006084,C2318,2025-11-04 17:22:38.813234436,Withdrawal,1547
T006085,C1007,2025-11-04 18:35:29.577464788,Transfer,5438
T006086,C1638,2025-11-04 19:48:20.341695140,Withdrawal,1351
T006087,C0845,2025-11-04 21:01:11.105925492,Withdrawal,3551
T006088,C1016,2025-11-04 22:14:01.870155844,Transfer,3939
T006089,C0398,2025-11-04 23:26:52.634386200,Withdrawal,3264
T006090,C1345,2025-11-05 00:39:43.398616552,Transfer,2535
T006091,C0639,2025-11-05 01:52:34.162846904,Withdrawal,2638
T006092,C0493,2025-11-05 03:05:24.927077256,Withdrawal,1283
T006093,C1630,2025-11-05 04:18:15.691307608,Withdrawal,1625
T006094,C2176,2025-11-05 05:31:06.455537960,Deposit,869
T006095,C2122,2025-11-05 06:43:57.219768312,Transfer,4344
T006096,C1500,2025-11-05 07:56:47.983998668,Transfer,21281
T006097,C2500,2025-11-05 09:09:38.748229020,Withdrawal,1841
T006098,C1486,2025-11-05 10:22:29.512459372,Deposit,5543
T006099,C2486,2025-11-05 11:35:20.276689724,Deposit,1425
T006100,C0448,2025-11-05 12:48:11.040920076,Deposit,2307
T006101,C1126,2025-11-05 14:01:01.805150428,Withdrawal,816
T006102,C0559,2025-11-05 15:13:52.569380780,Deposit,329
T006103,C0970,2025-11-05 16:26:43.333611132,Transfer,14381
T006104,C0937,2025-11-05 17:39:34.097841488,Transfer,1538
T006105,C2331,2025-11-05 18:52:24.862071840,Deposit,9405
T006106,C1228,2025-11-05 20:05:15.626302192,Withdrawal,5409
T006107,C0086,2025-11-05 21:18:06.390532544,Withdrawal,306
T006108,C1348,2025-11-05 22:30:57.154762896,Deposit,8714
T006109,C1949,2025-11-05 23:43:47.918993248,Transfer,2907
T006110,C2212,2025-11-06 00:56:38.683223600,Deposit,4905
T006111,C0877,2025-11-06 02:09:29.447453956,Transfer,1281
T006112,C0206,2025-11-06 03:22:20.211684308,Withdrawal,692
T006113,C1932,2025-11-06 04:35:10.975914660,Withdrawal,2573
T006114,C1453,2025-11-06 05:48:01.740145012,Transfer,2124
T006115,C2196,2025-11-06 07:00:52.504375364,Withdrawal,2642
T006116,C0791,2025-11-06 08:13:43.268605716,Transfer,802
T006117,C1314,2025-11-06 09:26:34.032836068,Withdrawal,242
T006118,C0947,2025-11-06 10:39:24.797066420,Transfer,4606
T006119,C1994,2025-11-06 11:52:15.561296776,Withdrawal,10074
T006120,C1546,2025-11-06 13:05:06.325527128,Deposit,429
T006121,C0557,2025-11-06 14:17:57.089757480,Withdrawal,1047
T006122,C0030,2025-11-06 15:30:47.853987832,Withdrawal,1434
T006123,C1472,2025-11-06 16:43:38.618218184,Transfer,550
T006124,C2273,2025-11-06 17:56:29.382448536,Transfer,1435
T006125,C1410,2025-11-06 19:09:20.146678888,Withdrawal,2697
T006126,C2477,2025-11-06 20:22:10.910909240,Transfer,3069
T006127,C0529,2025-11-06 21:35:01.675139596,Deposit,2770
T006128,C1052,2025-11-06 22:47:52.439369948,Deposit,7940
T006129,C0126,2025-11-07 00:00:43.203600300,Withdrawal,7024
T006130,C0813,2025-11-07 01:13:33.967830652,Withdrawal,396
T006131,C0654,2025-11-07 02:26:24.732061004,Deposit,344
T006132,C0138,2025-11-07 03:39:15.496291356,Withdrawal,2364
T006133,C1361,2025-11-07 04:52:06.260521708,Withdrawal,761
T006134,C0741,2025-11-07 06:04:57.024752064,Deposit,784
T006135,C2262,2025-11-07 07:17:47.788982416,Withdrawal,1934
T006136,C0291,2025-11-07 08:30:38.553212768,Deposit,2118
T006137,C2419,2025-11-07 09:43:29.317443120,Deposit,1542
T006138,C1694,2025-11-07 10:56:20.081673472,Transfer,2310
T006139,C1792,2025-11-07 12:09:10.845903824,Deposit,5118
T006140,C0549,2025-11-07 13:22:01.610134176,Withdrawal,4486
T006141,C1320,2025-11-07 14:34:52.374364528,Withdrawal,3003
T006142,C2467,2025-11-07 15:47:43.138594884,Transfer,1775
T006143,C2409,2025-11-07 17:00:33.902825236,Withdrawal,1482
T006144,C1099,2025-11-07 18:13:24.667055588,Deposit,3029
T006145,C1396,2025-11-07 19:26:15.431285940,Transfer,778
T006146,C1545,2025-11-07 20:39:06.195516292,Withdrawal,9508
T006147,C1130,2025-11-07 21:51:56.959746644,Deposit,1655
T006148,C2415,2025-11-07 23:04:47.723976996,Deposit,2029
T006149,C0402,2025-11-08 00:17:38.488207352,Transfer,665
T006150,C1781,2025-11-08 01:30:29.252437704,Withdrawal,4969
T006151,C2151,2025-11-08 02:43:20.016668056,Transfer,2966
T006152,C0787,2025-11-08 03:56:10.780898408,Deposit,1101
T006153,C2373,2025-11-08 05:09:01.545128760,Withdrawal,7231
T006154,C0373,2025-11-08 06:21:52.309359112,Deposit,535
T006155,C0338,2025-11-08 07:34:43.073589464,Withdrawal,930
T006156,C1057,2025-11-08 08:47:33.837819816,Transfer,421
T006157,C1446,2025-11-08 10:00:24.602050172,Deposit,3184
T006158,C1293,2025-11-08 11:13:15.366280524,Deposit,2504
T006159,C1969,2025-11-08 12:26:06.130510876,Withdrawal,1310
T006160,C1097,2025-11-08 13:38:56.894741228,Deposit,477
T006161,C1882,2025-11-08 14:51:47.658971580,Withdrawal,1088
T006162,C1205,2025-11-08 16:04:38.423201932,Deposit,507
T006163,C1921,2025-11-08 17:17:29.187432284,Transfer,2287
T006164,C2039,2025-11-08 18:30:19.951662640,Deposit,183
T006165,C1733,2025-11-08 19:43:10.715892992,Transfer,5074
T006166,C1831,2025-11-08 20:56:01.480123344,Withdrawal,1364
T006167,C0032,2025-11-08 22:08:52.244353696,Deposit,6139
T006168,C1969,2025-11-08 23:21:43.008584048,Deposit,1184
T006169,C2223,2025-11-09 00:34:33.772814400,Transfer,423
T006170,C0015,2025-11-09 01:47:24.537044752,Withdrawal,1368
T006171,C0107,2025-11-09 03:00:15.301275104,Deposit,741
T006172,C0469,2025-11-09 04:13:06.065505460,Deposit,1331
T006173,C0202,2025-11-09 05:25:56.829735812,Deposit,1272
T006174,C1912,2025-11-09 06:38:47.593966164,Withdrawal,4817
T006175,C1795,2025-11-09 07:51:38.358196516,Withdrawal,3415
T006176,C1409,2025-11-09 09:04:29.122426868,Withdrawal,1155
T006177,C0917,2025-11-09 10:17:19.886657220,Transfer,1190
T006178,C0336,2025-11-09 11:30:10.650887572,Deposit,1202
T006179,C1685,2025-11-09 12:43:01.415117924,Deposit,373
T006180,C2153,2025-11-09 13:55:52.179348280,Withdrawal,435
T006181,C2251,2025-11-09 15:08:42.943578632,Withdrawal,5788
T006182,C0065,2025-11-09 16:21:33.707808984,Transfer,2264
T006183,C0553,2025-11-09 17:34:24.472039336,Withdrawal,547
T006184,C0224,2025-11-09 18:47:15.236269688,Deposit,1505
T006185,C2428,2025-11-09 20:00:06.000500040,Withdrawal,13436
T006186,C2303,2025-11-09 21:12:56.764730392,Deposit,8475
T006187,C2016,2025-11-09 22:25:47.528960748,Withdrawal,223
T006188,C1322,2025-11-09 23:38:38.293191100,Withdrawal,1679
T006189,C2219,2025-11-10 00:51:29.057421452,Withdrawal,2097
T006190,C0613,2025-11-10 02:04:19.821651804,Deposit,6052
T006191,C0652,2025-11-10 03:17:10.585882156,Transfer,1497
T006192,C0718,2025-11-10 04:30:01.350112508,Deposit,10618
T006193,C1388,2025-11-10 05:42:52.114342860,Deposit,4670
T006194,C2121,2025-11-10 06:55:42.878573212,Deposit,3378
T006195,C1084,2025-11-10 08:08:33.642803568,Withdrawal,1562
T006196,C2384,2025-11-10 09:21:24.407033920,Withdrawal,1063
T006197,C0668,2025-11-10 10:34:15.171264272,Deposit,1171
T006198,C0014,2025-11-10 11:47:05.935494624,Withdrawal,766
T006199,C1440,2025-11-10 12:59:56.699724976,Deposit,2033
T006200,C2075,2025-11-10 14:12:47.463955328,Deposit,12126
T006201,C1074,2025-11-10 15:25:38.228185680,Withdrawal,1878
T006202,C2235,2025-11-10 16:38:28.992416036,Deposit,6728
T006203,C0771,2025-11-10 17:51:19.756646388,Deposit,7085
T006204,C0990,2025-11-10 19:04:10.520876740,Deposit,5017
T006205,C0538,2025-11-10 20:17:01.285107092,Deposit,706
T006206,C2021,2025-11-10 21:29:52.049337444,Transfer,8370
T006207,C0936,2025-11-10 22:42:42.813567796,Transfer,777
T006208,C2419,2025-11-10 23:55:33.577798148,Transfer,6987
T006209,C2134,2025-11-11 01:08:24.342028500,Deposit,1344
T006210,C2208,2025-11-11 02:21:15.106258856,Transfer,3232
T006211,C2473,2025-11-11 03:34:05.870489208,Withdrawal,2450
T006212,C1903,2025-11-11 04:46:56.634719560,Transfer,5258
T006213,C1736,2025-11-11 05:59:47.398949912,Transfer,5559
T006214,C1415,2025-11-11 07:12:38.163180264,Withdrawal,623
T006215,C2323,2025-11-11 08:25:28.927410616,Deposit,3020
T006216,C1313,2025-11-11 09:38:19.691640968,Withdrawal,3842
T006217,C2038,2025-11-11 10:51:10.455871324,Deposit,297
T006218,C0258,2025-11-11 12:04:01.220101676,Deposit,268
T006219,C0963,2025-11-11 13:16:51.984332028,Deposit,754
T006220,C1244,2025-11-11 14:29:42.748562380,Withdrawal,2053
T006221,C0533,2025-11-11 15:42:33.512792732,Deposit,1294
T006222,C1870,2025-11-11 16:55:24.277023084,Transfer,2181
T006223,C1384,2025-11-11 18:08:15.041253436,Deposit,1404
T006224,C1654,2025-11-11 19:21:05.805483788,Withdrawal,387
T006225,C0113,2025-11-11 20:33:56.569714144,Deposit,1410
T006226,C1300,2025-11-11 21:46:47.333944496,Transfer,291
T006227,C2305,2025-11-11 22:59:38.098174848,Withdrawal,1881
T006228,C0329,2025-11-12 00:12:28.862405200,Deposit,649
T006229,C0051,2025-11-12 01:25:19.626635552,Withdrawal,4937
T006230,C1702,2025-11-12 02:38:10.390865904,Deposit,4964
T006231,C0221,2025-11-12 03:51:01.155096256,Withdrawal,1016
T006232,C1254,2025-11-12 05:03:51.919326612,Withdrawal,3469
T006233,C0222,2025-11-12 06:16:42.683556964,Deposit,6868
T006234,C0943,2025-11-12 07:29:33.447787316,Withdrawal,2730
T006235,C1078,2025-11-12 08:42:24.212017668,Deposit,1046
T006236,C1655,2025-11-12 09:55:14.976248020,Withdrawal,6121
T006237,C1959,2025-11-12 11:08:05.740478372,Withdrawal,1581
T006238,C1297,2025-11-12 12:20:56.504708724,Withdrawal,411
T006239,C2246,2025-11-12 13:33:47.268939076,Transfer,747
T006240,C2176,2025-11-12 14:46:38.033169432,Withdrawal,3402
T006241,C1628,2025-11-12 15:59:28.797399784,Withdrawal,670
T006242,C1033,2025-11-12 17:12:19.561630136,Transfer,4885
T006243,C0987,2025-11-12 18:25:10.325860488,Transfer,1174
T006244,C0227,2025-11-12 19:38:01.090090840,Withdrawal,2620
T006245,C1988,2025-11-12 20:50:51.854321192,Transfer,1383
T006246,C2263,2025-11-12 22:03:42.618551544,Transfer,3472
T006247,C0855,2025-11-12 23:16:33.382781896,Deposit,2945
T006248,C2473,2025-11-13 00:29:24.147012252,Deposit,2938
T006249,C1476,2025-11-13 01:42:14.911242604,Withdrawal,2417
T006250,C2366,2025-11-13 02:55:05.675472956,Transfer,1994
T006251,C2408,2025-11-13 04:07:56.439703308,Deposit,9296
T006252,C0936,2025-11-13 05:20:47.203933660,Withdrawal,481
T006253,C0958,2025-11-13 06:33:37.968164012,Transfer,1673
T006254,C1320,2025-11-13 07:46:28.732394364,Transfer,2635
T006255,C2246,2025-11-13 08:59:19.496624720,Withdrawal,2006
T006256,C1594,2025-11-13 10:12:10.260855072,Deposit,8926
T006257,C2446,2025-11-13 11:25:01.025085424,Deposit,1781
T006258,C0242,2025-11-13 12:37:51.789315776,Transfer,7947
T006259,C2477,2025-11-13 13:50:42.553546128,Transfer,7197
T006260,C2054,2025-11-13 15:03:33.317776480,Transfer,682
T006261,C1815,2025-11-13 16:16:24.082006832,Transfer,2338
T006262,C1297,2025-11-13 17:29:14.846237184,Deposit,1280
T006263,C1648,2025-11-13 18:42:05.610467540,Withdrawal,5244
T006264,C0360,2025-11-13 19:54:56.374697892,Deposit,486
T006265,C1165,2025-11-13 21:07:47.138928244,Withdrawal,684
T006266,C1534,2025-11-13 22:20:37.903158596,Deposit,1005
T006267,C2001,2025-11-13 23:33:28.667388948,Deposit,446
T006268,C0503,2025-11-14 00:46:19.431619300,Transfer,868
T006269,C1590,2025-11-14 01:59:10.195849652,Withdrawal,939
T006270,C2275,2025-11-14 03:12:00.960080008,Transfer,378
T006271,C0109,2025-11-14 04:24:51.724310360,Withdrawal,3240
T006272,C0743,2025-11-14 05:37:42.488540712,Deposit,228
T006273,C1344,2025-11-14 06:50:33.252771064,Withdrawal,8527
T006274,C0811,2025-11-14 08:03:24.017001416,Transfer,4801
T006275,C0786,2025-11-14 09:16:14.781231768,Withdrawal,5572
T006276,C0228,2025-11-14 10:29:05.545462120,Transfer,1006
T006277,C0852,2025-11-14 11:41:56.309692472,Deposit,168
T006278,C0828,2025-11-14 12:54:47.073922828,Deposit,1634
T006279,C0379,2025-11-14 14:07:37.838153180,Transfer,319
T006280,C1607,2025-11-14 15:20:28.602383532,Deposit,283
T006281,C2026,2025-11-14 16:33:19.366613884,Withdrawal,2218
T006282,C2433,2025-11-14 17:46:10.130844236,Deposit,10216
T006283,C2161,2025-11-14 18:59:00.895074588,Withdrawal,675
T006284,C2339,2025-11-14 20:11:51.659304940,Deposit,1655
T006285,C1129,2025-11-14 21:24:42.423535296,Withdrawal,406
T006286,C1987,2025-11-14 22:37:33.187765648,Transfer,3593
T006287,C0291,2025-11-14 23:50:23.951996000,Deposit,910
T006288,C0060,2025-11-15 01:03:14.716226352,Withdrawal,1801
T006289,C1336,2025-11-15 02:16:05.480456704,Deposit,4198
T006290,C0106,2025-11-15 03:28:56.244687056,Withdrawal,2548
T006291,C2137,2025-11-15 04:41:47.008917408,Deposit,962
T006292,C0900,2025-11-15 05:54:37.773147760,Withdrawal,3387
T006293,C2493,2025-11-15 07:07:28.537378116,Deposit,9003
T006294,C1453,2025-11-15 08:20:19.301608468,Deposit,5327
T006295,C1007,2025-11-15 09:33:10.065838820,Withdrawal,2276
T006296,C1970,2025-11-15 10:46:00.830069172,Transfer,2325
T006297,C0306,2025-11-15 11:58:51.594299524,Deposit,14401
T006298,C0202,2025-11-15 13:11:42.358529876,Withdrawal,688
T006299,C1047,2025-11-15 14:24:33.122760228,Withdrawal,2135
T006300,C0471,2025-11-15 15:37:23.886990584,Deposit,1723
T006301,C2357,2025-11-15 16:50:14.651220936,Withdrawal,876
T006302,C0733,2025-11-15 18:03:05.415451288,Withdrawal,659
T006303,C0376,2025-11-15 19:15:56.179681640,Withdrawal,2877
T006304,C0142,2025-11-15 20:28:46.943911992,Deposit,1311
T006305,C2308,2025-11-15 21:41:37.708142344,Transfer,402
T006306,C1722,2025-11-15 22:54:28.472372696,Deposit,1977
T006307,C1908,2025-11-16 00:07:19.236603048,Deposit,2236
T006308,C1840,2025-11-16 01:20:10.000833404,Withdrawal,1809
T006309,C2426,2025-11-16 02:33:00.765063756,Deposit,3839
T006310,C0348,2025-11-16 03:45:51.529294108,Deposit,825
T006311,C1602,2025-11-16 04:58:42.293524460,Withdrawal,483
T006312,C0828,2025-11-16 06:11:33.057754812,Withdrawal,3090
T006313,C2430,2025-11-16 07:24:23.821985164,Deposit,2423
T006314,C0425,2025-11-16 08:37:14.586215516,Withdrawal,4640
T006315,C1824,2025-11-16 09:50:05.350445868,Transfer,7595
T006316,C1460,2025-11-16 11:02:56.114676224,Transfer,1330
T006317,C0322,2025-11-16 12:15:46.878906576,Deposit,1096
T006318,C2298,2025-11-16 13:28:37.643136928,Withdrawal,581
T006319,C1768,2025-11-16 14:41:28.407367280,Deposit,1717
T006320,C0180,2025-11-16 15:54:19.171597632,Transfer,3203
T006321,C1004,2025-11-16 17:07:09.935827984,Transfer,12810
T006322,C1713,2025-11-16 18:20:00.700058336,Deposit,134
T006323,C0029,2025-11-16 19:32:51.464288692,Withdrawal,1831
T006324,C2034,2025-11-16 20:45:42.228519044,Transfer,3922
T006325,C0738,2025-11-16 21:58:32.992749396,Withdrawal,1545
T006326,C2235,2025-11-16 23:11:23.756979748,Withdrawal,1078
T006327,C0055,2025-11-17 00:24:14.521210100,Transfer,3863
T006328,C1434,2025-11-17 01:37:05.285440452,Transfer,2016
T006329,C2065,2025-11-17 02:49:56.049670804,Withdrawal,1138
T006330,C0088,2025-11-17 04:02:46.813901156,Transfer,2910
T006331,C1082,2025-11-17 05:15:37.578131512,Withdrawal,2198
T006332,C0725,2025-11-17 06:28:28.342361864,Deposit,511
T006333,C1254,2025-11-17 07:41:19.106592216,Withdrawal,2427
T006334,C1178,2025-11-17 08:54:09.870822568,Deposit,1742
T006335,C1297,2025-11-17 10:07:00.635052920,Deposit,511
T006336,C1070,2025-11-17 11:19:51.399283272,Transfer,10470
T006337,C0895,2025-11-17 12:32:42.163513624,Transfer,1429
T006338,C2500,2025-11-17 13:45:32.927743980,Transfer,7312
T006339,C1330,2025-11-17 14:58:23.691974332,Deposit,3698
T006340,C2475,2025-11-17 16:11:14.456204684,Withdrawal,1563
T006341,C2166,2025-11-17 17:24:05.220435036,Transfer,4070
T006342,C1022,2025-11-17 18:36:55.984665388,Transfer,315
T006343,C0251,2025-11-17 19:49:46.748895740,Transfer,2105
T006344,C2451,2025-11-17 21:02:37.513126092,Withdrawal,5780
T006345,C1766,2025-11-17 22:15:28.277356444,Transfer,2086
T006346,C2248,2025-11-17 23:28:19.041586800,Transfer,1839
T006347,C1170,2025-11-18 00:41:09.805817152,Deposit,2186
T006348,C1075,2025-11-18 01:54:00.570047504,Deposit,1767
T006349,C2368,2025-11-18 03:06:51.334277856,Transfer,1846
T006350,C0199,2025-11-18 04:19:42.098508208,Deposit,652
T006351,C1465,2025-11-18 05:32:32.862738560,Deposit,1758
T006352,C2193,2025-11-18 06:45:23.626968912,Deposit,802
T006353,C1083,2025-11-18 07:58:14.391199268,Deposit,3594
T006354,C1731,2025-11-18 09:11:05.155429620,Deposit,4038
T006355,C2191,2025-11-18 10:23:55.919659972,Deposit,1427
T006356,C1124,2025-11-18 11:36:46.683890324,Deposit,12806
T006357,C0526,2025-11-18 12:49:37.448120676,Transfer,1428
T006358,C2170,2025-11-18 14:02:28.212351028,Deposit,2609
T006359,C1489,2025-11-18 15:15:18.976581380,Deposit,1340
T006360,C0265,2025-11-18 16:28:09.740811732,Withdrawal,275
T006361,C2030,2025-11-18 17:41:00.505042088,Withdrawal,3254
T006362,C1244,2025-11-18 18:53:51.269272440,Deposit,886
T006363,C0396,2025-11-18 20:06:42.033502792,Deposit,13077
T006364,C1481,2025-11-18 21:19:32.797733144,Deposit,1714
T006365,C0108,2025-11-18 22:32:23.561963496,Transfer,1010
T006366,C0636,2025-11-18 23:45:14.326193848,Withdrawal,9770
T006367,C1484,2025-11-19 00:58:05.090424200,Deposit,2088
T006368,C0933,2025-11-19 02:10:55.854654556,Transfer,9113
T006369,C1940,2025-11-19 03:23:46.618884908,Deposit,1018
T006370,C1186,2025-11-19 04:36:37.383115260,Deposit,8231
T006371,C0036,2025-11-19 05:49:28.147345612,Withdrawal,2156
T006372,C0413,2025-11-19 07:02:18.911575964,Withdrawal,2118
T006373,C0483,2025-11-19 08:15:09.675806316,Withdrawal,1639
T006374,C0603,2025-11-19 09:28:00.440036668,Deposit,5183
T006375,C1082,2025-11-19 10:40:51.204267020,Withdrawal,2542
T006376,C1164,2025-11-19 11:53:41.968497376,Deposit,474
T006377,C0172,2025-11-19 13:06:32.732727728,Deposit,367
T006378,C0260,2025-11-19 14:19:23.496958080,Withdrawal,768
T006379,C0025,2025-11-19 15:32:14.261188432,Transfer,1268
T006380,C0198,2025-11-19 16:45:05.025418784,Deposit,1453
T006381,C0423,2025-11-19 17:57:55.789649136,Withdrawal,248
T006382,C1142,2025-11-19 19:10:46.553879488,Withdrawal,3613
T006383,C2054,2025-11-19 20:23:37.318109840,Transfer,461
T006384,C1121,2025-11-19 21:36:28.082340196,Deposit,700
T006385,C0072,2025-11-19 22:49:18.846570548,Withdrawal,1038
T006386,C0432,2025-11-20 00:02:09.610800900,Withdrawal,2042
T006387,C0380,2025-11-20 01:15:00.375031252,Deposit,2854
T006388,C1794,2025-11-20 02:27:51.139261604,Withdrawal,301
T006389,C0808,2025-11-20 03:40:41.903491956,Withdrawal,5856
T006390,C0056,2025-11-20 04:53:32.667722308,Transfer,2848
T006391,C1127,2025-11-20 06:06:23.431952664,Withdrawal,1638
T006392,C2264,2025-11-20 07:19:14.196183016,Deposit,1302
T006393,C0021,2025-11-20 08:32:04.960413368,Deposit,612
T006394,C2258,2025-11-20 09:44:55.724643720,Withdrawal,1517
T006395,C0291,2025-11-20 10:57:46.488874072,Withdrawal,6537
T006396,C1995,2025-11-20 12:10:37.253104424,Deposit,1592
T006397,C0835,2025-11-20 13:23:28.017334776,Deposit,22691
T006398,C0188,2025-11-20 14:36:18.781565128,Transfer,2440
T006399,C1175,2025-11-20 15:49:09.545795484,Deposit,1559
T006400,C1985,2025-11-20 17:02:00.310025836,Deposit,4425
T006401,C2239,2025-11-20 18:14:51.074256188,Withdrawal,215
T006402,C2455,2025-11-20 19:27:41.838486540,Withdrawal,1872
T006403,C0214,2025-11-20 20:40:32.602716892,Withdrawal,18363
T006404,C1915,2025-11-20 21:53:23.366947244,Deposit,1551
T006405,C1502,2025-11-20 23:06:14.131177596,Transfer,602
T006406,C0593,2025-11-21 00:19:04.895407952,Deposit,1121
T006407,C0041,2025-11-21 01:31:55.659638304,Withdrawal,4006
T006408,C2418,2025-11-21 02:44:46.423868656,Withdrawal,335
T006409,C0020,2025-11-21 03:57:37.188099008,Deposit,1474
T006410,C1033,2025-11-21 05:10:27.952329360,Withdrawal,495
T006411,C0825,2025-11-21 06:23:18.716559712,Deposit,10697
T006412,C1660,2025-11-21 07:36:09.480790064,Withdrawal,2789
T006413,C1937,2025-11-21 08:49:00.245020416,Withdrawal,3779
T006414,C2066,2025-11-21 10:01:51.009250772,Withdrawal,1964
T006415,C0748,2025-11-21 11:14:41.773481124,Transfer,1544
T006416,C2367,2025-11-21 12:27:32.537711476,Deposit,5364
T006417,C0968,2025-11-21 13:40:23.301941828,Transfer,1566
T006418,C0252,2025-11-21 14:53:14.066172180,Transfer,5044
T006419,C0340,2025-11-21 16:06:04.830402532,Deposit,704
T006420,C1805,2025-11-21 17:18:55.594632884,Transfer,2866
T006421,C2024,2025-11-21 18:31:46.358863240,Withdrawal,1863
T006422,C0401,2025-11-21 19:44:37.123093592,Transfer,831
T006423,C2419,2025-11-21 20:57:27.887323944,Transfer,248
T006424,C2330,2025-11-21 22:10:18.651554296,Transfer,1917
T006425,C2438,2025-11-21 23:23:09.415784648,Deposit,1432
T006426,C0337,2025-11-22 00:36:00.180015000,Withdrawal,3458
T006427,C1924,2025-11-22 01:48:50.944245352,Withdrawal,4459
T006428,C1369,2025-11-22 03:01:41.708475704,Deposit,675
T006429,C2321,2025-11-22 04:14:32.472706060,Deposit,2356
T006430,C1878,2025-11-22 05:27:23.236936412,Withdrawal,7182
T006431,C1398,2025-11-22 06:40:14.001166764,Transfer,1008
T006432,C1920,2025-11-22 07:53:04.765397116,Transfer,1341
T006433,C0006,2025-11-22 09:05:55.529627468,Transfer,10753
T006434,C1438,2025-11-22 10:18:46.293857820,Deposit,3139
T006435,C0586,2025-11-22 11:31:37.058088172,Withdrawal,982
T006436,C1522,2025-11-22 12:44:27.822318528,Withdrawal,942
T006437,C1080,2025-11-22 13:57:18.586548880,Deposit,4052
T006438,C0822,2025-11-22 15:10:09.350779232,Deposit,789
T006439,C0238,2025-11-22 16:23:00.115009584,Deposit,316
T006440,C2489,2025-11-22 17:35:50.879239936,Transfer,2778
T006441,C0858,2025-11-22 18:48:41.643470288,Transfer,1021
T006442,C2306,2025-11-22 20:01:32.407700640,Transfer,157
T006443,C2096,2025-11-22 21:14:23.171930992,Withdrawal,1226
T006444,C2187,2025-11-22 22:27:13.936161348,Deposit,887
T006445,C1226,2025-11-22 23:40:04.700391700,Transfer,692
T006446,C0654,2025-11-23 00:52:55.464622052,Deposit,485
T006447,C1340,2025-11-23 02:05:46.228852404,Withdrawal,2400
T006448,C0461,2025-11-23 03:18:36.993082756,Deposit,466
T006449,C1199,2025-11-23 04:31:27.757313108,Transfer,2597
T006450,C1063,2025-11-23 05:44:18.521543460,Deposit,2283
T006451,C2027,2025-11-23 06:57:09.285773812,Deposit,1621
T006452,C0433,2025-11-23 08:10:00.050004168,Withdrawal,13463
T006453,C1609,2025-11-23 09:22:50.814234520,Deposit,2348
T006454,C1082,2025-11-23 10:35:41.578464872,Transfer,7143
T006455,C2010,2025-11-23 11:48:32.342695224,Deposit,1874
T006456,C1809,2025-11-23 13:01:23.106925576,Transfer,3424
T006457,C1158,2025-11-23 14:14:13.871155928,Withdrawal,913
T006458,C0655,2025-11-23 15:27:04.635386280,Withdrawal,1620
T006459,C1533,2025-11-23 16:39:55.399616636,Transfer,714
T006460,C1987,2025-11-23 17:52:46.163846988,Withdrawal,2091
T006461,C0156,2025-11-23 19:05:36.928077340,Deposit,2169
T006462,C0201,2025-11-23 20:18:27.692307692,Deposit,1387
T006463,C1964,2025-11-23 21:31:18.456538044,Deposit,3132
T006464,C0499,2025-11-23 22:44:09.220768396,Withdrawal,2197
T006465,C1426,2025-11-23 23:56:59.984998748,Deposit,15956
T006466,C2208,2025-11-24 01:09:50.749229100,Deposit,3121
T006467,C1235,2025-11-24 02:22:41.513459456,Deposit,2418
T006468,C2047,2025-11-24 03:35:32.277689808,Withdrawal,760
T006469,C1477,2025-11-24 04:48:23.041920160,Deposit,5462
T006470,C0831,2025-11-24 06:01:13.806150512,Transfer,4593
T006471,C0972,2025-11-24 07:14:04.570380864,Deposit,272
T006472,C1338,2025-11-24 08:26:55.334611216,Withdrawal,14105
T006473,C2479,2025-11-24 09:39:46.098841568,Transfer,2936
T006474,C1406,2025-11-24 10:52:36.863071924,Deposit,2069
T006475,C2026,2025-11-24 12:05:27.627302276,Transfer,1271
T006476,C1979,2025-11-24 13:18:18.391532628,Withdrawal,2320
T006477,C1343,2025-11-24 14:31:09.155762980,Transfer,813
T006478,C2165,2025-11-24 15:43:59.919993332,Withdrawal,611
T006479,C0203,2025-11-24 16:56:50.684223684,Deposit,365
T006480,C1845,2025-11-24 18:09:41.448454036,Transfer,5615
T006481,C0962,2025-11-24 19:22:32.212684388,Withdrawal,687
T006482,C0462,2025-11-24 20:35:22.976914744,Deposit,4582
T006483,C1874,2025-11-24 21:48:13.741145096,Transfer,3730
T006484,C1579,2025-11-24 23:01:04.505375448,Transfer,132
T006485,C0201,2025-11-25 00:13:55.269605800,Deposit,871
T006486,C0516,2025-11-25 01:26:46.033836152,Deposit,889
T006487,C1776,2025-11-25 02:39:36.798066504,Withdrawal,2347
T006488,C1230,2025-11-25 03:52:27.562296856,Transfer,2270
T006489,C1355,2025-11-25 05:05:18.326527212,Deposit,3540
T006490,C0744,2025-11-25 06:18:09.090757564,Withdrawal,2527
T006491,C0875,2025-11-25 07:30:59.854987916,Withdrawal,5132
T006492,C2395,2025-11-25 08:43:50.619218268,Deposit,403
T006493,C2397,2025-11-25 09:56:41.383448620,Withdrawal,1546
T006494,C1276,2025-11-25 11:09:32.147678972,Deposit,2371
T006495,C1630,2025-11-25 12:22:22.911909324,Withdrawal,826
T006496,C0394,2025-11-25 13:35:13.676139676,Withdrawal,2555
T006497,C2017,2025-11-25 14:48:04.440370032,Deposit,2121
T006498,C0978,2025-11-25 16:00:55.204600384,Transfer,3880
T006499,C0167,2025-11-25 17:13:45.968830736,Deposit,1617
T006500,C0976,2025-11-25 18:26:36.733061088,Withdrawal,1359
T006501,C2029,2025-11-25 19:39:27.497291440,Withdrawal,3566
T006502,C0452,2025-11-25 20:52:18.261521792,Deposit,4378
T006503,C0860,2025-11-25 22:05:09.025752144,Deposit,1700
T006504,C0210,2025-11-25 23:17:59.789982500,Deposit,1457
T006505,C0768,2025-11-26 00:30:50.554212852,Deposit,3358
T006506,C1609,2025-11-26 01:43:41.318443204,Transfer,1948
T006507,C0214,2025-11-26 02:56:32.082673556,Withdrawal,2235
T006508,C1802,2025-11-26 04:09:22.846903908,Transfer,1994
T006509,C1687,2025-11-26 05:22:13.611134260,Withdrawal,13275
T006510,C0973,2025-11-26 06:35:04.375364612,Deposit,2120
T006511,C1421,2025-11-26 07:47:55.139594964,Deposit,1812
T006512,C0304,2025-11-26 09:00:45.903825320,Deposit,3610
T006513,C1836,2025-11-26 10:13:36.668055672,Deposit,24942
T006514,C0861,2025-11-26 11:26:27.432286024,Withdrawal,1842
T006515,C1856,2025-11-26 12:39:18.196516376,Deposit,403
T006516,C2168,2025-11-26 13:52:08.960746728,Withdrawal,380
T006517,C1864,2025-11-26 15:04:59.724977080,Deposit,2182
T006518,C1634,2025-11-26 16:17:50.489207432,Withdrawal,2121
T006519,C2475,2025-11-26 17:30:41.253437784,Deposit,2567
T006520,C1568,2025-11-26 18:43:32.017668140,Withdrawal,3694
T006521,C0945,2025-11-26 19:56:22.781898492,Deposit,4698
T006522,C2378,2025-11-26 21:09:13.546128844,Deposit,1546
T006523,C1250,2025-11-26 22:22:04.310359196,Deposit,3594
T006524,C1751,2025-11-26 23:34:55.074589548,Deposit,10094
T006525,C0564,2025-11-27 00:47:45.838819900,Deposit,405
T006526,C0180,2025-11-27 02:00:36.603050252,Deposit,13240
T006527,C0290,2025-11-27 03:13:27.367280608,Transfer,6572
T006528,C0187,2025-11-27 04:26:18.131510960,Deposit,2386
T006529,C0486,2025-11-27 05:39:08.895741312,Transfer,1987
T006530,C1361,2025-11-27 06:51:59.659971664,Withdrawal,1294
T006531,C0773,2025-11-27 08:04:50.424202016,Withdrawal,1088
T006532,C1833,2025-11-27 09:17:41.188432368,Withdrawal,834
T006533,C1058,2025-11-27 10:30:31.952662720,Withdrawal,1194
T006534,C1300,2025-11-27 11:43:22.716893072,Deposit,593
T006535,C0182,2025-11-27 12:56:13.481123428,Deposit,1075
T006536,C1263,2025-11-27 14:09:04.245353780,Withdrawal,1847
T006537,C1372,2025-11-27 15:21:55.009584132,Deposit,2069
T006538,C0146,2025-11-27 16:34:45.773814484,Withdrawal,3886
T006539,C1068,2025-11-27 17:47:36.538044836,Transfer,2643
T006540,C1840,2025-11-27 19:00:27.302275188,Withdrawal,5438
T006541,C0499,2025-11-27 20:13:18.066505540,Deposit,357
T006542,C0803,2025-11-27 21:26:08.830735896,Deposit,1340
T006543,C1999,2025-11-27 22:38:59.594966248,Deposit,2822
T006544,C1319,2025-11-27 23:51:50.359196600,Withdrawal,16274
T006545,C2023,2025-11-28 01:04:41.123426952,Withdrawal,265
T006546,C0531,2025-11-28 02:17:31.887657304,Withdrawal,2754
T006547,C2259,2025-11-28 03:30:22.651887656,Deposit,966
T006548,C1363,2025-11-28 04:43:13.416118008,Deposit,236
T006549,C2053,2025-11-28 05:56:04.180348360,Transfer,4172
T006550,C2359,2025-11-28 07:08:54.944578716,Deposit,7544
T006551,C2210,2025-11-28 08:21:45.708809068,Deposit,809
T006552,C0216,2025-11-28 09:34:36.473039420,Deposit,1288
T006553,C0786,2025-11-28 10:47:27.237269772,Deposit,2766
T006554,C1636,2025-11-28 12:00:18.001500124,Transfer,785
T006555,C1992,2025-11-28 13:13:08.765730476,Deposit,5331
T006556,C1985,2025-11-28 14:25:59.529960828,Withdrawal,1553
T006557,C2300,2025-11-28 15:38:50.294191184,Deposit,1345
T006558,C0228,2025-11-28 16:51:41.058421536,Withdrawal,3538
T006559,C1958,2025-11-28 18:04:31.822651888,Transfer,716
T006560,C0909,2025-11-28 19:17:22.586882240,Deposit,4123
T006561,C1661,2025-11-28 20:30:13.351112592,Deposit,777
T006562,C0285,2025-11-28 21:43:04.115342944,Deposit,1128
T006563,C2011,2025-11-28 22:55:54.879573296,Withdrawal,11852
T006564,C2414,2025-11-29 00:08:45.643803648,Withdrawal,1406
T006565,C1644,2025-11-29 01:21:36.408034004,Transfer,2238
T006566,C1128,2025-11-29 02:34:27.172264356,Deposit,740
T006567,C1270,2025-11-29 03:47:17.936494708,Withdrawal,1632
T006568,C1701,2025-11-29 05:00:08.700725060,Deposit,650
T006569,C2240,2025-11-29 06:12:59.464955412,Deposit,9080
T006570,C0644,2025-11-29 07:25:50.229185764,Withdrawal,3269
T006571,C0026,2025-11-29 08:38:40.993416116,Transfer,378
T006572,C2046,2025-11-29 09:51:31.757646472,Deposit,2394
T006573,C0712,2025-11-29 11:04:22.521876824,Deposit,708
T006574,C2241,2025-11-29 12:17:13.286107176,Withdrawal,2112
T006575,C2429,2025-11-29 13:30:04.050337528,Withdrawal,323
T006576,C1026,2025-11-29 14:42:54.814567880,Transfer,1895
T006577,C1627,2025-11-29 15:55:45.578798232,Deposit,946
T006578,C1069,2025-11-29 17:08:36.343028584,Withdrawal,5051
T006579,C0939,2025-11-29 18:21:27.107258936,Deposit,1175
T006580,C0003,2025-11-29 19:34:17.871489292,Withdrawal,4742
T006581,C1473,2025-11-29 20:47:08.635719644,Deposit,1073
T006582,C1159,2025-11-29 21:59:59.399949996,Deposit,875
T006583,C1315,2025-11-29 23:12:50.164180348,Transfer,3220
T006584,C2326,2025-11-30 00:25:40.928410700,Withdrawal,1355
T006585,C0176,2025-11-30 01:38:31.692641052,Deposit,4268
T006586,C2330,2025-11-30 02:51:22.456871404,Withdrawal,1338
T006587,C1144,2025-11-30 04:04:13.221101756,Withdrawal,4851
T006588,C1798,2025-11-30 05:17:03.985332112,Deposit,3166
T006589,C0951,2025-11-30 06:29:54.749562464,Withdrawal,3438
T006590,C0341,2025-11-30 07:42:45.513792816,Withdrawal,6153
T006591,C0121,2025-11-30 08:55:36.278023168,Deposit,123
T006592,C0575,2025-11-30 10:08:27.042253520,Transfer,298
T006593,C1921,2025-11-30 11:21:17.806483872,Withdrawal,1059
T006594,C1685,2025-11-30 12:34:08.570714224,Transfer,103
T006595,C1517,2025-11-30 13:46:59.334944580,Withdrawal,381
T006596,C2324,2025-11-30 14:59:50.099174932,Withdrawal,2441
T006597,C0969,2025-11-30 16:12:40.863405284,Deposit,1342
T006598,C2077,2025-11-30 17:25:31.627635636,Withdrawal,474
T006599,C1835,2025-11-30 18:38:22.391865988,Withdrawal,2342
T006600,C0685,2025-11-30 19:51:13.156096340,Deposit,3414
T006601,C2369,2025-11-30 21:04:03.920326692,Withdrawal,9111
T006602,C0643,2025-11-30 22:16:54.684557044,Deposit,937
T006603,C2400,2025-11-30 23:29:45.448787400,Transfer,414
T006604,C1105,2025-12-01 00:42:36.213017752,Transfer,3747
T006605,C1317,2025-12-01 01:55:26.977248104,Withdrawal,3113
T006606,C0294,2025-12-01 03:08:17.741478456,Deposit,1253
T006607,C1521,2025-12-01 04:21:08.505708808,Withdrawal,1451
T006608,C0747,2025-12-01 05:33:59.269939160,Withdrawal,843
T006609,C0733,2025-12-01 06:46:50.034169512,Transfer,630
T006610,C1582,2025-12-01 07:59:40.798399868,Deposit,990
T006611,C2428,2025-12-01 09:12:31.562630220,Withdrawal,9842
T006612,C0324,2025-12-01 10:25:22.326860572,Deposit,4430
T006613,C1086,2025-12-01 11:38:13.091090924,Withdrawal,1830
T006614,C0362,2025-12-01 12:51:03.855321276,Transfer,269
T006615,C2101,2025-12-01 14:03:54.619551628,Transfer,2020
T006616,C0402,2025-12-01 15:16:45.383781980,Withdrawal,642
T006617,C1587,2025-12-01 16:29:36.148012332,Withdrawal,793
T006618,C0681,2025-12-01 17:42:26.912242688,Transfer,982
T006619,C1893,2025-12-01 18:55:17.676473040,Withdrawal,3218
T006620,C0993,2025-12-01 20:08:08.440703392,Deposit,867
T006621,C1473,2025-12-01 21:20:59.204933744,Transfer,1082
T006622,C1107,2025-12-01 22:33:49.969164096,Deposit,406
T006623,C2427,2025-12-01 23:46:40.733394448,Withdrawal,3376
T006624,C0933,2025-12-02 00:59:31.497624800,Deposit,5101
T006625,C1804,2025-12-02 02:12:22.261855156,Deposit,1057
T006626,C2028,2025-12-02 03:25:13.026085508,Withdrawal,2372
T006627,C0081,2025-12-02 04:38:03.790315860,Withdrawal,1062
T006628,C1260,2025-12-02 05:50:54.554546212,Deposit,6255
T006629,C0741,2025-12-02 07:03:45.318776564,Deposit,4956
T006630,C1681,2025-12-02 08:16:36.083006916,Deposit,633
T006631,C0325,2025-12-02 09:29:26.847237268,Withdrawal,8631
T006632,C1080,2025-12-02 10:42:17.611467620,Deposit,10405
T006633,C2362,2025-12-02 11:55:08.375697976,Transfer,758
T006634,C1235,2025-12-02 13:07:59.139928328,Deposit,4610
T006635,C0103,2025-12-02 14:20:49.904158680,Transfer,4738
T006636,C2487,2025-12-02 15:33:40.668389032,Withdrawal,2506
T006637,C0817,2025-12-02 16:46:31.432619384,Deposit,548
T006638,C0747,2025-12-02 17:59:22.196849736,Deposit,1580
T006639,C2086,2025-12-02 19:12:12.961080088,Transfer,846
T006640,C0813,2025-12-02 20:25:03.725310444,Transfer,4686
T006641,C1248,2025-12-02 21:37:54.489540796,Transfer,1051
T006642,C1317,2025-12-02 22:50:45.253771148,Withdrawal,3915
T006643,C1720,2025-12-03 00:03:36.018001500,Deposit,578
T006644,C2203,2025-12-03 01:16:26.782231852,Deposit,34266
T006645,C1056,2025-12-03 02:29:17.546462204,Deposit,1134
T006646,C1931,2025-12-03 03:42:08.310692556,Deposit,4982
T006647,C1786,2025-12-03 04:54:59.074922908,Withdrawal,3261
T006648,C1357,2025-12-03 06:07:49.839153264,Withdrawal,946
T006649,C1790,2025-12-03 07:20:40.603383616,Withdrawal,3228
T006650,C1682,2025-12-03 08:33:31.367613968,Deposit,1444
T006651,C1765,2025-12-03 09:46:22.131844320,Deposit,354
T006652,C2288,2025-12-03 10:59:12.896074672,Deposit,1715
T006653,C2394,2025-12-03 12:12:03.660305024,Transfer,3421
T006654,C1399,2025-12-03 13:24:54.424535376,Transfer,634
T006655,C2064,2025-12-03 14:37:45.188765728,Deposit,1797
T006656,C0587,2025-12-03 15:50:35.952996084,Withdrawal,1073
T006657,C0260,2025-12-03 17:03:26.717226436,Withdrawal,3024
T006658,C1919,2025-12-03 18:16:17.481456788,Withdrawal,2154
T006659,C2409,2025-12-03 19:29:08.245687140,Deposit,1493
T006660,C1423,2025-12-03 20:41:59.009917492,Withdrawal,2158
T006661,C1947,2025-12-03 21:54:49.774147844,Deposit,683
T006662,C1787,2025-12-03 23:07:40.538378196,Withdrawal,2435
T006663,C0100,2025-12-04 00:20:31.302608552,Deposit,1151
T006664,C2343,2025-12-04 01:33:22.066838904,Withdrawal,5101
T006665,C0929,2025-12-04 02:46:12.831069256,Withdrawal,4339
T006666,C1468,2025-12-04 03:59:03.595299608,Transfer,2195
T006667,C0328,2025-12-04 05:11:54.359529960,Deposit,1331
T006668,C1352,2025-12-04 06:24:45.123760312,Withdrawal,3212
T006669,C1066,2025-12-04 07:37:35.887990664,Transfer,4494
T006670,C2290,2025-12-04 08:50:26.652221016,Deposit,4193
T006671,C1366,2025-12-04 10:03:17.416451372,Withdrawal,1596
T006672,C0459,2025-12-04 11:16:08.180681724,Deposit,290
T006673,C1409,2025-12-04 12:28:58.944912076,Withdrawal,1903
T006674,C1511,2025-12-04 13:41:49.709142428,Deposit,12075
T006675,C0220,2025-12-04 14:54:40.473372780,Withdrawal,2205
T006676,C0859,2025-12-04 16:07:31.237603132,Deposit,3161
T006677,C2312,2025-12-04 17:20:22.001833484,Deposit,7426
T006678,C2169,2025-12-04 18:33:12.766063840,Withdrawal,2036
T006679,C1304,2025-12-04 19:46:03.530294192,Withdrawal,852
T006680,C0435,2025-12-04 20:58:54.294524544,Deposit,1180
T006681,C1270,2025-12-04 22:11:45.058754896,Deposit,1325
T006682,C0280,2025-12-04 23:24:35.822985248,Withdrawal,9821
T006683,C0068,2025-12-05 00:37:26.587215600,Deposit,408
T006684,C1672,2025-12-05 01:50:17.351445952,Deposit,2715
T006685,C0743,2025-12-05 03:03:08.115676304,Withdrawal,382
T006686,C1288,2025-12-05 04:15:58.879906660,Withdrawal,5311
T006687,C2013,2025-12-05 05:28:49.644137012,Deposit,104
T006688,C1706,2025-12-05 06:41:40.408367364,Deposit,117
T006689,C1447,2025-12-05 07:54:31.172597716,Deposit,1180
T006690,C0291,2025-12-05 09:07:21.936828068,Withdrawal,9947
T006691,C2217,2025-12-05 10:20:12.701058420,Withdrawal,5767
T006692,C1486,2025-12-05 11:33:03.465288772,Deposit,481
T006693,C0556,2025-12-05 12:45:54.229519128,Transfer,6718
T006694,C0353,2025-12-05 13:58:44.993749480,Transfer,1981
T006695,C1264,2025-12-05 15:11:35.757979832,Transfer,8264
T006696,C1827,2025-12-05 16:24:26.522210184,Transfer,7527
T006697,C0283,2025-12-05 17:37:17.286440536,Transfer,1442
T006698,C1606,2025-12-05 18:50:08.050670888,Deposit,3498
T006699,C0456,2025-12-05 20:02:58.814901240,Deposit,2089
T006700,C1005,2025-12-05 21:15:49.579131592,Transfer,4702
T006701,C1872,2025-12-05 22:28:40.343361948,Deposit,3602
T006702,C2333,2025-12-05 23:41:31.107592300,Deposit,493
T006703,C2079,2025-12-06 00:54:21.871822652,Deposit,1058
T006704,C2496,2025-12-06 02:07:12.636053004,Withdrawal,2288
T006705,C2262,2025-12-06 03:20:03.400283356,Withdrawal,655
T006706,C1738,2025-12-06 04:32:54.164513708,Deposit,295
T006707,C2445,2025-12-06 05:45:44.928744060,Withdrawal,9733
T006708,C0337,2025-12-06 06:58:35.692974412,Transfer,9202
T006709,C0968,2025-12-06 08:11:26.457204768,Withdrawal,908
T006710,C0903,2025-12-06 09:24:17.221435120,Withdrawal,2231
T006711,C0672,2025-12-06 10:37:07.985665472,Deposit,4908
T006712,C1304,2025-12-06 11:49:58.749895824,Deposit,1150
T006713,C0769,2025-12-06 13:02:49.514126176,Withdrawal,398
T006714,C1715,2025-12-06 14:15:40.278356528,Transfer,2630
T006715,C0479,2025-12-06 15:28:31.042586880,Transfer,813
T006716,C0844,2025-12-06 16:41:21.806817236,Withdrawal,7557
T006717,C1626,2025-12-06 17:54:12.571047588,Deposit,5328
T006718,C1881,2025-12-06 19:07:03.335277940,Withdrawal,3219
T006719,C2118,2025-12-06 20:19:54.099508292,Deposit,12217
T006720,C0505,2025-12-06 21:32:44.863738644,Deposit,2554
T006721,C0110,2025-12-06 22:45:35.627968996,Withdrawal,20724
T006722,C1406,2025-12-06 23:58:26.392199348,Withdrawal,829
T006723,C0397,2025-12-07 01:11:17.156429700,Transfer,1338
T006724,C0351,2025-12-07 02:24:07.920660056,Withdrawal,4933
T006725,C1558,2025-12-07 03:36:58.684890408,Transfer,1165
T006726,C2469,2025-12-07 04:49:49.449120760,Deposit,1631
T006727,C0922,2025-12-07 06:02:40.213351112,Deposit,1265
T006728,C2042,2025-12-07 07:15:30.977581464,Transfer,1771
T006729,C0111,2025-12-07 08:28:21.741811816,Withdrawal,1547
T006730,C0209,2025-12-07 09:41:12.506042168,Deposit,8459
T006731,C1766,2025-12-07 10:54:03.270272524,Withdrawal,576
T006732,C1202,2025-12-07 12:06:54.034502876,Transfer,2025
T006733,C1786,2025-12-07 13:19:44.798733228,Withdrawal,805
T006734,C2473,2025-12-07 14:32:35.562963580,Withdrawal,566
T006735,C2376,2025-12-07 15:45:26.327193932,Withdrawal,723
T006736,C1908,2025-12-07 16:58:17.091424284,Withdrawal,1341
T006737,C0011,2025-12-07 18:11:07.855654636,Transfer,827
T006738,C0856,2025-12-07 19:23:58.619884988,Withdrawal,6561
T006739,C1259,2025-12-07 20:36:49.384115344,Deposit,861
T006740,C2302,2025-12-07 21:49:40.148345696,Withdrawal,1554
T006741,C1590,2025-12-07 23:02:30.912576048,Deposit,1618
T006742,C1502,2025-12-08 00:15:21.676806400,Deposit,938
T006743,C0129,2025-12-08 01:28:12.441036752,Deposit,3667
T006744,C0100,2025-12-08 02:41:03.205267104,Deposit,1180
T006745,C0290,2025-12-08 03:53:53.969497456,Deposit,300
T006746,C1593,2025-12-08 05:06:44.733727812,Withdrawal,413
T006747,C1677,2025-12-08 06:19:35.497958164,Withdrawal,2363
T006748,C1149,2025-12-08 07:32:26.262188516,Deposit,2133
T006749,C1845,2025-12-08 08:45:17.026418868,Deposit,12497
T006750,C1828,2025-12-08 09:58:07.790649220,Withdrawal,4807
T006751,C0665,2025-12-08 11:10:58.554879572,Deposit,6366
T006752,C1371,2025-12-08 12:23:49.319109924,Withdrawal,296
T006753,C0698,2025-12-08 13:36:40.083340276,Withdrawal,2156
T006754,C0183,2025-12-08 14:49:30.847570632,Transfer,2650
T006755,C0351,2025-12-08 16:02:21.611800984,Deposit,1880
T006756,C1820,2025-12-08 17:15:12.376031336,Withdrawal,965
T006757,C1402,2025-12-08 18:28:03.140261688,Withdrawal,784
T006758,C1489,2025-12-08 19:40:53.904492040,Withdrawal,1602
T006759,C0678,2025-12-08 20:53:44.668722392,Transfer,1106
T006760,C0340,2025-12-08 22:06:35.432952744,Withdrawal,1008
T006761,C0111,2025-12-08 23:19:26.197183100,Deposit,2250
T006762,C2309,2025-12-09 00:32:16.961413452,Withdrawal,7368
T006763,C1212,2025-12-09 01:45:07.725643804,Transfer,1764
T006764,C2419,2025-12-09 02:57:58.489874156,Transfer,8092
T006765,C1721,2025-12-09 04:10:49.254104508,Transfer,509981
T006766,C1823,2025-12-09 05:23:40.018334860,Deposit,463
T006767,C2497,2025-12-09 06:36:30.782565212,Withdrawal,2056
T006768,C1730,2025-12-09 07:49:21.546795564,Withdrawal,2958
T006769,C1896,2025-12-09 09:02:12.311025920,Deposit,206
T006770,C1412,2025-12-09 10:15:03.075256272,Deposit,1216
T006771,C1362,2025-12-09 11:27:53.839486624,Transfer,2614
T006772,C1944,2025-12-09 12:40:44.603716976,Withdrawal,1367
T006773,C1353,2025-12-09 13:53:35.367947328,Withdrawal,5282
T006774,C0656,2025-12-09 15:06:26.132177680,Withdrawal,255
T006775,C2197,2025-12-09 16:19:16.896408032,Deposit,1290
T006776,C0350,2025-12-09 17:32:07.660638384,Withdrawal,4061
T006777,C2371,2025-12-09 18:44:58.424868740,Withdrawal,1187
T006778,C1144,2025-12-09 19:57:49.189099092,Withdrawal,424
T006779,C1005,2025-12-09 21:10:39.953329444,Deposit,1476
T006780,C0398,2025-12-09 22:23:30.717559796,Withdrawal,5143
T006781,C0646,2025-12-09 23:36:21.481790148,Deposit,754
T006782,C0413,2025-12-10 00:49:12.246020500,Deposit,2440
T006783,C0037,2025-12-10 02:02:03.010250852,Withdrawal,3095
T006784,C2235,2025-12-10 03:14:53.774481208,Deposit,2129
T006785,C0420,2025-12-10 04:27:44.538711560,Transfer,7348
T006786,C1484,2025-12-10 05:40:35.302941912,Withdrawal,1490
T006787,C2235,2025-12-10 06:53:26.067172264,Withdrawal,1406
T006788,C1102,2025-12-10 08:06:16.831402616,Deposit,458
T006789,C1984,2025-12-10 09:19:07.595632968,Deposit,827
T006790,C1963,2025-12-10 10:31:58.359863320,Withdrawal,1910
T006791,C1398,2025-12-10 11:44:49.124093672,Transfer,1250
T006792,C0810,2025-12-10 12:57:39.888324028,Deposit,5473
T006793,C2378,2025-12-10 14:10:30.652554380,Withdrawal,792
T006794,C0958,2025-12-10 15:23:21.416784732,Deposit,8419
T006795,C0320,2025-12-10 16:36:12.181015084,Withdrawal,1793
T006796,C0514,2025-12-10 17:49:02.945245436,Withdrawal,1228
T006797,C0334,2025-12-10 19:01:53.709475788,Deposit,1018
T006798,C1095,2025-12-10 20:14:44.473706140,Withdrawal,1325
T006799,C0724,2025-12-10 21:27:35.237936496,Transfer,2994
T006800,C0008,2025-12-10 22:40:26.002166848,Withdrawal,338
T006801,C1720,2025-12-10 23:53:16.766397200,Deposit,536
T006802,C2004,2025-12-11 01:06:07.530627552,Deposit,9822
T006803,C0164,2025-12-11 02:18:58.294857904,Transfer,1963
T006804,C0781,2025-12-11 03:31:49.059088256,Withdrawal,4650
T006805,C1319,2025-12-11 04:44:39.823318608,Deposit,4326
T006806,C2406,2025-12-11 05:57:30.587548960,Deposit,1190
T006807,C2129,2025-12-11 07:10:21.351779316,Transfer,4454
T006808,C1299,2025-12-11 08:23:12.116009668,Withdrawal,3382
T006809,C0921,2025-12-11 09:36:02.880240020,Deposit,560
T006810,C1641,2025-12-11 10:48:53.644470372,Deposit,1834
T006811,C1845,2025-12-11 12:01:44.408700724,Transfer,2486
T006812,C1591,2025-12-11 13:14:35.172931076,Withdrawal,500
T006813,C1103,2025-12-11 14:27:25.937161428,Deposit,1897
T006814,C0680,2025-12-11 15:40:16.701391784,Withdrawal,5805
T006815,C1252,2025-12-11 16:53:07.465622136,Deposit,8103
T006816,C0438,2025-12-11 18:05:58.229852488,Withdrawal,1088
T006817,C0946,2025-12-11 19:18:48.994082840,Deposit,718
T006818,C1284,2025-12-11 20:31:39.758313192,Deposit,426
T006819,C0010,2025-12-11 21:44:30.522543544,Deposit,2909
T006820,C0158,2025-12-11 22:57:21.286773896,Deposit,783
T006821,C1182,2025-12-12 00:10:12.051004248,Deposit,6463
T006822,C2368,2025-12-12 01:23:02.815234604,Deposit,4659
T006823,C1226,2025-12-12 02:35:53.579464956,Deposit,1142
T006824,C0121,2025-12-12 03:48:44.343695308,Transfer,797
T006825,C2187,2025-12-12 05:01:35.107925660,Transfer,2711
T006826,C0674,2025-12-12 06:14:25.872156012,Deposit,640
T006827,C2028,2025-12-12 07:27:16.636386364,Withdrawal,3616
T006828,C1284,2025-12-12 08:40:07.400616716,Withdrawal,1078
T006829,C1457,2025-12-12 09:52:58.164847072,Deposit,258
T006830,C0044,2025-12-12 11:05:48.929077424,Deposit,5584
T006831,C0816,2025-12-12 12:18:39.693307776,Withdrawal,6069
T006832,C1379,2025-12-12 13:31:30.457538128,Deposit,1429
T006833,C0098,2025-12-12 14:44:21.221768480,Withdrawal,2684
T006834,C1895,2025-12-12 15:57:11.985998832,Withdrawal,2705
T006835,C2287,2025-12-12 17:10:02.750229184,Deposit,8983
T006836,C0475,2025-12-12 18:22:53.514459536,Withdrawal,1104
T006837,C1416,2025-12-12 19:35:44.278689892,Deposit,100
T006838,C0009,2025-12-12 20:48:35.042920244,Deposit,2137
T006839,C1537,2025-12-12 22:01:25.807150596,Withdrawal,315
T006840,C1413,2025-12-12 23:14:16.571380948,Withdrawal,644
T006841,C1863,2025-12-13 00:27:07.335611300,Deposit,569
T006842,C1234,2025-12-13 01:39:58.099841652,Deposit,1092
T006843,C0616,2025-12-13 02:52:48.864072004,Withdrawal,1084
T006844,C2200,2025-12-13 04:05:39.628302356,Transfer,4784
T006845,C2458,2025-12-13 05:18:30.392532712,Transfer,1658
T006846,C0010,2025-12-13 06:31:21.156763064,Deposit,3920
T006847,C0552,2025-12-13 07:44:11.920993416,Deposit,1004
T006848,C0880,2025-12-13 08:57:02.685223768,Transfer,5213
T006849,C0268,2025-12-13 10:09:53.449454120,Deposit,1267
T006850,C0451,2025-12-13 11:22:44.213684472,Deposit,687
T006851,C2446,2025-12-13 12:35:34.977914824,Withdrawal,823
T006852,C1392,2025-12-13 13:48:25.742145180,Deposit,760
T006853,C1083,2025-12-13 15:01:16.506375532,Deposit,1944
T006854,C0294,2025-12-13 16:14:07.270605884,Deposit,595
T006855,C0952,2025-12-13 17:26:58.034836236,Transfer,1139
T006856,C0869,2025-12-13 18:39:48.799066588,Withdrawal,1661
T006857,C0110,2025-12-13 19:52:39.563296940,Withdrawal,20535
T006858,C1566,2025-12-13 21:05:30.327527292,Withdrawal,1611
T006859,C2155,2025-12-13 22:18:21.091757644,Withdrawal,2651
T006860,C1013,2025-12-13 23:31:11.855988000,Transfer,1112
T006861,C2345,2025-12-14 00:44:02.620218352,Deposit,1804
T006862,C1855,2025-12-14 01:56:53.384448704,Withdrawal,2033
T006863,C1989,2025-12-14 03:09:44.148679056,Deposit,861
T006864,C0845,2025-12-14 04:22:34.912909408,Withdrawal,1819
T006865,C1708,2025-12-14 05:35:25.677139760,Withdrawal,1679
T006866,C2127,2025-12-14 06:48:16.441370112,Deposit,2075
T006867,C2008,2025-12-14 08:01:07.205600468,Withdrawal,3281
T006868,C1274,2025-12-14 09:13:57.969830820,Withdrawal,2469
T006869,C0339,2025-12-14 10:26:48.734061172,Deposit,895
T006870,C2105,2025-12-14 11:39:39.498291524,Deposit,657
T006871,C0147,2025-12-14 12:52:30.262521876,Deposit,462
T006872,C0746,2025-12-14 14:05:21.026752228,Withdrawal,358
T006873,C1041,2025-12-14 15:18:11.790982580,Withdrawal,1419
T006874,C2416,2025-12-14 16:31:02.555212932,Transfer,229
T006875,C1213,2025-12-14 17:43:53.319443288,Deposit,666
T006876,C2296,2025-12-14 18:56:44.083673640,Deposit,914
T006877,C2198,2025-12-14 20:09:34.847903992,Withdrawal,1307
T006878,C0714,2025-12-14 21:22:25.612134344,Withdrawal,596
T006879,C2265,2025-12-14 22:35:16.376364696,Withdrawal,390
T006880,C1611,2025-12-14 23:48:07.140595048,Deposit,1857
T006881,C1419,2025-12-15 01:00:57.904825400,Deposit,6571
T006882,C1787,2025-12-15 02:13:48.669055756,Transfer,1101
T006883,C0304,2025-12-15 03:26:39.433286108,Deposit,1745
T006884,C1582,2025-12-15 04:39:30.197516460,Deposit,2571
T006885,C2451,2025-12-15 05:52:20.961746812,Deposit,9407
T006886,C1878,2025-12-15 07:05:11.725977164,Withdrawal,3265
T006887,C0380,2025-12-15 08:18:02.490207516,Deposit,4967
T006888,C2500,2025-12-15 09:30:53.254437868,Deposit,4020
T006889,C0694,2025-12-15 10:43:44.018668220,Deposit,3223
T006890,C1619,2025-12-15 11:56:34.782898576,Deposit,1281
T006891,C2193,2025-12-15 13:09:25.547128928,Withdrawal,921
T006892,C0050,2025-12-15 14:22:16.311359280,Withdrawal,1398
T006893,C1448,2025-12-15 15:35:07.075589632,Transfer,1050
T006894,C2391,2025-12-15 16:47:57.839819984,Deposit,9487
T006895,C1756,2025-12-15 18:00:48.604050336,Deposit,2264
T006896,C1880,2025-12-15 19:13:39.368280688,Deposit,407
T006897,C0848,2025-12-15 20:26:30.132511044,Deposit,4372
T006898,C1196,2025-12-15 21:39:20.896741396,Withdrawal,1963
T006899,C1513,2025-12-15 22:52:11.660971748,Transfer,4184
T006900,C1383,2025-12-16 00:05:02.425202100,Deposit,696
T006901,C2237,2025-12-16 01:17:53.189432452,Deposit,8960
T006902,C1553,2025-12-16 02:30:43.953662804,Deposit,4118
T006903,C2458,2025-12-16 03:43:34.717893156,Transfer,1467
T006904,C0227,2025-12-16 04:56:25.482123508,Withdrawal,810
T006905,C1808,2025-12-16 06:09:16.246353864,Transfer,10697
T006906,C0213,2025-12-16 07:22:07.010584216,Withdrawal,936
T006907,C0419,2025-12-16 08:34:57.774814568,Withdrawal,936
T006908,C1876,2025-12-16 09:47:48.539044920,Deposit,402
T006909,C0919,2025-12-16 11:00:39.303275272,Transfer,2937
T006910,C0777,2025-12-16 12:13:30.067505624,Withdrawal,3469
T006911,C1554,2025-12-16 13:26:20.831735976,Withdrawal,1839
T006912,C2269,2025-12-16 14:39:11.595966328,Deposit,2592
T006913,C0176,2025-12-16 15:52:02.360196684,Deposit,477
T006914,C1346,2025-12-16 17:04:53.124427036,Deposit,1881
T006915,C0535,2025-12-16 18:17:43.888657388,Deposit,3051
T006916,C1418,2025-12-16 19:30:34.652887740,Transfer,1509
T006917,C1830,2025-12-16 20:43:25.417118092,Withdrawal,206
T006918,C1664,2025-12-16 21:56:16.181348444,Withdrawal,386
T006919,C0324,2025-12-16 23:09:06.945578796,Withdrawal,3033
T006920,C0085,2025-12-17 00:21:57.709809152,Withdrawal,1200
T006921,C0887,2025-12-17 01:34:48.474039504,Deposit,1057
T006922,C0112,2025-12-17 02:47:39.238269856,Deposit,3732
T006923,C0949,2025-12-17 04:00:30.002500208,Transfer,7991
T006924,C1422,2025-12-17 05:13:20.766730560,Deposit,4267
T006925,C0052,2025-12-17 06:26:11.530960912,Withdrawal,1520
T006926,C2132,2025-12-17 07:39:02.295191264,Withdrawal,5163
T006927,C0741,2025-12-17 08:51:53.059421616,Withdrawal,1053
T006928,C0425,2025-12-17 10:04:43.823651972,Transfer,3273
T006929,C1045,2025-12-17 11:17:34.587882324,Deposit,6304
T006930,C1712,2025-12-17 12:30:25.352112676,Withdrawal,2161
T006931,C0056,2025-12-17 13:43:16.116343028,Withdrawal,440
T006932,C0807,2025-12-17 14:56:06.880573380,Transfer,3430
T006933,C0655,2025-12-17 16:08:57.644803732,Transfer,2415
T006934,C1007,2025-12-17 17:21:48.409034084,Deposit,4170
T006935,C0908,2025-12-17 18:34:39.173264440,Deposit,521
T006936,C0008,2025-12-17 19:47:29.937494792,Transfer,1635
T006937,C2172,2025-12-17 21:00:20.701725144,Deposit,195
T006938,C1782,2025-12-17 22:13:11.465955496,Deposit,1642
T006939,C1125,2025-12-17 23:26:02.230185848,Withdrawal,15170
T006940,C0990,2025-12-18 00:38:52.994416200,Withdrawal,2752
T006941,C1104,2025-12-18 01:51:43.758646552,Withdrawal,666
T006942,C2079,2025-12-18 03:04:34.522876904,Withdrawal,347
T006943,C0378,2025-12-18 04:17:25.287107260,Withdrawal,857
T006944,C2378,2025-12-18 05:30:16.051337612,Withdrawal,1291
T006945,C1950,2025-12-18 06:43:06.815567964,Transfer,1497
T006946,C1323,2025-12-18 07:55:57.579798316,Deposit,495
T006947,C0282,2025-12-18 09:08:48.344028668,Deposit,5894
T006948,C1036,2025-12-18 10:21:39.108259020,Deposit,190
T006949,C0639,2025-12-18 11:34:29.872489372,Transfer,1889
T006950,C0069,2025-12-18 12:47:20.636719728,Deposit,1034
T006951,C1839,2025-12-18 14:00:11.400950080,Withdrawal,3786
T006952,C2071,2025-12-18 15:13:02.165180432,Withdrawal,7576
T006953,C0337,2025-12-18 16:25:52.929410784,Transfer,483
T006954,C2475,2025-12-18 17:38:43.693641136,Transfer,2699
T006955,C2257,2025-12-18 18:51:34.457871488,Withdrawal,6963
T006956,C0215,2025-12-18 20:04:25.222101840,Deposit,2790
T006957,C0635,2025-12-18 21:17:15.986332192,Deposit,1753
T006958,C0423,2025-12-18 22:30:06.750562548,Deposit,6073
T006959,C2121,2025-12-18 23:42:57.514792900,Deposit,2263
T006960,C0786,2025-12-19 00:55:48.279023252,Deposit,1516
T006961,C0938,2025-12-19 02:08:39.043253604,Deposit,3396
T006962,C1772,2025-12-19 03:21:29.807483956,Deposit,3540
T006963,C1690,2025-12-19 04:34:20.571714308,Withdrawal,5580
T006964,C1298,2025-12-19 05:47:11.335944660,Transfer,2768
T006965,C1257,2025-12-19 07:00:02.100175016,Withdrawal,1010
T006966,C2337,2025-12-19 08:12:52.864405368,Transfer,1621
T006967,C0439,2025-12-19 09:25:43.628635720,Deposit,3881
T006968,C1338,2025-12-19 10:38:34.392866072,Deposit,2899
T006969,C1534,2025-12-19 11:51:25.157096424,Deposit,247
T006970,C1418,2025-12-19 13:04:15.921326776,Transfer,3400
T006971,C2076,2025-12-19 14:17:06.685557128,Deposit,2182
T006972,C0270,2025-12-19 15:29:57.449787480,Transfer,3653
T006973,C1491,2025-12-19 16:42:48.214017836,Deposit,11755
T006974,C1946,2025-12-19 17:55:38.978248188,Transfer,584
T006975,C2122,2025-12-19 19:08:29.742478540,Deposit,4553
T006976,C1681,2025-12-19 20:21:20.506708892,Withdrawal,1448
T006977,C0674,2025-12-19 21:34:11.270939244,Transfer,347
T006978,C2294,2025-12-19 22:47:02.035169596,Transfer,3934
T006979,C0410,2025-12-19 23:59:52.799399948,Transfer,529
T006980,C1442,2025-12-20 01:12:43.563630300,Deposit,1285
T006981,C2259,2025-12-20 02:25:34.327860656,Withdrawal,2646
T006982,C0792,2025-12-20 03:38:25.092091008,Transfer,8140
T006983,C1247,2025-12-20 04:51:15.856321360,Deposit,2019
T006984,C0360,2025-12-20 06:04:06.620551712,Withdrawal,1364
T006985,C0582,2025-12-20 07:16:57.384782064,Deposit,6723
T006986,C1044,2025-12-20 08:29:48.149012416,Deposit,19882
T006987,C0423,2025-12-20 09:42:38.913242768,Withdrawal,6861
T006988,C0121,2025-12-20 10:55:29.677473124,Withdrawal,3062
T006989,C2221,2025-12-20 12:08:20.441703476,Deposit,6025
T006990,C0034,2025-12-20 13:21:11.205933828,Deposit,296
T006991,C0071,2025-12-20 14:34:01.970164180,Withdrawal,1903
T006992,C0545,2025-12-20 15:46:52.734394532,Withdrawal,3908
T006993,C0968,2025-12-20 16:59:43.498624884,Deposit,1483
T006994,C0535,2025-12-20 18:12:34.262855236,Transfer,1329
T006995,C0014,2025-12-20 19:25:25.027085588,Deposit,1202
T006996,C1330,2025-12-20 20:38:15.791315944,Withdrawal,4241
T006997,C0271,2025-12-20 21:51:06.555546296,Deposit,4281
T006998,C1797,2025-12-20 23:03:57.319776648,Withdrawal,933
T006999,C1518,2025-12-21 00:16:48.084007000,Withdrawal,765
T007000,C1584,2025-12-21 01:29:38.848237352,Withdrawal,2557
T007001,C0463,2025-12-21 02:42:29.612467704,Withdrawal,2744
T007002,C0523,2025-12-21 03:55:20.376698056,Transfer,753
T007003,C0855,2025-12-21 05:08:11.140928412,Deposit,2778
T007004,C2046,2025-12-21 06:21:01.905158764,Withdrawal,835
T007005,C0443,2025-12-21 07:33:52.669389116,Deposit,841
T007006,C2299,2025-12-21 08:46:43.433619468,Transfer,422
T007007,C2208,2025-12-21 09:59:34.197849820,Withdrawal,442
T007008,C2084,2025-12-21 11:12:24.962080172,Deposit,157
T007009,C1222,2025-12-21 12:25:15.726310524,Withdrawal,1139
T007010,C2441,2025-12-21 13:38:06.490540876,Transfer,2410
T007011,C1228,2025-12-21 14:50:57.254771232,Deposit,7574
T007012,C2092,2025-12-21 16:03:48.019001584,Withdrawal,1279
T007013,C2363,2025-12-21 17:16:38.783231936,Withdrawal,1039
T007014,C0408,2025-12-21 18:29:29.547462288,Deposit,890
T007015,C0895,2025-12-21 19:42:20.311692640,Withdrawal,746
T007016,C2254,2025-12-21 20:55:11.075922992,Deposit,1955
T007017,C1265,2025-12-21 22:08:01.840153344,Transfer,2176
T007018,C2089,2025-12-21 23:20:52.604383700,Withdrawal,2758
T007019,C2011,2025-12-22 00:33:43.368614052,Transfer,936
T007020,C1387,2025-12-22 01:46:34.132844404,Deposit,3196
T007021,C0898,2025-12-22 02:59:24.897074756,Deposit,448
T007022,C0095,2025-12-22 04:12:15.661305108,Deposit,904
T007023,C0540,2025-12-22 05:25:06.425535460,Withdrawal,9839
T007024,C2107,2025-12-22 06:37:57.189765812,Transfer,2386
T007025,C0509,2025-12-22 07:50:47.953996164,Transfer,4994
T007026,C1046,2025-12-22 09:03:38.718226520,Withdrawal,1898
T007027,C0738,2025-12-22 10:16:29.482456872,Withdrawal,1385
T007028,C1228,2025-12-22 11:29:20.246687224,Transfer,4911
T007029,C0471,2025-12-22 12:42:11.010917576,Transfer,394
T007030,C0284,2025-12-22 13:55:01.775147928,Withdrawal,1893
T007031,C0372,2025-12-22 15:07:52.539378280,Withdrawal,1249
T007032,C1522,2025-12-22 16:20:43.303608632,Withdrawal,1003
T007033,C2177,2025-12-22 17:33:34.067838988,Withdrawal,3988
T007034,C1404,2025-12-22 18:46:24.832069340,Transfer,5818
T007035,C0507,2025-12-22 19:59:15.596299692,Deposit,2064
T007036,C1119,2025-12-22 21:12:06.360530044,Withdrawal,709
T007037,C0578,2025-12-22 22:24:57.124760396,Withdrawal,3276
T007038,C1201,2025-12-22 23:37:47.888990748,Withdrawal,1353
T007039,C1008,2025-12-23 00:50:38.653221100,Withdrawal,915
T007040,C0668,2025-12-23 02:03:29.417451452,Deposit,499
T007041,C1447,2025-12-23 03:16:20.181681808,Withdrawal,1349
T007042,C1908,2025-12-23 04:29:10.945912160,Withdrawal,405
T007043,C2368,2025-12-23 05:42:01.710142512,Withdrawal,1894
T007044,C2106,2025-12-23 06:54:52.474372864,Transfer,2033
T007045,C0273,2025-12-23 08:07:43.238603216,Withdrawal,3193
T007046,C1222,2025-12-23 09:20:34.002833568,Transfer,4891
T007047,C0041,2025-12-23 10:33:24.767063920,Deposit,1151
T007048,C0738,2025-12-23 11:46:15.531294272,Withdrawal,1577
T007049,C1797,2025-12-23 12:59:06.295524628,Withdrawal,2364
T007050,C1269,2025-12-23 14:11:57.059754980,Deposit,3703
T007051,C0709,2025-12-23 15:24:47.823985332,Deposit,2406
T007052,C2284,2025-12-23 16:37:38.588215684,Deposit,829
T007053,C0126,2025-12-23 17:50:29.352446036,Withdrawal,1836
T007054,C0778,2025-12-23 19:03:20.116676388,Deposit,579
T007055,C0836,2025-12-23 20:16:10.880906740,Withdrawal,5617
T007056,C2188,2025-12-23 21:29:01.645137096,Deposit,362
T007057,C0879,2025-12-23 22:41:52.409367448,Transfer,5467
T007058,C0394,2025-12-23 23:54:43.173597800,Withdrawal,417
T007059,C0828,2025-12-24 01:07:33.937828152,Deposit,3871
T007060,C2175,2025-12-24 02:20:24.702058504,Deposit,305
T007061,C1944,2025-12-24 03:33:15.466288856,Transfer,882
T007062,C0837,2025-12-24 04:46:06.230519208,Transfer,3371
T007063,C0525,2025-12-24 05:58:56.994749560,Deposit,3189
T007064,C1252,2025-12-24 07:11:47.758979916,Withdrawal,4391
T007065,C0146,2025-12-24 08:24:38.523210268,Transfer,1620
T007066,C0735,2025-12-24 09:37:29.287440620,Transfer,2448
T007067,C1924,2025-12-24 10:50:20.051670972,Deposit,5450
T007068,C0169,2025-12-24 12:03:10.815901324,Withdrawal,3645
T007069,C1562,2025-12-24 13:16:01.580131676,Withdrawal,3033
T007070,C1149,2025-12-24 14:28:52.344362028,Deposit,7427
T007071,C0300,2025-12-24 15:41:43.108592384,Transfer,1116
T007072,C0938,2025-12-24 16:54:33.872822736,Withdrawal,6233
T007073,C0522,2025-12-24 18:07:24.637053088,Withdrawal,910
T007074,C2153,2025-12-24 19:20:15.401283440,Deposit,669
T007075,C0618,2025-12-24 20:33:06.165513792,Deposit,1769
T007076,C0969,2025-12-24 21:45:56.929744144,Deposit,5449
T007077,C1718,2025-12-24 22:58:47.693974496,Transfer,2128
T007078,C1936,2025-12-25 00:11:38.458204848,Deposit,7111
T007079,C0506,2025-12-25 01:24:29.222435204,Deposit,1824
T007080,C0302,2025-12-25 02:37:19.986665556,Deposit,7662
T007081,C0653,2025-12-25 03:50:10.750895908,Deposit,3262
T007082,C0064,2025-12-25 05:03:01.515126260,Withdrawal,213
T007083,C2280,2025-12-25 06:15:52.279356612,Withdrawal,7679
T007084,C1623,2025-12-25 07:28:43.043586964,Transfer,845
T007085,C0319,2025-12-25 08:41:33.807817316,Withdrawal,562
T007086,C1682,2025-12-25 09:54:24.572047672,Withdrawal,1142
T007087,C0829,2025-12-25 11:07:15.336278024,Withdrawal,563
T007088,C0092,2025-12-25 12:20:06.100508376,Withdrawal,245
T007089,C0961,2025-12-25 13:32:56.864738728,Withdrawal,776
T007090,C0064,2025-12-25 14:45:47.628969080,Withdrawal,1130
T007091,C0844,2025-12-25 15:58:38.393199432,Withdrawal,1972
T007092,C0219,2025-12-25 17:11:29.157429784,Deposit,626613
T007093,C0704,2025-12-25 18:24:19.921660136,Withdrawal,5091
T007094,C0619,2025-12-25 19:37:10.685890492,Deposit,15608
T007095,C1933,2025-12-25 20:50:01.450120844,Deposit,2900
T007096,C0247,2025-12-25 22:02:52.214351196,Deposit,2845
T007097,C0964,2025-12-25 23:15:42.978581548,Withdrawal,2563
T007098,C1497,2025-12-26 00:28:33.742811900,Deposit,787
T007099,C1014,2025-12-26 01:41:24.507042252,Deposit,1191
T007100,C0057,2025-12-26 02:54:15.271272604,Deposit,5025
T007101,C1069,2025-12-26 04:07:06.035502960,Deposit,2792
T007102,C1110,2025-12-26 05:19:56.799733312,Transfer,3797
T007103,C2029,2025-12-26 06:32:47.563963664,Transfer,4017
T007104,C1062,2025-12-26 07:45:38.328194016,Transfer,1167
T007105,C2230,2025-12-26 08:58:29.092424368,Withdrawal,1342
T007106,C2212,2025-12-26 10:11:19.856654720,Transfer,3699
T007107,C0757,2025-12-26 11:24:10.620885072,Withdrawal,605
T007108,C1859,2025-12-26 12:37:01.385115424,Deposit,9545
T007109,C1913,2025-12-26 13:49:52.149345780,Withdrawal,1305
T007110,C0126,2025-12-26 15:02:42.913576132,Withdrawal,3021
T007111,C0267,2025-12-26 16:15:33.677806484,Withdrawal,4716
T007112,C2402,2025-12-26 17:28:24.442036836,Transfer,1219
T007113,C1623,2025-12-26 18:41:15.206267188,Withdrawal,1191
T007114,C1681,2025-12-26 19:54:05.970497540,Withdrawal,1065
T007115,C1532,2025-12-26 21:06:56.734727892,Deposit,579870
T007116,C2007,2025-12-26 22:19:47.498958244,Transfer,1643
T007117,C0610,2025-12-26 23:32:38.263188600,Deposit,5842
T007118,C0469,2025-12-27 00:45:29.027418952,Transfer,1137
T007119,C0801,2025-12-27 01:58:19.791649304,Withdrawal,13301
T007120,C0133,2025-12-27 03:11:10.555879656,Withdrawal,2365
T007121,C1020,2025-12-27 04:24:01.320110008,Deposit,710
T007122,C0318,2025-12-27 05:36:52.084340360,Deposit,2570
T007123,C1601,2025-12-27 06:49:42.848570712,Withdrawal,771
T007124,C0711,2025-12-27 08:02:33.612801068,Deposit,2011
T007125,C0451,2025-12-27 09:15:24.377031420,Deposit,1799
T007126,C1882,2025-12-27 10:28:15.141261772,Deposit,684
T007127,C1744,2025-12-27 11:41:05.905492124,Withdrawal,5847
T007128,C1324,2025-12-27 12:53:56.669722476,Deposit,3282
T007129,C0142,2025-12-27 14:06:47.433952828,Withdrawal,788
T007130,C1498,2025-12-27 15:19:38.198183180,Transfer,349
T007131,C0569,2025-12-27 16:32:28.962413532,Transfer,1447
T007132,C2352,2025-12-27 17:45:19.726643888,Transfer,3318
T007133,C1580,2025-12-27 18:58:10.490874240,Withdrawal,1681
T007134,C1889,2025-12-27 20:11:01.255104592,Deposit,1080
T007135,C0030,2025-12-27 21:23:52.019334944,Deposit,1374
T007136,C1267,2025-12-27 22:36:42.783565296,Deposit,2202
T007137,C0695,2025-12-27 23:49:33.547795648,Deposit,4374
T007138,C0158,2025-12-28 01:02:24.312026000,Withdrawal,1133
T007139,C2194,2025-12-28 02:15:15.076256356,Transfer,922
T007140,C0340,2025-12-28 03:28:05.840486708,Withdrawal,638
T007141,C1769,2025-12-28 04:40:56.604717060,Transfer,1581
T007142,C0092,2025-12-28 05:53:47.368947412,Deposit,584
T007143,C0329,2025-12-28 07:06:38.133177764,Withdrawal,1018
T007144,C0172,2025-12-28 08:19:28.897408116,Withdrawal,3598
T007145,C0621,2025-12-28 09:32:19.661638468,Withdrawal,2237
T007146,C2320,2025-12-28 10:45:10.425868820,Deposit,597
T007147,C1119,2025-12-28 11:58:01.190099176,Transfer,544
T007148,C0989,2025-12-28 13:10:51.954329528,Withdrawal,5967
T007149,C0077,2025-12-28 14:23:42.718559880,Transfer,1035
T007150,C2199,2025-12-28 15:36:33.482790232,Deposit,3655
T007151,C0142,2025-12-28 16:49:24.247020584,Transfer,433
T007152,C0231,2025-12-28 18:02:15.011250936,Deposit,1016
T007153,C1794,2025-12-28 19:15:05.775481288,Deposit,1094
T007154,C1932,2025-12-28 20:27:56.539711644,Withdrawal,8320
T007155,C0954,2025-12-28 21:40:47.303941996,Withdrawal,740
T007156,C2176,2025-12-28 22:53:38.068172348,Deposit,1822
T007157,C1760,2025-12-29 00:06:28.832402700,Transfer,1646
T007158,C1829,2025-12-29 01:19:19.596633052,Withdrawal,1766
T007159,C1554,2025-12-29 02:32:10.360863404,Deposit,7252
T007160,C2179,2025-12-29 03:45:01.125093756,Withdrawal,285
T007161,C1485,2025-12-29 04:57:51.889324108,Withdrawal,1197
T007162,C0269,2025-12-29 06:10:42.653554464,Deposit,456
T007163,C0962,2025-12-29 07:23:33.417784816,Withdrawal,767
T007164,C1595,2025-12-29 08:36:24.182015168,Deposit,526
T007165,C1628,2025-12-29 09:49:14.946245520,Transfer,816
T007166,C1968,2025-12-29 11:02:05.710475872,Deposit,1313
T007167,C1075,2025-12-29 12:14:56.474706224,Withdrawal,523
T007168,C1703,2025-12-29 13:27:47.238936576,Transfer,299
T007169,C1029,2025-12-29 14:40:38.003166928,Deposit,2352
T007170,C0648,2025-12-29 15:53:28.767397284,Withdrawal,7698
T007171,C0738,2025-12-29 17:06:19.531627636,Deposit,1486
T007172,C1208,2025-12-29 18:19:10.295857988,Withdrawal,2244
T007173,C2457,2025-12-29 19:32:01.060088340,Withdrawal,1048
T007174,C1460,2025-12-29 20:44:51.824318692,Deposit,365
T007175,C0820,2025-12-29 21:57:42.588549044,Withdrawal,976
T007176,C0903,2025-12-29 23:10:33.352779396,Withdrawal,15098
T007177,C2237,2025-12-30 00:23:24.117009752,Withdrawal,13205
T007178,C1504,2025-12-30 01:36:14.881240104,Transfer,5419
T007179,C0981,2025-12-30 02:49:05.645470456,Withdrawal,2578
T007180,C0383,2025-12-30 04:01:56.409700808,Withdrawal,3964
T007181,C1346,2025-12-30 05:14:47.173931160,Withdrawal,1939
T007182,C1467,2025-12-30 06:27:37.938161512,Withdrawal,7982
T007183,C0490,2025-12-30 07:40:28.702391864,Deposit,824
T007184,C1157,2025-12-30 08:53:19.466622216,Transfer,8330
T007185,C0426,2025-12-30 10:06:10.230852572,Deposit,501
T007186,C2298,2025-12-30 11:19:00.995082924,Deposit,1394
T007187,C1983,2025-12-30 12:31:51.759313276,Withdrawal,376
T007188,C1586,2025-12-30 13:44:42.523543628,Deposit,1749
T007189,C1446,2025-12-30 14:57:33.287773980,Deposit,1233
T007190,C1500,2025-12-30 16:10:24.052004332,Deposit,11414
T007191,C1408,2025-12-30 17:23:14.816234684,Transfer,3124
T007192,C2367,2025-12-30 18:36:05.580465040,Deposit,1076
T007193,C1020,2025-12-30 19:48:56.344695392,Deposit,4943
T007194,C2273,2025-12-30 21:01:47.108925744,Withdrawal,583
T007195,C0423,2025-12-30 22:14:37.873156096,Transfer,1229
T007196,C1215,2025-12-30 23:27:28.637386448,Withdrawal,3134
T007197,C1801,2025-12-31 00:40:19.401616800,Transfer,2454
T007198,C1780,2025-12-31 01:53:10.165847152,Transfer,2357
T007199,C2127,2025-12-31 03:06:00.930077504,Withdrawal,2823
T007200,C0855,2025-12-31 04:18:51.694307860,Deposit,685
T007201,C0365,2025-12-31 05:31:42.458538212,Withdrawal,1300
T007202,C2070,2025-12-31 06:44:33.222768564,Withdrawal,709
T007203,C0548,2025-12-31 07:57:23.986998916,Deposit,1202
T007204,C2378,2025-12-31 09:10:14.751229268,Transfer,1977
T007205,C2104,2025-12-31 10:23:05.515459620,Withdrawal,1343
T007206,C1272,2025-12-31 11:35:56.279689972,Transfer,592
T007207,C0925,2025-12-31 12:48:47.043920328,Withdrawal,8331
T007208,C0261,2025-12-31 14:01:37.808150680,Deposit,5657
T007209,C0435,2025-12-31 15:14:28.572381032,Transfer,1470
T007210,C0535,2025-12-31 16:27:19.336611384,Withdrawal,10645
T007211,C0381,2025-12-31 17:40:10.100841736,Withdrawal,1085
T007212,C2151,2025-12-31 18:53:00.865072088,Transfer,388
T007213,C0029,2025-12-31 20:05:51.629302440,Deposit,1477
T007214,C1507,2025-12-31 21:18:42.393532792,Withdrawal,907
T007215,C1072,2025-12-31 22:31:33.157763148,Deposit,9454
T007216,C1391,2025-12-31 23:44:23.921993500,Transfer,944
T007217,C0547,2026-01-01 00:57:14.686223852,Withdrawal,2619
T007218,C0327,2026-01-01 02:10:05.450454204,Deposit,213
T007219,C2314,2026-01-01 03:22:56.214684556,Deposit,614
T007220,C1752,2026-01-01 04:35:46.978914908,Deposit,2340
T007221,C0729,2026-01-01 05:48:37.743145260,Withdrawal,685
T007222,C0219,2026-01-01 07:01:28.507375616,Deposit,592
T007223,C0126,2026-01-01 08:14:19.271605968,Transfer,1490
T007224,C0882,2026-01-01 09:27:10.035836320,Transfer,1572
T007225,C1403,2026-01-01 10:40:00.800066672,Withdrawal,7589
T007226,C0319,2026-01-01 11:52:51.564297024,Deposit,836
T007227,C1329,2026-01-01 13:05:42.328527376,Transfer,335
T007228,C1224,2026-01-01 14:18:33.092757728,Transfer,5977
T007229,C0085,2026-01-01 15:31:23.856988080,Deposit,414
T007230,C1065,2026-01-01 16:44:14.621218436,Withdrawal,1000
T007231,C1575,2026-01-01 17:57:05.385448788,Transfer,608
T007232,C1387,2026-01-01 19:09:56.149679140,Withdrawal,712
T007233,C1943,2026-01-01 20:22:46.913909492,Transfer,1780
T007234,C0362,2026-01-01 21:35:37.678139844,Transfer,2705
T007235,C2415,2026-01-01 22:48:28.442370196,Deposit,4715
T007236,C1205,2026-01-02 00:01:19.206600548,Transfer,4088
T007237,C1255,2026-01-02 01:14:09.970830900,Deposit,5111
T007238,C0988,2026-01-02 02:27:00.735061256,Deposit,1057
T007239,C1849,2026-01-02 03:39:51.499291608,Deposit,2697
T007240,C1258,2026-01-02 04:52:42.263521960,Withdrawal,1176
T007241,C1453,2026-01-02 06:05:33.027752312,Deposit,4368
T007242,C0831,2026-01-02 07:18:23.791982664,Deposit,2124
T007243,C1318,2026-01-02 08:31:14.556213016,Deposit,3129
T007244,C1372,2026-01-02 09:44:05.320443368,Withdrawal,3917
T007245,C0876,2026-01-02 10:56:56.084673724,Transfer,1069
T007246,C0361,2026-01-02 12:09:46.848904076,Withdrawal,4137
T007247,C1899,2026-01-02 13:22:37.613134428,Transfer,1338
T007248,C0358,2026-01-02 14:35:28.377364780,Deposit,1454
T007249,C1407,2026-01-02 15:48:19.141595132,Deposit,1737
T007250,C0064,2026-01-02 17:01:09.905825484,Deposit,1736
T007251,C1420,2026-01-02 18:14:00.670055836,Deposit,5398
T007252,C2229,2026-01-02 19:26:51.434286188,Withdrawal,1060
T007253,C2237,2026-01-02 20:39:42.198516544,Withdrawal,4438
T007254,C1516,2026-01-02 21:52:32.962746896,Deposit,807
T007255,C0580,2026-01-02 23:05:23.726977248,Deposit,464
T007256,C2218,2026-01-03 00:18:14.491207600,Deposit,1516
T007257,C0322,2026-01-03 01:31:05.255437952,Withdrawal,772
T007258,C1196,2026-01-03 02:43:56.019668304,Deposit,897
T007259,C2332,2026-01-03 03:56:46.783898656,Withdrawal,1821
T007260,C2414,2026-01-03 05:09:37.548129012,Deposit,4095
T007261,C2159,2026-01-03 06:22:28.312359364,Transfer,1448
T007262,C2126,2026-01-03 07:35:19.076589716,Withdrawal,4261
T007263,C2301,2026-01-03 08:48:09.840820068,Deposit,916
T007264,C2284,2026-01-03 10:01:00.605050420,Withdrawal,7486
T007265,C2141,2026-01-03 11:13:51.369280772,Withdrawal,2639
T007266,C1839,2026-01-03 12:26:42.133511124,Transfer,11105
T007267,C0222,2026-01-03 13:39:32.897741476,Withdrawal,3501
T007268,C0896,2026-01-03 14:52:23.661971832,Withdrawal,349
T007269,C1514,2026-01-03 16:05:14.426202184,Withdrawal,1003
T007270,C1818,2026-01-03 17:18:05.190432536,Withdrawal,1831
T007271,C0985,2026-01-03 18:30:55.954662888,Withdrawal,1952
T007272,C1633,2026-01-03 19:43:46.718893240,Deposit,685
T007273,C2300,2026-01-03 20:56:37.483123592,Withdrawal,961
T007274,C2044,2026-01-03 22:09:28.247353944,Withdrawal,842
T007275,C2190,2026-01-03 23:22:19.011584300,Withdrawal,3464
T007276,C2359,2026-01-04 00:35:09.775814652,Deposit,7290
T007277,C1409,2026-01-04 01:48:00.540045004,Deposit,686
T007278,C0582,2026-01-04 03:00:51.304275356,Withdrawal,2611
T007279,C1336,2026-01-04 04:13:42.068505708,Withdrawal,609
T007280,C2394,2026-01-04 05:26:32.832736060,Deposit,813
T007281,C0302,2026-01-04 06:39:23.596966412,Deposit,2214
T007282,C1788,2026-01-04 07:52:14.361196764,Withdrawal,184
T007283,C2295,2026-01-04 09:05:05.125427120,Deposit,2052
T007284,C1948,2026-01-04 10:17:55.889657472,Transfer,1411
T007285,C1373,2026-01-04 11:30:46.653887824,Deposit,1010
T007286,C0791,2026-01-04 12:43:37.418118176,Deposit,999
T007287,C0912,2026-01-04 13:56:28.182348528,Deposit,2743
T007288,C1376,2026-01-04 15:09:18.946578880,Deposit,5988
T007289,C2202,2026-01-04 16:22:09.710809232,Withdrawal,8056
T007290,C1534,2026-01-04 17:35:00.475039588,Deposit,812
T007291,C1953,2026-01-04 18:47:51.239269940,Deposit,3503
T007292,C0595,2026-01-04 20:00:42.003500292,Transfer,8490
T007293,C1591,2026-01-04 21:13:32.767730644,Deposit,1895
T007294,C0062,2026-01-04 22:26:23.531960996,Deposit,2477
T007295,C1166,2026-01-04 23:39:14.296191348,Deposit,6688
T007296,C0466,2026-01-05 00:52:05.060421700,Deposit,7016
T007297,C1173,2026-01-05 02:04:55.824652052,Withdrawal,1651
T007298,C2359,2026-01-05 03:17:46.588882408,Transfer,1693
T007299,C0816,2026-01-05 04:30:37.353112760,Withdrawal,1147
T007300,C2151,2026-01-05 05:43:28.117343112,Withdrawal,4212
T007301,C2076,2026-01-05 06:56:18.881573464,Transfer,1412
T007302,C0508,2026-01-05 08:09:09.645803816,Withdrawal,1257
T007303,C2182,2026-01-05 09:22:00.410034168,Deposit,4399
T007304,C0059,2026-01-05 10:34:51.174264520,Withdrawal,6215
T007305,C2118,2026-01-05 11:47:41.938494872,Withdrawal,1597
T007306,C1959,2026-01-05 13:00:32.702725228,Deposit,663
T007307,C0185,2026-01-05 14:13:23.466955580,Deposit,7297
T007308,C1498,2026-01-05 15:26:14.231185932,Withdrawal,1940
T007309,C1681,2026-01-05 16:39:04.995416284,Deposit,3745
T007310,C2216,2026-01-05 17:51:55.759646636,Withdrawal,1178
T007311,C0578,2026-01-05 19:04:46.523876988,Deposit,1740
T007312,C1148,2026-01-05 20:17:37.288107340,Withdrawal,1563
T007313,C1237,2026-01-05 21:30:28.052337696,Deposit,469
T007314,C0182,2026-01-05 22:43:18.816568048,Deposit,2227
T007315,C0071,2026-01-05 23:56:09.580798400,Withdrawal,3746
T007316,C0556,2026-01-06 01:09:00.345028752,Transfer,1158
T007317,C0852,2026-01-06 02:21:51.109259104,Withdrawal,1562
T007318,C1219,2026-01-06 03:34:41.873489456,Withdrawal,1111
T007319,C1316,2026-01-06 04:47:32.637719808,Transfer,1110
T007320,C1081,2026-01-06 06:00:23.401950160,Deposit,1544
T007321,C1913,2026-01-06 07:13:14.166180516,Deposit,3011
T007322,C1324,2026-01-06 08:26:04.930410868,Deposit,1754
T007323,C2366,2026-01-06 09:38:55.694641220,Deposit,1153
T007324,C0829,2026-01-06 10:51:46.458871572,Transfer,2157
T007325,C2142,2026-01-06 12:04:37.223101924,Withdrawal,8879
T007326,C0267,2026-01-06 13:17:27.987332276,Withdrawal,1836
T007327,C1400,2026-01-06 14:30:18.751562628,Withdrawal,6794
T007328,C0614,2026-01-06 15:43:09.515792984,Transfer,8300
T007329,C1401,2026-01-06 16:56:00.280023336,Deposit,11132
T007330,C0578,2026-01-06 18:08:51.044253688,Withdrawal,10419
T007331,C0632,2026-01-06 19:21:41.808484040,Deposit,1271
T007332,C2327,2026-01-06 20:34:32.572714392,Withdrawal,761
T007333,C1457,2026-01-06 21:47:23.336944744,Withdrawal,147
T007334,C2290,2026-01-06 23:00:14.101175096,Transfer,3921
T007335,C2035,2026-01-07 00:13:04.865405448,Withdrawal,507
T007336,C1246,2026-01-07 01:25:55.629635804,Deposit,3578
T007337,C0985,2026-01-07 02:38:46.393866156,Transfer,1003
T007338,C0004,2026-01-07 03:51:37.158096508,Transfer,982
T007339,C2368,2026-01-07 05:04:27.922326860,Deposit,1718
T007340,C1345,2026-01-07 06:17:18.686557212,Deposit,5134
T007341,C1032,2026-01-07 07:30:09.450787564,Deposit,880840
T007342,C1076,2026-01-07 08:43:00.215017916,Withdrawal,19396
T007343,C1024,2026-01-07 09:55:50.979248272,Transfer,1531
T007344,C1166,2026-01-07 11:08:41.743478624,Deposit,4266
T007345,C0779,2026-01-07 12:21:32.507708976,Withdrawal,303
T007346,C0280,2026-01-07 13:34:23.271939328,Deposit,2292
T007347,C1112,2026-01-07 14:47:14.036169680,Deposit,491
T007348,C1184,2026-01-07 16:00:04.800400032,Deposit,986
T007349,C0985,2026-01-07 17:12:55.564630384,Withdrawal,1367
T007350,C2076,2026-01-07 18:25:46.328860736,Transfer,1351
T007351,C0810,2026-01-07 19:38:37.093091092,Withdrawal,1502
T007352,C0272,2026-01-07 20:51:27.857321444,Withdrawal,1559
T007353,C1124,2026-01-07 22:04:18.621551796,Deposit,2530
T007354,C1228,2026-01-07 23:17:09.385782148,Deposit,1164
T007355,C0190,2026-01-08 00:30:00.150012500,Deposit,9424
T007356,C0546,2026-01-08 01:42:50.914242852,Deposit,10782
T007357,C2342,2026-01-08 02:55:41.678473204,Withdrawal,24140
T007358,C2004,2026-01-08 04:08:32.442703560,Withdrawal,2943
T007359,C0848,2026-01-08 05:21:23.206933912,Deposit,1322
T007360,C1368,2026-01-08 06:34:13.971164264,Deposit,6432
T007361,C0771,2026-01-08 07:47:04.735394616,Deposit,14524
T007362,C0769,2026-01-08 08:59:55.499624968,Transfer,1181
T007363,C2101,2026-01-08 10:12:46.263855320,Withdrawal,572245
T007364,C1071,2026-01-08 11:25:37.028085672,Withdrawal,6966
T007365,C1011,2026-01-08 12:38:27.792316024,Withdrawal,2930
T007366,C0703,2026-01-08 13:51:18.556546380,Deposit,2915
T007367,C0465,2026-01-08 15:04:09.320776732,Withdrawal,5593
T007368,C0917,2026-01-08 16:17:00.085007084,Transfer,758
T007369,C1453,2026-01-08 17:29:50.849237436,Withdrawal,502
T007370,C2031,2026-01-08 18:42:41.613467788,Deposit,4111
T007371,C0194,2026-01-08 19:55:32.377698140,Withdrawal,678
T007372,C0066,2026-01-08 21:08:23.141928492,Withdrawal,1407
T007373,C1726,2026-01-08 22:21:13.906158844,Transfer,521
T007374,C0601,2026-01-08 23:34:04.670389200,Deposit,408
T007375,C1500,2026-01-09 00:46:55.434619552,Deposit,14737
T007376,C1712,2026-01-09 01:59:46.198849904,Withdrawal,17504
T007377,C1905,2026-01-09 03:12:36.963080256,Transfer,2022
T007378,C0476,2026-01-09 04:25:27.727310608,Transfer,5081
T007379,C0887,2026-01-09 05:38:18.491540960,Withdrawal,1568
T007380,C0082,2026-01-09 06:51:09.255771312,Deposit,2175
T007381,C1961,2026-01-09 08:04:00.020001668,Withdrawal,678
T007382,C0044,2026-01-09 09:16:50.784232020,Deposit,1342
T007383,C1502,2026-01-09 10:29:41.548462372,Withdrawal,1879
T007384,C0610,2026-01-09 11:42:32.312692724,Deposit,12403
T007385,C1889,2026-01-09 12:55:23.076923076,Transfer,995
T007386,C1353,2026-01-09 14:08:13.841153428,Deposit,2186
T007387,C1438,2026-01-09 15:21:04.605383780,Withdrawal,6496
T007388,C1788,2026-01-09 16:33:55.369614132,Deposit,1840
T007389,C0720,2026-01-09 17:46:46.133844488,Withdrawal,10869
T007390,C0691,2026-01-09 18:59:36.898074840,Deposit,873
T007391,C1946,2026-01-09 20:12:27.662305192,Transfer,4412
T007392,C0110,2026-01-09 21:25:18.426535544,Withdrawal,3560
T007393,C0219,2026-01-09 22:38:09.190765896,Deposit,3202
T007394,C0463,2026-01-09 23:50:59.954996248,Deposit,669
T007395,C0515,2026-01-10 01:03:50.719226600,Withdrawal,3315
T007396,C0637,2026-01-10 02:16:41.483456956,Deposit,1483
T007397,C1217,2026-01-10 03:29:32.247687308,Deposit,71405
T007398,C0627,2026-01-10 04:42:23.011917660,Withdrawal,2798
T007399,C0070,2026-01-10 05:55:13.776148012,Withdrawal,1274
T007400,C1518,2026-01-10 07:08:04.540378364,Deposit,1766
T007401,C2145,2026-01-10 08:20:55.304608716,Withdrawal,1466
T007402,C1851,2026-01-10 09:33:46.068839068,Withdrawal,2757
T007403,C0224,2026-01-10 10:46:36.833069420,Transfer,2794
T007404,C1866,2026-01-10 11:59:27.597299776,Transfer,2974
T007405,C1635,2026-01-10 13:12:18.361530128,Withdrawal,2090
T007406,C1806,2026-01-10 14:25:09.125760480,Transfer,4686
T007407,C1780,2026-01-10 15:37:59.889990832,Withdrawal,625
T007408,C1062,2026-01-10 16:50:50.654221184,Deposit,1115
T007409,C0769,2026-01-10 18:03:41.418451536,Deposit,1254
T007410,C1876,2026-01-10 19:16:32.182681888,Transfer,2452
T007411,C1669,2026-01-10 20:29:22.946912244,Transfer,1113
T007412,C0992,2026-01-10 21:42:13.711142596,Transfer,973
T007413,C1729,2026-01-10 22:55:04.475372948,Withdrawal,4254
T007414,C2029,2026-01-11 00:07:55.239603300,Withdrawal,1158
T007415,C1530,2026-01-11 01:20:46.003833652,Deposit,2857
T007416,C0489,2026-01-11 02:33:36.768064004,Deposit,1305
T007417,C0057,2026-01-11 03:46:27.532294356,Withdrawal,4944
T007418,C0512,2026-01-11 04:59:18.296524708,Withdrawal,4330
T007419,C2152,2026-01-11 06:12:09.060755064,Deposit,151
T007420,C2108,2026-01-11 07:24:59.824985416,Withdrawal,756
T007421,C1602,2026-01-11 08:37:50.589215768,Withdrawal,567
T007422,C0735,2026-01-11 09:50:41.353446120,Transfer,2463
T007423,C1583,2026-01-11 11:03:32.117676472,Deposit,1490
T007424,C0371,2026-01-11 12:16:22.881906824,Withdrawal,11661
T007425,C2074,2026-01-11 13:29:13.646137176,Deposit,7995
T007426,C2441,2026-01-11 14:42:04.410367532,Deposit,1881
T007427,C1843,2026-01-11 15:54:55.174597884,Deposit,2098
T007428,C0606,2026-01-11 17:07:45.938828236,Deposit,18740
T007429,C0110,2026-01-11 18:20:36.703058588,Withdrawal,1075
T007430,C0773,2026-01-11 19:33:27.467288940,Withdrawal,2839
T007431,C2302,2026-01-11 20:46:18.231519292,Transfer,3347
T007432,C1831,2026-01-11 21:59:08.995749644,Withdrawal,1282
T007433,C1860,2026-01-11 23:11:59.759979996,Deposit,1803
T007434,C1828,2026-01-12 00:24:50.524210352,Transfer,713
T007435,C0917,2026-01-12 01:37:41.288440704,Transfer,1515
T007436,C0597,2026-01-12 02:50:32.052671056,Withdrawal,1252
T007437,C1238,2026-01-12 04:03:22.816901408,Deposit,2514
T007438,C2161,2026-01-12 05:16:13.581131760,Deposit,418
T007439,C1336,2026-01-12 06:29:04.345362112,Withdrawal,341
T007440,C0955,2026-01-12 07:41:55.109592464,Withdrawal,9285
T007441,C1125,2026-01-12 08:54:45.873822816,Deposit,12661
T007442,C0762,2026-01-12 10:07:36.638053172,Deposit,5377
T007443,C0938,2026-01-12 11:20:27.402283524,Deposit,4823
T007444,C2132,2026-01-12 12:33:18.166513876,Transfer,187
T007445,C0719,2026-01-12 13:46:08.930744228,Transfer,10037
T007446,C1954,2026-01-12 14:58:59.694974580,Deposit,1881
T007447,C0949,2026-01-12 16:11:50.459204932,Deposit,7585
T007448,C0302,2026-01-12 17:24:41.223435284,Deposit,1483
T007449,C1241,2026-01-12 18:37:31.987665640,Deposit,1202
T007450,C2140,2026-01-12 19:50:22.751895992,Deposit,7156
T007451,C1476,2026-01-12 21:03:13.516126344,Withdrawal,179
T007452,C0614,2026-01-12 22:16:04.280356696,Deposit,3612
T007453,C2119,2026-01-12 23:28:55.044587048,Withdrawal,975
T007454,C1549,2026-01-13 00:41:45.808817400,Deposit,755
T007455,C1425,2026-01-13 01:54:36.573047752,Deposit,2850
T007456,C0669,2026-01-13 03:07:27.337278104,Deposit,1761
T007457,C2129,2026-01-13 04:20:18.101508460,Withdrawal,1430
T007458,C0218,2026-01-13 05:33:08.865738812,Deposit,553
T007459,C0749,2026-01-13 06:45:59.629969164,Transfer,945
T007460,C0125,2026-01-13 07:58:50.394199516,Deposit,4680
T007461,C0201,2026-01-13 09:11:41.158429868,Withdrawal,3323
T007462,C1044,2026-01-13 10:24:31.922660220,Transfer,3953
T007463,C0722,2026-01-13 11:37:22.686890572,Withdrawal,2105
T007464,C0952,2026-01-13 12:50:13.451120928,Withdrawal,2694
T007465,C1882,2026-01-13 14:03:04.215351280,Deposit,1564
T007466,C2228,2026-01-13 15:15:54.979581632,Transfer,2794
T007467,C1433,2026-01-13 16:28:45.743811984,Withdrawal,1471
T007468,C1086,2026-01-13 17:41:36.508042336,Deposit,2636
T007469,C2321,2026-01-13 18:54:27.272272688,Deposit,2368
T007470,C1777,2026-01-13 20:07:18.036503040,Withdrawal,7721
T007471,C0699,2026-01-13 21:20:08.800733392,Deposit,1489
T007472,C0622,2026-01-13 22:32:59.564963748,Withdrawal,6605
T007473,C0986,2026-01-13 23:45:50.329194100,Deposit,1818
T007474,C0460,2026-01-14 00:58:41.093424452,Withdrawal,2857
T007475,C1085,2026-01-14 02:11:31.857654804,Deposit,1204
T007476,C0300,2026-01-14 03:24:22.621885156,Withdrawal,2211
T007477,C1276,2026-01-14 04:37:13.386115508,Deposit,348
T007478,C1431,2026-01-14 05:50:04.150345860,Withdrawal,5856
T007479,C1280,2026-01-14 07:02:54.914576216,Transfer,3892
T007480,C2389,2026-01-14 08:15:45.678806568,Transfer,1680
T007481,C1830,2026-01-14 09:28:36.443036920,Deposit,755
T007482,C1822,2026-01-14 10:41:27.207267272,Withdrawal,15411
T007483,C2451,2026-01-14 11:54:17.971497624,Withdrawal,1616
T007484,C2336,2026-01-14 13:07:08.735727976,Transfer,1845
T007485,C0989,2026-01-14 14:19:59.499958328,Withdrawal,6003
T007486,C0214,2026-01-14 15:32:50.264188680,Deposit,1816
T007487,C0532,2026-01-14 16:45:41.028419036,Deposit,482
T007488,C1600,2026-01-14 17:58:31.792649388,Withdrawal,14474
T007489,C1985,2026-01-14 19:11:22.556879740,Deposit,9867
T007490,C2259,2026-01-14 20:24:13.321110092,Transfer,1798
T007491,C2219,2026-01-14 21:37:04.085340444,Transfer,1272
T007492,C0538,2026-01-14 22:49:54.849570796,Withdrawal,546
T007493,C1287,2026-01-15 00:02:45.613801148,Deposit,8283
T007494,C0676,2026-01-15 01:15:36.378031504,Withdrawal,6207
T007495,C0390,2026-01-15 02:28:27.142261856,Deposit,593
T007496,C2469,2026-01-15 03:41:17.906492208,Withdrawal,2489
T007497,C2110,2026-01-15 04:54:08.670722560,Deposit,13209
T007498,C2134,2026-01-15 06:06:59.434952912,Deposit,6054
T007499,C1609,2026-01-15 07:19:50.199183264,Deposit,1619
T007500,C2108,2026-01-15 08:32:40.963413616,Deposit,2499
T007501,C0320,2026-01-15 09:45:31.727643968,Transfer,1109
T007502,C0690,2026-01-15 10:58:22.491874324,Transfer,1539
T007503,C2100,2026-01-15 12:11:13.256104676,Withdrawal,4318
T007504,C0657,2026-01-15 13:24:04.020335028,Transfer,10902
T007505,C0828,2026-01-15 14:36:54.784565380,Deposit,1597
T007506,C1101,2026-01-15 15:49:45.548795732,Withdrawal,1889
T007507,C0119,2026-01-15 17:02:36.313026084,Withdrawal,4677
T007508,C1206,2026-01-15 18:15:27.077256436,Withdrawal,986
T007509,C0506,2026-01-15 19:28:17.841486788,Deposit,3445
T007510,C2201,2026-01-15 20:41:08.605717144,Transfer,1899
T007511,C1042,2026-01-15 21:53:59.369947496,Withdrawal,1363
T007512,C0497,2026-01-15 23:06:50.134177848,Withdrawal,6253
T007513,C1772,2026-01-16 00:19:40.898408200,Withdrawal,3124
T007514,C0079,2026-01-16 01:32:31.662638552,Deposit,318
T007515,C0059,2026-01-16 02:45:22.426868904,Deposit,4297
T007516,C1435,2026-01-16 03:58:13.191099256,Transfer,1799
T007517,C1654,2026-01-16 05:11:03.955329612,Withdrawal,2663
T007518,C1773,2026-01-16 06:23:54.719559964,Transfer,3514
T007519,C1863,2026-01-16 07:36:45.483790316,Deposit,1137
T007520,C1707,2026-01-16 08:49:36.248020668,Transfer,3852
T007521,C1512,2026-01-16 10:02:27.012251020,Transfer,807
T007522,C0244,2026-01-16 11:15:17.776481372,Deposit,3020
T007523,C2256,2026-01-16 12:28:08.540711724,Deposit,4898
T007524,C1111,2026-01-16 13:40:59.304942076,Deposit,8218
T007525,C1675,2026-01-16 14:53:50.069172432,Deposit,2963
T007526,C1978,2026-01-16 16:06:40.833402784,Withdrawal,7188
T007527,C0039,2026-01-16 17:19:31.597633136,Deposit,498
T007528,C1616,2026-01-16 18:32:22.361863488,Transfer,2553
T007529,C0020,2026-01-16 19:45:13.126093840,Transfer,1548
T007530,C0221,2026-01-16 20:58:03.890324192,Withdrawal,1653
T007531,C1873,2026-01-16 22:10:54.654554544,Deposit,899
T007532,C2323,2026-01-16 23:23:45.418784900,Deposit,7728
T007533,C0251,2026-01-17 00:36:36.183015252,Transfer,1293
T007534,C0212,2026-01-17 01:49:26.947245604,Transfer,1295
T007535,C0419,2026-01-17 03:02:17.711475956,Deposit,2110
T007536,C1196,2026-01-17 04:15:08.475706308,Deposit,3671
T007537,C0507,2026-01-17 05:27:59.239936660,Deposit,2576
T007538,C0646,2026-01-17 06:40:50.004167012,Transfer,1934
T007539,C1652,2026-01-17 07:53:40.768397364,Withdrawal,12824
T007540,C0869,2026-01-17 09:06:31.532627720,Deposit,6683
T007541,C0492,2026-01-17 10:19:22.296858072,Withdrawal,347
T007542,C2343,2026-01-17 11:32:13.061088424,Deposit,1526
T007543,C1170,2026-01-17 12:45:03.825318776,Withdrawal,7141
T007544,C1262,2026-01-17 13:57:54.589549128,Withdrawal,2620
T007545,C0740,2026-01-17 15:10:45.353779480,Transfer,5782
T007546,C1791,2026-01-17 16:23:36.118009832,Withdrawal,477
T007547,C0424,2026-01-17 17:36:26.882240188,Deposit,1447
T007548,C0292,2026-01-17 18:49:17.646470540,Withdrawal,291
T007549,C2204,2026-01-17 20:02:08.410700892,Transfer,854
T007550,C1984,2026-01-17 21:14:59.174931244,Withdrawal,4503
T007551,C2398,2026-01-17 22:27:49.939161596,Deposit,4337
T007552,C1958,2026-01-17 23:40:40.703391948,Deposit,13289
T007553,C0243,2026-01-18 00:53:31.467622300,Deposit,4582
T007554,C1231,2026-01-18 02:06:22.231852652,Deposit,5252
T007555,C1790,2026-01-18 03:19:12.996083008,Deposit,888
T007556,C2306,2026-01-18 04:32:03.760313360,Deposit,529
T007557,C0585,2026-01-18 05:44:54.524543712,Transfer,1765
T007558,C2083,2026-01-18 06:57:45.288774064,Withdrawal,1675
T007559,C2478,2026-01-18 08:10:36.053004416,Deposit,375
T007560,C1343,2026-01-18 09:23:26.817234768,Deposit,296
T007561,C0095,2026-01-18 10:36:17.581465120,Transfer,677
T007562,C2268,2026-01-18 11:49:08.345695476,Withdrawal,3066
T007563,C0301,2026-01-18 13:01:59.109925828,Transfer,7767
T007564,C1661,2026-01-18 14:14:49.874156180,Withdrawal,2097
T007565,C1209,2026-01-18 15:27:40.638386532,Deposit,2963
T007566,C2448,2026-01-18 16:40:31.402616884,Transfer,20803
T007567,C0690,2026-01-18 17:53:22.166847236,Withdrawal,1409
T007568,C1166,2026-01-18 19:06:12.931077588,Withdrawal,2539
T007569,C0993,2026-01-18 20:19:03.695307940,Withdrawal,2301
T007570,C2182,2026-01-18 21:31:54.459538296,Withdrawal,1555
T007571,C0661,2026-01-18 22:44:45.223768648,Withdrawal,351
T007572,C1930,2026-01-18 23:57:35.987999000,Withdrawal,1467
T007573,C1926,2026-01-19 01:10:26.752229352,Withdrawal,2754
T007574,C2306,2026-01-19 02:23:17.516459704,Withdrawal,3679
T007575,C1063,2026-01-19 03:36:08.280690056,Transfer,550
T007576,C0305,2026-01-19 04:48:59.044920408,Withdrawal,457
T007577,C1848,2026-01-19 06:01:49.809150760,Deposit,741
T007578,C0526,2026-01-19 07:14:40.573381116,Withdrawal,4340
T007579,C0407,2026-01-19 08:27:31.337611468,Deposit,369
T007580,C1383,2026-01-19 09:40:22.101841820,Deposit,624
T007581,C0886,2026-01-19 10:53:12.866072172,Deposit,736
T007582,C2426,2026-01-19 12:06:03.630302524,Deposit,2328
T007583,C0873,2026-01-19 13:18:54.394532876,Deposit,1124
T007584,C1971,2026-01-19 14:31:45.158763228,Deposit,5418
T007585,C0990,2026-01-19 15:44:35.922993584,Withdrawal,4555
T007586,C1305,2026-01-19 16:57:26.687223936,Deposit,12084
T007587,C1589,2026-01-19 18:10:17.451454288,Deposit,686
T007588,C0011,2026-01-19 19:23:08.215684640,Transfer,1256
T007589,C1988,2026-01-19 20:35:58.979914992,Transfer,1774
T007590,C0973,2026-01-19 21:48:49.744145344,Deposit,911
T007591,C0009,2026-01-19 23:01:40.508375696,Transfer,1150
T007592,C0028,2026-01-20 00:14:31.272606048,Withdrawal,2166
T007593,C0686,2026-01-20 01:27:22.036836404,Deposit,3364
T007594,C0582,2026-01-20 02:40:12.801066756,Withdrawal,3805
T007595,C1242,2026-01-20 03:53:03.565297108,Transfer,3641
T007596,C1662,2026-01-20 05:05:54.329527460,Withdrawal,369
T007597,C2051,2026-01-20 06:18:45.093757812,Deposit,1202
T007598,C1211,2026-01-20 07:31:35.857988164,Deposit,2224
T007599,C0043,2026-01-20 08:44:26.622218516,Deposit,6464
T007600,C1635,2026-01-20 09:57:17.386448872,Deposit,3647
T007601,C1435,2026-01-20 11:10:08.150679224,Deposit,419
T007602,C0042,2026-01-20 12:22:58.914909576,Withdrawal,10331
T007603,C0730,2026-01-20 13:35:49.679139928,Withdrawal,1744
T007604,C1982,2026-01-20 14:48:40.443370280,Withdrawal,1929
T007605,C0648,2026-01-20 16:01:31.207600632,Deposit,2129
T007606,C1983,2026-01-20 17:14:21.971830984,Deposit,380
T007607,C1929,2026-01-20 18:27:12.736061336,Deposit,371
T007608,C1160,2026-01-20 19:40:03.500291692,Transfer,3844
T007609,C1543,2026-01-20 20:52:54.264522044,Withdrawal,552
T007610,C0037,2026-01-20 22:05:45.028752396,Withdrawal,840
T007611,C2020,2026-01-20 23:18:35.792982748,Deposit,1160
T007612,C0823,2026-01-21 00:31:26.557213100,Deposit,323
T007613,C0579,2026-01-21 01:44:17.321443452,Withdrawal,2205
T007614,C1021,2026-01-21 02:57:08.085673804,Withdrawal,4534
T007615,C1082,2026-01-21 04:09:58.849904160,Deposit,2801
T007616,C2203,2026-01-21 05:22:49.614134512,Deposit,593
T007617,C1896,2026-01-21 06:35:40.378364864,Deposit,1203
T007618,C2023,2026-01-21 07:48:31.142595216,Deposit,2094
T007619,C0113,2026-01-21 09:01:21.906825568,Transfer,857
T007620,C1780,2026-01-21 10:14:12.671055920,Deposit,3284
T007621,C1820,2026-01-21 11:27:03.435286272,Transfer,3631
T007622,C0601,2026-01-21 12:39:54.199516624,Withdrawal,668
T007623,C0442,2026-01-21 13:52:44.963746980,Deposit,1485
T007624,C0228,2026-01-21 15:05:35.727977332,Withdrawal,526
T007625,C0874,2026-01-21 16:18:26.492207684,Deposit,2959
T007626,C1146,2026-01-21 17:31:17.256438036,Withdrawal,888
T007627,C0671,2026-01-21 18:44:08.020668388,Deposit,1841
T007628,C1292,2026-01-21 19:56:58.784898740,Deposit,2035
T007629,C0695,2026-01-21 21:09:49.549129092,Withdrawal,5926
T007630,C1509,2026-01-21 22:22:40.313359448,Deposit,467
T007631,C1028,2026-01-21 23:35:31.077589800,Deposit,2605
T007632,C0121,2026-01-22 00:48:21.841820152,Transfer,1195
T007633,C0742,2026-01-22 02:01:12.606050504,Transfer,205
T007634,C1510,2026-01-22 03:14:03.370280856,Transfer,2523
T007635,C1243,2026-01-22 04:26:54.134511208,Withdrawal,611
T007636,C0694,2026-01-22 05:39:44.898741560,Deposit,1044
T007637,C0257,2026-01-22 06:52:35.662971912,Deposit,1700
T007638,C2091,2026-01-22 08:05:26.427202268,Transfer,1897
T007639,C1554,2026-01-22 09:18:17.191432620,Transfer,4493
T007640,C1713,2026-01-22 10:31:07.955662972,Deposit,1113
T007641,C0913,2026-01-22 11:43:58.719893324,Withdrawal,20363
T007642,C0594,2026-01-22 12:56:49.484123676,Transfer,1658
T007643,C1034,2026-01-22 14:09:40.248354028,Withdrawal,5064
T007644,C0212,2026-01-22 15:22:31.012584380,Transfer,5456
T007645,C1676,2026-01-22 16:35:21.776814732,Deposit,2218
T007646,C1962,2026-01-22 17:48:12.541045088,Withdrawal,538
T007647,C1406,2026-01-22 19:01:03.305275440,Withdrawal,1106
T007648,C1413,2026-01-22 20:13:54.069505792,Withdrawal,1248
T007649,C0922,2026-01-22 21:26:44.833736144,Transfer,3880
T007650,C2384,2026-01-22 22:39:35.597966496,Transfer,1038
T007651,C0922,2026-01-22 23:52:26.362196848,Deposit,1146
T007652,C2131,2026-01-23 01:05:17.126427200,Deposit,16352
T007653,C2040,2026-01-23 02:18:07.890657556,Withdrawal,12541
T007654,C2200,2026-01-23 03:30:58.654887908,Deposit,2653
T007655,C1759,2026-01-23 04:43:49.419118260,Deposit,4814
T007656,C1494,2026-01-23 05:56:40.183348612,Withdrawal,394
T007657,C0078,2026-01-23 07:09:30.947578964,Withdrawal,3480
T007658,C0412,2026-01-23 08:22:21.711809316,Transfer,3813
T007659,C1578,2026-01-23 09:35:12.476039668,Deposit,1408
T007660,C1598,2026-01-23 10:48:03.240270020,Deposit,1467
T007661,C2429,2026-01-23 12:00:54.004500376,Deposit,681
T007662,C0313,2026-01-23 13:13:44.768730728,Withdrawal,7688
T007663,C2443,2026-01-23 14:26:35.532961080,Withdrawal,5039
T007664,C0004,2026-01-23 15:39:26.297191432,Deposit,1166
T007665,C0109,2026-01-23 16:52:17.061421784,Deposit,497
T007666,C0886,2026-01-23 18:05:07.825652136,Deposit,2263
T007667,C0093,2026-01-23 19:17:58.589882488,Withdrawal,888
T007668,C1123,2026-01-23 20:30:49.354112844,Deposit,361
T007669,C0192,2026-01-23 21:43:40.118343196,Deposit,1843
T007670,C2381,2026-01-23 22:56:30.882573548,Deposit,3163
T007671,C1236,2026-01-24 00:09:21.646803900,Transfer,2013
T007672,C0627,2026-01-24 01:22:12.411034252,Deposit,674
T007673,C0573,2026-01-24 02:35:03.175264604,Deposit,2296
T007674,C2404,2026-01-24 03:47:53.939494956,Deposit,1987
T007675,C1926,2026-01-24 05:00:44.703725308,Deposit,2149
T007676,C0196,2026-01-24 06:13:35.467955664,Withdrawal,587
T007677,C0262,2026-01-24 07:26:26.232186016,Deposit,1618
T007678,C2370,2026-01-24 08:39:16.996416368,Withdrawal,719
T007679,C2468,2026-01-24 09:52:07.760646720,Transfer,4092
T007680,C1935,2026-01-24 11:04:58.524877072,Withdrawal,616
T007681,C0332,2026-01-24 12:17:49.289107424,Deposit,2888
T007682,C1320,2026-01-24 13:30:40.053337776,Deposit,2117
T007683,C1260,2026-01-24 14:43:30.817568132,Withdrawal,5151
T007684,C0681,2026-01-24 15:56:21.581798484,Withdrawal,1582
T007685,C2055,2026-01-24 17:09:12.346028836,Transfer,711
T007686,C0534,2026-01-24 18:22:03.110259188,Transfer,386
T007687,C2120,2026-01-24 19:34:53.874489540,Withdrawal,1178
T007688,C1524,2026-01-24 20:47:44.638719892,Deposit,2999
T007689,C2187,2026-01-24 22:00:35.402950244,Deposit,3639
T007690,C0324,2026-01-24 23:13:26.167180596,Transfer,4094
T007691,C1941,2026-01-25 00:26:16.931410952,Withdrawal,442
T007692,C0073,2026-01-25 01:39:07.695641304,Withdrawal,2509
T007693,C1413,2026-01-25 02:51:58.459871656,Withdrawal,591
T007694,C1262,2026-01-25 04:04:49.224102008,Withdrawal,475320
T007695,C0988,2026-01-25 05:17:39.988332360,Withdrawal,1413
T007696,C1346,2026-01-25 06:30:30.752562712,Deposit,9374
T007697,C1787,2026-01-25 07:43:21.516793064,Withdrawal,2975
T007698,C1329,2026-01-25 08:56:12.281023416,Deposit,1096
T007699,C1032,2026-01-25 10:09:03.045253772,Withdrawal,4173
T007700,C2007,2026-01-25 11:21:53.809484124,Deposit,1037
T007701,C1231,2026-01-25 12:34:44.573714476,Withdrawal,10514
T007702,C0411,2026-01-25 13:47:35.337944828,Transfer,2442
T007703,C2306,2026-01-25 15:00:26.102175180,Withdrawal,1123
T007704,C1820,2026-01-25 16:13:16.866405532,Deposit,3601
T007705,C2174,2026-01-25 17:26:07.630635884,Deposit,8077
T007706,C1194,2026-01-25 18:38:58.394866240,Deposit,2307
T007707,C0662,2026-01-25 19:51:49.159096592,Transfer,3334
T007708,C1230,2026-01-25 21:04:39.923326944,Withdrawal,2949
T007709,C1357,2026-01-25 22:17:30.687557296,Withdrawal,1529
T007710,C1674,2026-01-25 23:30:21.451787648,Deposit,2403
T007711,C1089,2026-01-26 00:43:12.216018000,Withdrawal,1308
T007712,C2136,2026-01-26 01:56:02.980248352,Deposit,1908
T007713,C1859,2026-01-26 03:08:53.744478704,Deposit,4886
T007714,C1067,2026-01-26 04:21:44.508709060,Deposit,1293
T007715,C1907,2026-01-26 05:34:35.272939412,Deposit,6753
T007716,C1961,2026-01-26 06:47:26.037169764,Deposit,2259
T007717,C0500,2026-01-26 08:00:16.801400116,Withdrawal,347
T007718,C1303,2026-01-26 09:13:07.565630468,Deposit,1287
T007719,C0326,2026-01-26 10:25:58.329860820,Deposit,3897
T007720,C1442,2026-01-26 11:38:49.094091172,Deposit,7967
T007721,C0553,2026-01-26 12:51:39.858321528,Withdrawal,2517
T007722,C1938,2026-01-26 14:04:30.622551880,Deposit,4688
T007723,C0888,2026-01-26 15:17:21.386782232,Withdrawal,825
T007724,C0996,2026-01-26 16:30:12.151012584,Deposit,18289
T007725,C0929,2026-01-26 17:43:02.915242936,Withdrawal,1703
T007726,C0308,2026-01-26 18:55:53.679473288,Transfer,2011
T007727,C1331,2026-01-26 20:08:44.443703640,Transfer,2157
T007728,C1923,2026-01-26 21:21:35.207933992,Withdrawal,9891
T007729,C0470,2026-01-26 22:34:25.972164348,Withdrawal,869
T007730,C1655,2026-01-26 23:47:16.736394700,Withdrawal,3648
T007731,C0625,2026-01-27 01:00:07.500625052,Transfer,2221
T007732,C2339,2026-01-27 02:12:58.264855404,Transfer,2388
T007733,C0249,2026-01-27 03:25:49.029085756,Withdrawal,767
T007734,C2372,2026-01-27 04:38:39.793316108,Withdrawal,320
T007735,C1467,2026-01-27 05:51:30.557546460,Deposit,3540
T007736,C0604,2026-01-27 07:04:21.321776816,Withdrawal,2591
T007737,C0059,2026-01-27 08:17:12.086007168,Withdrawal,1250
T007738,C1021,2026-01-27 09:30:02.850237520,Transfer,4500
T007739,C2317,2026-01-27 10:42:53.614467872,Transfer,1622
T007740,C1342,2026-01-27 11:55:44.378698224,Withdrawal,6620
T007741,C2142,2026-01-27 13:08:35.142928576,Transfer,11151
T007742,C1278,2026-01-27 14:21:25.907158928,Transfer,5615
T007743,C0687,2026-01-27 15:34:16.671389280,Transfer,561
T007744,C0515,2026-01-27 16:47:07.435619636,Withdrawal,6201
T007745,C0533,2026-01-27 17:59:58.199849988,Withdrawal,3386
T007746,C0402,2026-01-27 19:12:48.964080340,Withdrawal,2272
T007747,C2141,2026-01-27 20:25:39.728310692,Deposit,3910
T007748,C0574,2026-01-27 21:38:30.492541044,Deposit,8057
T007749,C1566,2026-01-27 22:51:21.256771396,Deposit,4852
T007750,C0971,2026-01-28 00:04:12.021001748,Transfer,3246
T007751,C1806,2026-01-28 01:17:02.785232104,Withdrawal,358
T007752,C0437,2026-01-28 02:29:53.549462456,Transfer,21559
T007753,C2463,2026-01-28 03:42:44.313692808,Deposit,1510
T007754,C2003,2026-01-28 04:55:35.077923160,Deposit,760
T007755,C1399,2026-01-28 06:08:25.842153512,Deposit,707
T007756,C1555,2026-01-28 07:21:16.606383864,Deposit,2278
T007757,C1639,2026-01-28 08:34:07.370614216,Transfer,1200
T007758,C0762,2026-01-28 09:46:58.134844568,Withdrawal,3799
T007759,C1463,2026-01-28 10:59:48.899074924,Withdrawal,1818
T007760,C2313,2026-01-28 12:12:39.663305276,Withdrawal,377
T007761,C0861,2026-01-28 13:25:30.427535628,Transfer,2600
T007762,C1975,2026-01-28 14:38:21.191765980,Deposit,7933
T007763,C0867,2026-01-28 15:51:11.955996332,Transfer,15575
T007764,C1123,2026-01-28 17:04:02.720226684,Withdrawal,2075
T007765,C1054,2026-01-28 18:16:53.484457036,Transfer,3237
T007766,C1315,2026-01-28 19:29:44.248687388,Withdrawal,241
T007767,C1963,2026-01-28 20:42:35.012917744,Deposit,1726
T007768,C0028,2026-01-28 21:55:25.777148096,Withdrawal,7214
T007769,C2336,2026-01-28 23:08:16.541378448,Deposit,1810
T007770,C0581,2026-01-29 00:21:07.305608800,Transfer,435
T007771,C2300,2026-01-29 01:33:58.069839152,Withdrawal,898
T007772,C0927,2026-01-29 02:46:48.834069504,Deposit,4952
T007773,C2158,2026-01-29 03:59:39.598299856,Deposit,1909
T007774,C1889,2026-01-29 05:12:30.362530212,Transfer,958
T007775,C2446,2026-01-29 06:25:21.126760564,Transfer,1436
T007776,C1556,2026-01-29 07:38:11.890990916,Withdrawal,4084
T007777,C0276,2026-01-29 08:51:02.655221268,Deposit,7905
T007778,C2295,2026-01-29 10:03:53.419451620,Transfer,1401
T007779,C1348,2026-01-29 11:16:44.183681972,Deposit,2194
T007780,C2456,2026-01-29 12:29:34.947912324,Deposit,558
T007781,C2173,2026-01-29 13:42:25.712142676,Withdrawal,1599
T007782,C0153,2026-01-29 14:55:16.476373032,Transfer,490084
T007783,C1605,2026-01-29 16:08:07.240603384,Withdrawal,1136
T007784,C1902,2026-01-29 17:20:58.004833736,Deposit,933
T007785,C2068,2026-01-29 18:33:48.769064088,Withdrawal,4464
T007786,C1827,2026-01-29 19:46:39.533294440,Withdrawal,1684
T007787,C0247,2026-01-29 20:59:30.297524792,Withdrawal,1488
T007788,C1414,2026-01-29 22:12:21.061755144,Transfer,2646
T007789,C1371,2026-01-29 23:25:11.825985500,Withdrawal,397
T007790,C1227,2026-01-30 00:38:02.590215852,Deposit,1271
T007791,C1033,2026-01-30 01:50:53.354446204,Transfer,5100
T007792,C1716,2026-01-30 03:03:44.118676556,Deposit,3431
T007793,C1692,2026-01-30 04:16:34.882906908,Transfer,2476
T007794,C2151,2026-01-30 05:29:25.647137260,Withdrawal,859
T007795,C2399,2026-01-30 06:42:16.411367612,Withdrawal,2478
T007796,C2282,2026-01-30 07:55:07.175597964,Transfer,10244
T007797,C1671,2026-01-30 09:07:57.939828320,Withdrawal,363
T007798,C0037,2026-01-30 10:20:48.704058672,Withdrawal,521
T007799,C1628,2026-01-30 11:33:39.468289024,Transfer,4072
T007800,C2340,2026-01-30 12:46:30.232519376,Deposit,246
T007801,C2065,2026-01-30 13:59:20.996749728,Deposit,1528
T007802,C2138,2026-01-30 15:12:11.760980080,Withdrawal,1704
T007803,C1372,2026-01-30 16:25:02.525210432,Deposit,520
T007804,C0677,2026-01-30 17:37:53.289440788,Deposit,8048
T007805,C0977,2026-01-30 18:50:44.053671140,Transfer,1071
T007806,C1468,2026-01-30 20:03:34.817901492,Withdrawal,2081
T007807,C0253,2026-01-30 21:16:25.582131844,Transfer,1675
T007808,C1617,2026-01-30 22:29:16.346362196,Transfer,2615
T007809,C2017,2026-01-30 23:42:07.110592548,Deposit,3825
T007810,C2232,2026-01-31 00:54:57.874822900,Transfer,324
T007811,C2338,2026-01-31 02:07:48.639053252,Transfer,6595
T007812,C0761,2026-01-31 03:20:39.403283608,Deposit,973
T007813,C2206,2026-01-31 04:33:30.167513960,Transfer,108
T007814,C0393,2026-01-31 05:46:20.931744312,Withdrawal,2243
T007815,C0431,2026-01-31 06:59:11.695974664,Transfer,1904
T007816,C0997,2026-01-31 08:12:02.460205016,Transfer,1350
T007817,C1092,2026-01-31 09:24:53.224435368,Withdrawal,2766
T007818,C1101,2026-01-31 10:37:43.988665720,Withdrawal,1066
T007819,C0102,2026-01-31 11:50:34.752896076,Deposit,3755
T007820,C0893,2026-01-31 13:03:25.517126428,Withdrawal,767
T007821,C2255,2026-01-31 14:16:16.281356780,Deposit,2620
T007822,C2261,2026-01-31 15:29:07.045587132,Transfer,8856
T007823,C2127,2026-01-31 16:41:57.809817484,Withdrawal,4053
T007824,C1789,2026-01-31 17:54:48.574047836,Transfer,2771
T007825,C2181,2026-01-31 19:07:39.338278188,Withdrawal,2056
T007826,C1221,2026-01-31 20:20:30.102508540,Deposit,410
T007827,C0472,2026-01-31 21:33:20.866738896,Withdrawal,804
T007828,C1781,2026-01-31 22:46:11.630969248,Deposit,742
T007829,C2338,2026-01-31 23:59:02.395199600,Deposit,10847
T007830,C1280,2026-02-01 01:11:53.159429952,Withdrawal,1182
T007831,C1499,2026-02-01 02:24:43.923660304,Transfer,1713
T007832,C0422,2026-02-01 03:37:34.687890656,Withdrawal,3764
T007833,C0539,2026-02-01 04:50:25.452121008,Deposit,1633
T007834,C1707,2026-02-01 06:03:16.216351360,Transfer,6170
T007835,C1781,2026-02-01 07:16:06.980581716,Deposit,2019
T007836,C2349,2026-02-01 08:28:57.744812068,Deposit,373
T007837,C1312,2026-02-01 09:41:48.509042420,Transfer,567
T007838,C1961,2026-02-01 10:54:39.273272772,Deposit,1678
T007839,C0986,2026-02-01 12:07:30.037503124,Deposit,1666
T007840,C0806,2026-02-01 13:20:20.801733476,Withdrawal,1288
T007841,C2305,2026-02-01 14:33:11.565963828,Deposit,1236
T007842,C2486,2026-02-01 15:46:02.330194184,Deposit,1332
T007843,C2446,2026-02-01 16:58:53.094424536,Withdrawal,802
T007844,C1177,2026-02-01 18:11:43.858654888,Transfer,3247
T007845,C0649,2026-02-01 19:24:34.622885240,Withdrawal,1328
T007846,C2270,2026-02-01 20:37:25.387115592,Deposit,447
T007847,C1725,2026-02-01 21:50:16.151345944,Transfer,4611
T007848,C1460,2026-02-01 23:03:06.915576296,Transfer,1354
T007849,C2184,2026-02-02 00:15:57.679806648,Deposit,1376
T007850,C1552,2026-02-02 01:28:48.444037004,Withdrawal,1048
T007851,C0626,2026-02-02 02:41:39.208267356,Withdrawal,1041
T007852,C0776,2026-02-02 03:54:29.972497708,Withdrawal,1334
T007853,C1303,2026-02-02 05:07:20.736728060,Transfer,5653
T007854,C1269,2026-02-02 06:20:11.500958412,Transfer,445
T007855,C1774,2026-02-02 07:33:02.265188764,Withdrawal,638
T007856,C1167,2026-02-02 08:45:53.029419116,Deposit,205
T007857,C1551,2026-02-02 09:58:43.793649472,Deposit,438
T007858,C2141,2026-02-02 11:11:34.557879824,Deposit,12434
T007859,C1407,2026-02-02 12:24:25.322110176,Withdrawal,3849
T007860,C1913,2026-02-02 13:37:16.086340528,Transfer,477
T007861,C2327,2026-02-02 14:50:06.850570880,Deposit,2495
T007862,C1751,2026-02-02 16:02:57.614801232,Withdrawal,1157
T007863,C0621,2026-02-02 17:15:48.379031584,Deposit,1201
T007864,C1312,2026-02-02 18:28:39.143261936,Transfer,1620
T007865,C0672,2026-02-02 19:41:29.907492292,Transfer,566
T007866,C0801,2026-02-02 20:54:20.671722644,Transfer,1961
T007867,C0171,2026-02-02 22:07:11.435952996,Deposit,985
T007868,C1549,2026-02-02 23:20:02.200183348,Deposit,294
T007869,C2420,2026-02-03 00:32:52.964413700,Withdrawal,619
T007870,C1417,2026-02-03 01:45:43.728644052,Withdrawal,1269
T007871,C1982,2026-02-03 02:58:34.492874404,Deposit,637
T007872,C2233,2026-02-03 04:11:25.257104760,Transfer,1129
T007873,C0939,2026-02-03 05:24:16.021335112,Transfer,3269
T007874,C0835,2026-02-03 06:37:06.785565464,Deposit,3214
T007875,C2257,2026-02-03 07:49:57.549795816,Deposit,8302
T007876,C2047,2026-02-03 09:02:48.314026168,Withdrawal,569
T007877,C1385,2026-02-03 10:15:39.078256520,Deposit,405
T007878,C2032,2026-02-03 11:28:29.842486872,Deposit,220
T007879,C1465,2026-02-03 12:41:20.606717224,Withdrawal,2661
T007880,C2417,2026-02-03 13:54:11.370947580,Transfer,1703
T007881,C1256,2026-02-03 15:07:02.135177932,Transfer,1508
T007882,C1005,2026-02-03 16:19:52.899408284,Deposit,2362
T007883,C1732,2026-02-03 17:32:43.663638636,Transfer,4316
T007884,C1273,2026-02-03 18:45:34.427868988,Withdrawal,3887
T007885,C1341,2026-02-03 19:58:25.192099340,Deposit,6077
T007886,C2312,2026-02-03 21:11:15.956329692,Withdrawal,4412
T007887,C1753,2026-02-03 22:24:06.720560048,Transfer,871
T007888,C1957,2026-02-03 23:36:57.484790400,Deposit,5588
T007889,C0913,2026-02-04 00:49:48.249020752,Deposit,8183
T007890,C1692,2026-02-04 02:02:39.013251104,Withdrawal,610
T007891,C0070,2026-02-04 03:15:29.777481456,Deposit,5757
T007892,C1258,2026-02-04 04:28:20.541711808,Transfer,877
T007893,C0432,2026-02-04 05:41:11.305942160,Withdrawal,436
T007894,C1078,2026-02-04 06:54:02.070172512,Transfer,2062
T007895,C0170,2026-02-04 08:06:52.834402868,Deposit,1835
T007896,C2084,2026-02-04 09:19:43.598633220,Transfer,763
T007897,C1951,2026-02-04 10:32:34.362863572,Withdrawal,2373
T007898,C1985,2026-02-04 11:45:25.127093924,Deposit,1150
T007899,C0259,2026-02-04 12:58:15.891324276,Transfer,3821
T007900,C2299,2026-02-04 14:11:06.655554628,Withdrawal,2075
T007901,C2061,2026-02-04 15:23:57.419784980,Deposit,4588
T007902,C2105,2026-02-04 16:36:48.184015332,Deposit,507
T007903,C1004,2026-02-04 17:49:38.948245688,Deposit,3748
T007904,C1185,2026-02-04 19:02:29.712476040,Transfer,9317
T007905,C0437,2026-02-04 20:15:20.476706392,Transfer,5739
T007906,C0230,2026-02-04 21:28:11.240936744,Deposit,1959
T007907,C0831,2026-02-04 22:41:02.005167096,Withdrawal,2750
T007908,C0841,2026-02-04 23:53:52.769397448,Deposit,1476
T007909,C1217,2026-02-05 01:06:43.533627800,Withdrawal,24602
T007910,C0620,2026-02-05 02:19:34.297858156,Deposit,5819
T007911,C2405,2026-02-05 03:32:25.062088508,Deposit,1995
T007912,C2400,2026-02-05 04:45:15.826318860,Withdrawal,766
T007913,C1282,2026-02-05 05:58:06.590549212,Transfer,4298
T007914,C0622,2026-02-05 07:10:57.354779564,Withdrawal,12403
T007915,C0635,2026-02-05 08:23:48.119009916,Transfer,1098
T007916,C1994,2026-02-05 09:36:38.883240268,Transfer,2571
T007917,C1766,2026-02-05 10:49:29.647470620,Withdrawal,751
T007918,C2341,2026-02-05 12:02:20.411700976,Deposit,2011
T007919,C1410,2026-02-05 13:15:11.175931328,Withdrawal,1604
T007920,C0829,2026-02-05 14:28:01.940161680,Deposit,234
T007921,C2282,2026-02-05 15:40:52.704392032,Deposit,3940
T007922,C1727,2026-02-05 16:53:43.468622384,Withdrawal,1910
T007923,C0537,2026-02-05 18:06:34.232852736,Transfer,4210
T007924,C1403,2026-02-05 19:19:24.997083088,Deposit,2673
T007925,C0805,2026-02-05 20:32:15.761313444,Withdrawal,680
T007926,C2037,2026-02-05 21:45:06.525543796,Deposit,5927
T007927,C0852,2026-02-05 22:57:57.289774148,Withdrawal,1227
T007928,C2226,2026-02-06 00:10:48.054004500,Withdrawal,1828
T007929,C0556,2026-02-06 01:23:38.818234852,Withdrawal,3315
T007930,C1246,2026-02-06 02:36:29.582465204,Withdrawal,1095
T007931,C0948,2026-02-06 03:49:20.346695556,Transfer,2541
T007932,C0228,2026-02-06 05:02:11.110925908,Withdrawal,389
T007933,C1865,2026-02-06 06:15:01.875156264,Deposit,1663
T007934,C1934,2026-02-06 07:27:52.639386616,Withdrawal,100
T007935,C0254,2026-02-06 08:40:43.403616968,Withdrawal,753
T007936,C2054,2026-02-06 09:53:34.167847320,Transfer,895
T007937,C2095,2026-02-06 11:06:24.932077672,Deposit,992
T007938,C0254,2026-02-06 12:19:15.696308024,Withdrawal,492
T007939,C0059,2026-02-06 13:32:06.460538376,Withdrawal,1191
T007940,C1722,2026-02-06 14:44:57.224768732,Deposit,582
T007941,C1015,2026-02-06 15:57:47.988999084,Withdrawal,8951
T007942,C1215,2026-02-06 17:10:38.753229436,Withdrawal,1246
T007943,C0265,2026-02-06 18:23:29.517459788,Transfer,918
T007944,C1708,2026-02-06 19:36:20.281690140,Deposit,1228
T007945,C1582,2026-02-06 20:49:11.045920492,Deposit,2344
T007946,C2294,2026-02-06 22:02:01.810150844,Withdrawal,1930
T007947,C2485,2026-02-06 23:14:52.574381196,Deposit,7033
T007948,C0938,2026-02-07 00:27:43.338611552,Withdrawal,1274
T007949,C0878,2026-02-07 01:40:34.102841904,Deposit,1470
T007950,C0547,2026-02-07 02:53:24.867072256,Deposit,577
T007951,C2463,2026-02-07 04:06:15.631302608,Deposit,2363
T007952,C0398,2026-02-07 05:19:06.395532960,Transfer,4498
T007953,C2040,2026-02-07 06:31:57.159763312,Transfer,1031
T007954,C2216,2026-02-07 07:44:47.923993664,Transfer,1187
T007955,C1631,2026-02-07 08:57:38.688224020,Withdrawal,17267
T007956,C1852,2026-02-07 10:10:29.452454372,Withdrawal,1790
T007957,C0230,2026-02-07 11:23:20.216684724,Deposit,2938
T007958,C0703,2026-02-07 12:36:10.980915076,Deposit,424
T007959,C1428,2026-02-07 13:49:01.745145428,Transfer,3635
T007960,C2192,2026-02-07 15:01:52.509375780,Withdrawal,4095
T007961,C1700,2026-02-07 16:14:43.273606132,Transfer,2071
T007962,C1555,2026-02-07 17:27:34.037836484,Withdrawal,6017
T007963,C2116,2026-02-07 18:40:24.802066840,Deposit,693
T007964,C2146,2026-02-07 19:53:15.566297192,Deposit,3030
T007965,C0007,2026-02-07 21:06:06.330527544,Transfer,2633
T007966,C0177,2026-02-07 22:18:57.094757896,Deposit,1858
T007967,C1230,2026-02-07 23:31:47.858988248,Deposit,3465
T007968,C0299,2026-02-08 00:44:38.623218600,Deposit,37699
T007969,C1824,2026-02-08 01:57:29.387448952,Withdrawal,1643
T007970,C2277,2026-02-08 03:10:20.151679304,Deposit,725
T007971,C0631,2026-02-08 04:23:10.915909660,Deposit,5102
T007972,C0270,2026-02-08 05:36:01.680140012,Withdrawal,4432
T007973,C0081,2026-02-08 06:48:52.444370364,Deposit,702
T007974,C1696,2026-02-08 08:01:43.208600716,Deposit,766
T007975,C0820,2026-02-08 09:14:33.972831068,Deposit,273
T007976,C0501,2026-02-08 10:27:24.737061420,Deposit,1367
T007977,C1511,2026-02-08 11:40:15.501291772,Withdrawal,1099
T007978,C1512,2026-02-08 12:53:06.265522128,Deposit,795
T007979,C0990,2026-02-08 14:05:57.029752480,Withdrawal,5735
T007980,C1502,2026-02-08 15:18:47.793982832,Deposit,662
T007981,C1313,2026-02-08 16:31:38.558213184,Withdrawal,1509
T007982,C2154,2026-02-08 17:44:29.322443536,Withdrawal,8414
T007983,C0641,2026-02-08 18:57:20.086673888,Transfer,663
T007984,C0609,2026-02-08 20:10:10.850904240,Withdrawal,1377
T007985,C1009,2026-02-08 21:23:01.615134592,Deposit,1564
T007986,C1600,2026-02-08 22:35:52.379364948,Withdrawal,5017
T007987,C1664,2026-02-08 23:48:43.143595300,Withdrawal,4530
T007988,C1829,2026-02-09 01:01:33.907825652,Transfer,2387
T007989,C1998,2026-02-09 02:14:24.672056004,Deposit,4386
T007990,C2430,2026-02-09 03:27:15.436286356,Deposit,651
T007991,C1927,2026-02-09 04:40:06.200516708,Transfer,191
T007992,C0104,2026-02-09 05:52:56.964747060,Withdrawal,1561
T007993,C1532,2026-02-09 07:05:47.728977416,Withdrawal,1956
T007994,C1988,2026-02-09 08:18:38.493207768,Withdrawal,263
T007995,C1079,2026-02-09 09:31:29.257438120,Deposit,710
T007996,C0121,2026-02-09 10:44:20.021668472,Withdrawal,661
T007997,C0407,2026-02-09 11:57:10.785898824,Transfer,1131
T007998,C0676,2026-02-09 13:10:01.550129176,Transfer,5687
T007999,C2489,2026-02-09 14:22:52.314359528,Deposit,527
T008000,C1655,2026-02-09 15:35:43.078589880,Withdrawal,1415
T008001,C0432,2026-02-09 16:48:33.842820236,Deposit,8430
T008002,C0909,2026-02-09 18:01:24.607050588,Transfer,11904
T008003,C0061,2026-02-09 19:14:15.371280940,Withdrawal,421
T008004,C1271,2026-02-09 20:27:06.135511292,Withdrawal,913
T008005,C1614,2026-02-09 21:39:56.899741644,Withdrawal,2511
T008006,C1048,2026-02-09 22:52:47.663971996,Transfer,4756
T008007,C2454,2026-02-10 00:05:38.428202348,Transfer,4112
T008008,C1332,2026-02-10 01:18:29.192432704,Deposit,273
T008009,C2263,2026-02-10 02:31:19.956663056,Withdrawal,2672
T008010,C0262,2026-02-10 03:44:10.720893408,Withdrawal,3737
T008011,C1437,2026-02-10 04:57:01.485123760,Deposit,4430
T008012,C2171,2026-02-10 06:09:52.249354112,Transfer,3864
T008013,C0764,2026-02-10 07:22:43.013584464,Deposit,1518
T008014,C2368,2026-02-10 08:35:33.777814816,Deposit,2384
T008015,C2206,2026-02-10 09:48:24.542045168,Deposit,625
T008016,C1685,2026-02-10 11:01:15.306275524,Withdrawal,1685
T008017,C1089,2026-02-10 12:14:06.070505876,Transfer,457
T008018,C0369,2026-02-10 13:26:56.834736228,Withdrawal,3122
T008019,C0870,2026-02-10 14:39:47.598966580,Deposit,832
T008020,C1028,2026-02-10 15:52:38.363196932,Deposit,2111
T008021,C0914,2026-02-10 17:05:29.127427284,Transfer,2107
T008022,C1780,2026-02-10 18:18:19.891657636,Deposit,2064
T008023,C1631,2026-02-10 19:31:10.655887992,Transfer,19557
T008024,C0543,2026-02-10 20:44:01.420118344,Transfer,722
T008025,C2204,2026-02-10 21:56:52.184348696,Withdrawal,467
T008026,C0752,2026-02-10 23:09:42.948579048,Transfer,550
T008027,C2112,2026-02-11 00:22:33.712809400,Deposit,954
T008028,C0421,2026-02-11 01:35:24.477039752,Transfer,941
T008029,C2371,2026-02-11 02:48:15.241270104,Deposit,140
T008030,C1487,2026-02-11 04:01:06.005500456,Withdrawal,1164
T008031,C1604,2026-02-11 05:13:56.769730812,Withdrawal,260
T008032,C0547,2026-02-11 06:26:47.533961164,Withdrawal,4349
T008033,C2299,2026-02-11 07:39:38.298191516,Deposit,1862
T008034,C0866,2026-02-11 08:52:29.062421868,Withdrawal,1259
T008035,C1572,2026-02-11 10:05:19.826652220,Withdrawal,211
T008036,C2489,2026-02-11 11:18:10.590882572,Transfer,5255
T008037,C0454,2026-02-11 12:31:01.355112924,Withdrawal,618
T008038,C1758,2026-02-11 13:43:52.119343276,Withdrawal,17540
T008039,C0679,2026-02-11 14:56:42.883573632,Transfer,2182
T008040,C0274,2026-02-11 16:09:33.647803984,Transfer,699
T008041,C0060,2026-02-11 17:22:24.412034336,Withdrawal,2037
T008042,C0342,2026-02-11 18:35:15.176264688,Transfer,2027
T008043,C1418,2026-02-11 19:48:05.940495040,Withdrawal,3056
T008044,C2161,2026-02-11 21:00:56.704725392,Deposit,348
T008045,C1815,2026-02-11 22:13:47.468955744,Transfer,2943
T008046,C2116,2026-02-11 23:26:38.233186100,Withdrawal,642
T008047,C1339,2026-02-12 00:39:28.997416452,Deposit,4100
T008048,C0467,2026-02-12 01:52:19.761646804,Deposit,3693
T008049,C2311,2026-02-12 03:05:10.525877156,Withdrawal,2239
T008050,C2472,2026-02-12 04:18:01.290107508,Transfer,2413
T008051,C0720,2026-02-12 05:30:52.054337860,Deposit,5796
T008052,C1236,2026-02-12 06:43:42.818568212,Withdrawal,1144
T008053,C0563,2026-02-12 07:56:33.582798564,Deposit,9140
T008054,C0983,2026-02-12 09:09:24.347028920,Deposit,6881
T008055,C2336,2026-02-12 10:22:15.111259272,Deposit,2956
T008056,C0425,2026-02-12 11:35:05.875489624,Transfer,2347
T008057,C0554,2026-02-12 12:47:56.639719976,Deposit,996
T008058,C0759,2026-02-12 14:00:47.403950328,Deposit,921
T008059,C1731,2026-02-12 15:13:38.168180680,Deposit,714
T008060,C0244,2026-02-12 16:26:28.932411032,Deposit,2139
T008061,C1358,2026-02-12 17:39:19.696641388,Deposit,1830
T008062,C2376,2026-02-12 18:52:10.460871740,Deposit,829
T008063,C1130,2026-02-12 20:05:01.225102092,Withdrawal,126
T008064,C1786,2026-02-12 21:17:51.989332444,Withdrawal,2213
T008065,C1911,2026-02-12 22:30:42.753562796,Deposit,3520
T008066,C1963,2026-02-12 23:43:33.517793148,Withdrawal,987
T008067,C1189,2026-02-13 00:56:24.282023500,Deposit,2904
T008068,C1870,2026-02-13 02:09:15.046253852,Transfer,4075
T008069,C2010,2026-02-13 03:22:05.810484208,Deposit,479
T008070,C1081,2026-02-13 04:34:56.574714560,Transfer,16707
T008071,C0960,2026-02-13 05:47:47.338944912,Deposit,288
T008072,C1212,2026-02-13 07:00:38.103175264,Withdrawal,1769
T008073,C0324,2026-02-13 08:13:28.867405616,Deposit,326
T008074,C2203,2026-02-13 09:26:19.631635968,Deposit,3513
T008075,C2107,2026-02-13 10:39:10.395866320,Withdrawal,1101
T008076,C1795,2026-02-13 11:52:01.160096676,Withdrawal,4542
T008077,C2249,2026-02-13 13:04:51.924327028,Transfer,3954
T008078,C2343,2026-02-13 14:17:42.688557380,Withdrawal,1507
T008079,C1976,2026-02-13 15:30:33.452787732,Deposit,4143
T008080,C1414,2026-02-13 16:43:24.217018084,Transfer,937
T008081,C1308,2026-02-13 17:56:14.981248436,Withdrawal,5620
T008082,C2397,2026-02-13 19:09:05.745478788,Deposit,1112
T008083,C1456,2026-02-13 20:21:56.509709140,Transfer,6986
T008084,C0963,2026-02-13 21:34:47.273939496,Transfer,253
T008085,C1718,2026-02-13 22:47:38.038169848,Deposit,2048
T008086,C2430,2026-02-14 00:00:28.802400200,Deposit,1127
T008087,C1296,2026-02-14 01:13:19.566630552,Deposit,3265
T008088,C2379,2026-02-14 02:26:10.330860904,Withdrawal,884
T008089,C0875,2026-02-14 03:39:01.095091256,Withdrawal,1669
T008090,C2206,2026-02-14 04:51:51.859321608,Withdrawal,535
T008091,C0432,2026-02-14 06:04:42.623551964,Withdrawal,1335
T008092,C1140,2026-02-14 07:17:33.387782316,Deposit,3093
T008093,C0619,2026-02-14 08:30:24.152012668,Deposit,1207
T008094,C0619,2026-02-14 09:43:14.916243020,Transfer,1251
T008095,C0435,2026-02-14 10:56:05.680473372,Transfer,1960
T008096,C1546,2026-02-14 12:08:56.444703724,Deposit,5467
T008097,C0932,2026-02-14 13:21:47.208934076,Deposit,1150
T008098,C0572,2026-02-14 14:34:37.973164428,Deposit,1734
T008099,C0266,2026-02-14 15:47:28.737394784,Deposit,8860
T008100,C0102,2026-02-14 17:00:19.501625136,Deposit,1417
T008101,C1535,2026-02-14 18:13:10.265855488,Deposit,2444
T008102,C2270,2026-02-14 19:26:01.030085840,Deposit,1088
T008103,C2484,2026-02-14 20:38:51.794316192,Withdrawal,1528
T008104,C1214,2026-02-14 21:51:42.558546544,Transfer,20319
T008105,C0640,2026-02-14 23:04:33.322776896,Transfer,886
T008106,C0334,2026-02-15 00:17:24.087007248,Withdrawal,2040
T008107,C0907,2026-02-15 01:30:14.851237604,Withdrawal,2010
T008108,C1582,2026-02-15 02:43:05.615467956,Withdrawal,914
T008109,C1605,2026-02-15 03:55:56.379698308,Deposit,959
T008110,C2399,2026-02-15 05:08:47.143928660,Withdrawal,551
T008111,C1900,2026-02-15 06:21:37.908159012,Deposit,7293
T008112,C0570,2026-02-15 07:34:28.672389364,Deposit,1458
T008113,C2163,2026-02-15 08:47:19.436619716,Withdrawal,710
T008114,C1546,2026-02-15 10:00:10.200850072,Deposit,8482
T008115,C0909,2026-02-15 11:13:00.965080424,Transfer,2626
T008116,C0367,2026-02-15 12:25:51.729310776,Transfer,4182
T008117,C2426,2026-02-15 13:38:42.493541128,Deposit,14460
T008118,C2166,2026-02-15 14:51:33.257771480,Deposit,603
T008119,C1014,2026-02-15 16:04:24.022001832,Deposit,2709
T008120,C1873,2026-02-15 17:17:14.786232184,Transfer,1595
T008121,C0814,2026-02-15 18:30:05.550462536,Deposit,3513
T008122,C0206,2026-02-15 19:42:56.314692892,Withdrawal,6290
T008123,C0816,2026-02-15 20:55:47.078923244,Deposit,357
T008124,C0066,2026-02-15 22:08:37.843153596,Deposit,8264
T008125,C2052,2026-02-15 23:21:28.607383948,Withdrawal,5542
T008126,C0003,2026-02-16 00:34:19.371614300,Deposit,3890
T008127,C1739,2026-02-16 01:47:10.135844652,Withdrawal,4176
T008128,C0325,2026-02-16 03:00:00.900075004,Withdrawal,7513
T008129,C1264,2026-02-16 04:12:51.664305360,Withdrawal,3771
T008130,C2039,2026-02-16 05:25:42.428535712,Withdrawal,274
T008131,C0605,2026-02-16 06:38:33.192766064,Transfer,804225
T008132,C0796,2026-02-16 07:51:23.956996416,Withdrawal,984
T008133,C1822,2026-02-16 09:04:14.721226768,Withdrawal,1541
T008134,C0347,2026-02-16 10:17:05.485457120,Withdrawal,1389
T008135,C1082,2026-02-16 11:29:56.249687472,Deposit,243
T008136,C0059,2026-02-16 12:42:47.013917824,Transfer,2269
T008137,C1710,2026-02-16 13:55:37.778148180,Deposit,2567
T008138,C2255,2026-02-16 15:08:28.542378532,Deposit,1823
T008139,C0111,2026-02-16 16:21:19.306608884,Withdrawal,4178
T008140,C0023,2026-02-16 17:34:10.070839236,Deposit,2070
T008141,C1452,2026-02-16 18:47:00.835069588,Withdrawal,2695
T008142,C1964,2026-02-16 19:59:51.599299940,Deposit,1977
T008143,C0787,2026-02-16 21:12:42.363530292,Transfer,3593
T008144,C1708,2026-02-16 22:25:33.127760648,Transfer,1199
T008145,C1958,2026-02-16 23:38:23.891991000,Withdrawal,4341
T008146,C0747,2026-02-17 00:51:14.656221352,Withdrawal,757
T008147,C0515,2026-02-17 02:04:05.420451704,Deposit,15856
T008148,C2192,2026-02-17 03:16:56.184682056,Transfer,2178
T008149,C1766,2026-02-17 04:29:46.948912408,Deposit,1916
T008150,C2342,2026-02-17 05:42:37.713142760,Deposit,1184
T008151,C0325,2026-02-17 06:55:28.477373112,Transfer,18545
T008152,C2241,2026-02-17 08:08:19.241603468,Withdrawal,5103
T008153,C2020,2026-02-17 09:21:10.005833820,Deposit,1934
T008154,C1072,2026-02-17 10:34:00.770064172,Transfer,16622
T008155,C1563,2026-02-17 11:46:51.534294524,Withdrawal,838
T008156,C1545,2026-02-17 12:59:42.298524876,Deposit,1358
T008157,C1756,2026-02-17 14:12:33.062755228,Deposit,5652
T008158,C0526,2026-02-17 15:25:23.826985580,Withdrawal,8143
T008159,C0919,2026-02-17 16:38:14.591215936,Withdrawal,243
T008160,C2077,2026-02-17 17:51:05.355446288,Deposit,961
T008161,C0538,2026-02-17 19:03:56.119676640,Deposit,231
T008162,C1750,2026-02-17 20:16:46.883906992,Withdrawal,7381
T008163,C2191,2026-02-17 21:29:37.648137344,Withdrawal,2565
T008164,C0627,2026-02-17 22:42:28.412367696,Transfer,3593
T008165,C0841,2026-02-17 23:55:19.176598048,Transfer,457
T008166,C2266,2026-02-18 01:08:09.940828400,Transfer,2553
T008167,C0593,2026-02-18 02:21:00.705058756,Withdrawal,984
T008168,C0713,2026-02-18 03:33:51.469289108,Withdrawal,2858
T008169,C0067,2026-02-18 04:46:42.233519460,Deposit,13443
T008170,C0761,2026-02-18 05:59:32.997749812,Deposit,164
T008171,C2192,2026-02-18 07:12:23.761980164,Withdrawal,5335
T008172,C1165,2026-02-18 08:25:14.526210516,Withdrawal,789
T008173,C1370,2026-02-18 09:38:05.290440868,Withdrawal,3633
T008174,C0465,2026-02-18 10:50:56.054671220,Withdrawal,2417
T008175,C0096,2026-02-18 12:03:46.818901576,Deposit,595
T008176,C0408,2026-02-18 13:16:37.583131928,Deposit,3534
T008177,C1854,2026-02-18 14:29:28.347362280,Transfer,1712
T008178,C0804,2026-02-18 15:42:19.111592632,Deposit,5106
T008179,C1468,2026-02-18 16:55:09.875822984,Withdrawal,3637
T008180,C0757,2026-02-18 18:08:00.640053336,Transfer,2190
T008181,C2006,2026-02-18 19:20:51.404283688,Deposit,7006
T008182,C2326,2026-02-18 20:33:42.168514044,Deposit,1429
T008183,C0361,2026-02-18 21:46:32.932744396,Withdrawal,6393
T008184,C1394,2026-02-18 22:59:23.696974748,Deposit,3013
T008185,C0212,2026-02-19 00:12:14.461205100,Withdrawal,516
T008186,C1283,2026-02-19 01:25:05.225435452,Withdrawal,1676
T008187,C1700,2026-02-19 02:37:55.989665804,Deposit,458
T008188,C1121,2026-02-19 03:50:46.753896156,Withdrawal,1702
T008189,C1234,2026-02-19 05:03:37.518126508,Transfer,3179
T008190,C1572,2026-02-19 06:16:28.282356864,Transfer,215
T008191,C0778,2026-02-19 07:29:19.046587216,Withdrawal,569
T008192,C2069,2026-02-19 08:42:09.810817568,Deposit,2034
T008193,C0729,2026-02-19 09:55:00.575047920,Withdrawal,2203
T008194,C0616,2026-02-19 11:07:51.339278272,Deposit,305
T008195,C0371,2026-02-19 12:20:42.103508624,Withdrawal,1026
T008196,C1243,2026-02-19 13:33:32.867738976,Deposit,567
T008197,C1528,2026-02-19 14:46:23.631969332,Deposit,4463
T008198,C0632,2026-02-19 15:59:14.396199684,Withdrawal,746
T008199,C0761,2026-02-19 17:12:05.160430036,Deposit,894
T008200,C0847,2026-02-19 18:24:55.924660388,Withdrawal,634
T008201,C0948,2026-02-19 19:37:46.688890740,Withdrawal,624
T008202,C1120,2026-02-19 20:50:37.453121092,Transfer,162
T008203,C1456,2026-02-19 22:03:28.217351444,Withdrawal,10464
T008204,C2236,2026-02-19 23:16:18.981581796,Deposit,3902
T008205,C2423,2026-02-20 00:29:09.745812152,Withdrawal,10356
T008206,C2482,2026-02-20 01:42:00.510042504,Withdrawal,1642
T008207,C1168,2026-02-20 02:54:51.274272856,Deposit,2826
T008208,C2054,2026-02-20 04:07:42.038503208,Deposit,1412
T008209,C1341,2026-02-20 05:20:32.802733560,Withdrawal,12343
T008210,C1254,2026-02-20 06:33:23.566963912,Deposit,5402
T008211,C1519,2026-02-20 07:46:14.331194264,Withdrawal,1348
T008212,C1730,2026-02-20 08:59:05.095424620,Deposit,5226
T008213,C1960,2026-02-20 10:11:55.859654972,Transfer,211
T008214,C0711,2026-02-20 11:24:46.623885324,Deposit,979
T008215,C0475,2026-02-20 12:37:37.388115676,Transfer,1580
T008216,C0574,2026-02-20 13:50:28.152346028,Deposit,5469
T008217,C0508,2026-02-20 15:03:18.916576380,Withdrawal,2273
T008218,C2223,2026-02-20 16:16:09.680806732,Deposit,696
T008219,C0692,2026-02-20 17:29:00.445037084,Withdrawal,2137
T008220,C1295,2026-02-20 18:41:51.209267440,Deposit,807
T008221,C1698,2026-02-20 19:54:41.973497792,Transfer,6345
T008222,C0788,2026-02-20 21:07:32.737728144,Withdrawal,2914
T008223,C0572,2026-02-20 22:20:23.501958496,Deposit,874
T008224,C2234,2026-02-20 23:33:14.266188848,Deposit,512
T008225,C0587,2026-02-21 00:46:05.030419200,Withdrawal,4560
T008226,C0514,2026-02-21 01:58:55.794649552,Deposit,682
T008227,C1976,2026-02-21 03:11:46.558879904,Withdrawal,3990
T008228,C0556,2026-02-21 04:24:37.323110260,Withdrawal,2513
T008229,C1710,2026-02-21 05:37:28.087340612,Deposit,1050
T008230,C0295,2026-02-21 06:50:18.851570964,Withdrawal,1560
T008231,C1117,2026-02-21 08:03:09.615801316,Deposit,1831
T008232,C1511,2026-02-21 09:16:00.380031668,Withdrawal,3377
T008233,C2092,2026-02-21 10:28:51.144262020,Withdrawal,2075
T008234,C1808,2026-02-21 11:41:41.908492372,Deposit,27898
T008235,C2087,2026-02-21 12:54:32.672722728,Deposit,4023
T008236,C1983,2026-02-21 14:07:23.436953080,Deposit,193
T008237,C2337,2026-02-21 15:20:14.201183432,Withdrawal,11927
T008238,C0248,2026-02-21 16:33:04.965413784,Deposit,4089
T008239,C2407,2026-02-21 17:45:55.729644136,Deposit,287
T008240,C1462,2026-02-21 18:58:46.493874488,Deposit,5968
T008241,C1819,2026-02-21 20:11:37.258104840,Withdrawal,1733
T008242,C2257,2026-02-21 21:24:28.022335192,Deposit,5391
T008243,C2172,2026-02-21 22:37:18.786565548,Withdrawal,355
T008244,C0975,2026-02-21 23:50:09.550795900,Deposit,4693
T008245,C1878,2026-02-22 01:03:00.315026248,Withdrawal,6442
T008246,C0403,2026-02-22 02:15:51.079256608,Deposit,11958
T008247,C0284,2026-02-22 03:28:41.843486960,Deposit,2159
T008248,C2020,2026-02-22 04:41:32.607717312,Withdrawal,596
T008249,C0241,2026-02-22 05:54:23.371947664,Deposit,514
T008250,C0167,2026-02-22 07:07:14.136178016,Deposit,471
T008251,C1776,2026-02-22 08:20:04.900408368,Transfer,1643
T008252,C0561,2026-02-22 09:32:55.664638720,Deposit,421977
T008253,C2196,2026-02-22 10:45:46.428869072,Deposit,379
T008254,C0701,2026-02-22 11:58:37.193099424,Deposit,1018
T008255,C1920,2026-02-22 13:11:27.957329776,Transfer,676
T008256,C0265,2026-02-22 14:24:18.721560128,Deposit,657
T008257,C2327,2026-02-22 15:37:09.485790480,Deposit,1193
T008258,C2207,2026-02-22 16:50:00.250020832,Deposit,6101
T008259,C1084,2026-02-22 18:02:51.014251184,Withdrawal,1054
T008260,C0499,2026-02-22 19:15:41.778481536,Withdrawal,248
T008261,C1611,2026-02-22 20:28:32.542711888,Withdrawal,2430
T008262,C0488,2026-02-22 21:41:23.306942248,Transfer,2337
T008263,C0465,2026-02-22 22:54:14.071172600,Withdrawal,6346
T008264,C0228,2026-02-23 00:07:04.835402952,Transfer,2304
T008265,C0666,2026-02-23 01:19:55.599633304,Withdrawal,4133
T008266,C1380,2026-02-23 02:32:46.363863656,Deposit,155
T008267,C1490,2026-02-23 03:45:37.128094008,Deposit,1994
T008268,C0799,2026-02-23 04:58:27.892324360,Withdrawal,1357
T008269,C0262,2026-02-23 06:11:18.656554712,Deposit,2777
T008270,C0860,2026-02-23 07:24:09.420785064,Withdrawal,1737
T008271,C0364,2026-02-23 08:37:00.185015416,Transfer,1719
T008272,C2047,2026-02-23 09:49:50.949245768,Deposit,452
T008273,C2031,2026-02-23 11:02:41.713476120,Withdrawal,2113
T008274,C2146,2026-02-23 12:15:32.477706472,Withdrawal,867
T008275,C1036,2026-02-23 13:28:23.241936824,Deposit,1300
T008276,C0583,2026-02-23 14:41:14.006167176,Withdrawal,2792
T008277,C0927,2026-02-23 15:54:04.770397536,Withdrawal,1020
T008278,C2183,2026-02-23 17:06:55.534627888,Transfer,4895
T008279,C2307,2026-02-23 18:19:46.298858240,Withdrawal,1317
T008280,C0916,2026-02-23 19:32:37.063088592,Transfer,878
T008281,C1987,2026-02-23 20:45:27.827318944,Withdrawal,2307
T008282,C1775,2026-02-23 21:58:18.591549296,Withdrawal,6075
T008283,C1464,2026-02-23 23:11:09.355779648,Deposit,949
T008284,C0151,2026-02-24 00:24:00.120010000,Deposit,860
T008285,C1505,2026-02-24 01:36:50.884240352,Withdrawal,3391
T008286,C0868,2026-02-24 02:49:41.648470704,Withdrawal,1067
T008287,C0142,2026-02-24 04:02:32.412701056,Transfer,1535
T008288,C2299,2026-02-24 05:15:23.176931408,Deposit,608
T008289,C0907,2026-02-24 06:28:13.941161760,Withdrawal,782
T008290,C1071,2026-02-24 07:41:04.705392112,Deposit,438
T008291,C0094,2026-02-24 08:53:55.469622464,Withdrawal,1086
T008292,C0761,2026-02-24 10:06:46.233852824,Transfer,3258
T008293,C0356,2026-02-24 11:19:36.998083176,Deposit,1927
T008294,C0532,2026-02-24 12:32:27.762313528,Deposit,2166
T008295,C2018,2026-02-24 13:45:18.526543880,Withdrawal,813
T008296,C1453,2026-02-24 14:58:09.290774232,Deposit,11468
T008297,C0917,2026-02-24 16:11:00.055004584,Deposit,965
T008298,C2112,2026-02-24 17:23:50.819234936,Withdrawal,1829
T008299,C1493,2026-02-24 18:36:41.583465288,Deposit,1119
T008300,C0727,2026-02-24 19:49:32.347695640,Deposit,1301
T008301,C1555,2026-02-24 21:02:23.111925992,Withdrawal,411
T008302,C0766,2026-02-24 22:15:13.876156344,Deposit,1404
T008303,C1610,2026-02-24 23:28:04.640386696,Deposit,2711
T008304,C0923,2026-02-25 00:40:55.404617048,Deposit,189
T008305,C0653,2026-02-25 01:53:46.168847400,Deposit,3067
T008306,C0905,2026-02-25 03:06:36.933077752,Withdrawal,1113
T008307,C0746,2026-02-25 04:19:27.697308112,Withdrawal,1757
T008308,C0940,2026-02-25 05:32:18.461538464,Deposit,450
T008309,C0088,2026-02-25 06:45:09.225768816,Withdrawal,905
T008310,C1834,2026-02-25 07:57:59.989999168,Deposit,4480
T008311,C0563,2026-02-25 09:10:50.754229520,Withdrawal,1388
T008312,C1269,2026-02-25 10:23:41.518459872,Withdrawal,2685
T008313,C1491,2026-02-25 11:36:32.282690224,Deposit,3971
T008314,C1466,2026-02-25 12:49:23.046920576,Deposit,1710
T008315,C0442,2026-02-25 14:02:13.811150928,Transfer,1738
T008316,C1950,2026-02-25 15:15:04.575381280,Withdrawal,351
T008317,C1573,2026-02-25 16:27:55.339611632,Transfer,1176
T008318,C0559,2026-02-25 17:40:46.103841984,Withdrawal,1859
T008319,C0943,2026-02-25 18:53:36.868072336,Withdrawal,1653
T008320,C1258,2026-02-25 20:06:27.632302688,Deposit,3270
T008321,C0793,2026-02-25 21:19:18.396533040,Withdrawal,18726
T008322,C2174,2026-02-25 22:32:09.160763400,Withdrawal,2212
T008323,C0690,2026-02-25 23:44:59.924993752,Transfer,3339
T008324,C0477,2026-02-26 00:57:50.689224104,Deposit,1471
T008325,C0685,2026-02-26 02:10:41.453454456,Deposit,1018
T008326,C2420,2026-02-26 03:23:32.217684808,Withdrawal,1044
T008327,C1144,2026-02-26 04:36:22.981915160,Withdrawal,1057
T008328,C0542,2026-02-26 05:49:13.746145512,Withdrawal,1783
T008329,C0179,2026-02-26 07:02:04.510375864,Transfer,666
T008330,C0748,2026-02-26 08:14:55.274606216,Transfer,1267
T008331,C2350,2026-02-26 09:27:46.038836568,Deposit,2843
T008332,C1476,2026-02-26 10:40:36.803066920,Withdrawal,3732
T008333,C1848,2026-02-26 11:53:27.567297272,Withdrawal,617
T008334,C1146,2026-02-26 13:06:18.331527624,Deposit,2470
T008335,C2105,2026-02-26 14:19:09.095757976,Deposit,464
T008336,C1024,2026-02-26 15:31:59.859988328,Deposit,1078
T008337,C1163,2026-02-26 16:44:50.624218688,Transfer,2986
T008338,C1223,2026-02-26 17:57:41.388449040,Withdrawal,9795
T008339,C1809,2026-02-26 19:10:32.152679392,Withdrawal,834
T008340,C1385,2026-02-26 20:23:22.916909744,Withdrawal,668
T008341,C0410,2026-02-26 21:36:13.681140096,Deposit,1729
T008342,C0646,2026-02-26 22:49:04.445370448,Withdrawal,1413
T008343,C1552,2026-02-27 00:01:55.209600800,Withdrawal,1091
T008344,C1639,2026-02-27 01:14:45.973831152,Withdrawal,1327
T008345,C1267,2026-02-27 02:27:36.738061504,Deposit,701
T008346,C1114,2026-02-27 03:40:27.502291856,Transfer,815
T008347,C0062,2026-02-27 04:53:18.266522208,Deposit,1947
T008348,C1236,2026-02-27 06:06:09.030752560,Deposit,717
T008349,C0248,2026-02-27 07:18:59.794982912,Withdrawal,3031
T008350,C1728,2026-02-27 08:31:50.559213264,Withdrawal,227
T008351,C0497,2026-02-27 09:44:41.323443616,Withdrawal,1603
T008352,C2104,2026-02-27 10:57:32.087673976,Withdrawal,853
T008353,C0459,2026-02-27 12:10:22.851904328,Withdrawal,1365
T008354,C1567,2026-02-27 13:23:13.616134680,Deposit,13988
T008355,C1413,2026-02-27 14:36:04.380365032,Transfer,503
T008356,C1734,2026-02-27 15:48:55.144595384,Deposit,4976
T008357,C1105,2026-02-27 17:01:45.908825736,Deposit,551
T008358,C2492,2026-02-27 18:14:36.673056088,Deposit,3294
T008359,C2040,2026-02-27 19:27:27.437286440,Withdrawal,4343
T008360,C0792,2026-02-27 20:40:18.201516792,Deposit,628
T008361,C1308,2026-02-27 21:53:08.965747144,Deposit,1453
T008362,C1725,2026-02-27 23:05:59.729977496,Withdrawal,11470
T008363,C1575,2026-02-28 00:18:50.494207848,Deposit,1720
T008364,C0595,2026-02-28 01:31:41.258438200,Deposit,1110
T008365,C2456,2026-02-28 02:44:32.022668552,Deposit,364
T008366,C2375,2026-02-28 03:57:22.786898904,Withdrawal,531
T008367,C0942,2026-02-28 05:10:13.551129264,Transfer,2691
T008368,C1200,2026-02-28 06:23:04.315359616,Deposit,573
T008369,C2037,2026-02-28 07:35:55.079589968,Withdrawal,3136
T008370,C1814,2026-02-28 08:48:45.843820320,Transfer,2139
T008371,C2431,2026-02-28 10:01:36.608050672,Deposit,1968
T008372,C2395,2026-02-28 11:14:27.372281024,Transfer,521
T008373,C0272,2026-02-28 12:27:18.136511376,Transfer,3331
T008374,C1285,2026-02-28 13:40:08.900741728,Deposit,4412
T008375,C0396,2026-02-28 14:52:59.664972080,Deposit,3605
T008376,C0154,2026-02-28 16:05:50.429202432,Transfer,4846
T008377,C1091,2026-02-28 17:18:41.193432784,Deposit,2772
T008378,C1723,2026-02-28 18:31:31.957663136,Deposit,1023
T008379,C0348,2026-02-28 19:44:22.721893488,Withdrawal,942
T008380,C1087,2026-02-28 20:57:13.486123840,Deposit,534
T008381,C2404,2026-02-28 22:10:04.250354192,Transfer,1812
T008382,C1305,2026-02-28 23:22:55.014584552,Deposit,4039
T008383,C1564,2026-03-01 00:35:45.778814904,Deposit,4069
T008384,C2415,2026-03-01 01:48:36.543045256,Withdrawal,3595
T008385,C1015,2026-03-01 03:01:27.307275608,Transfer,5501
T008386,C0277,2026-03-01 04:14:18.071505960,Transfer,2524
T008387,C0221,2026-03-01 05:27:08.835736312,Withdrawal,1339
T008388,C1753,2026-03-01 06:39:59.599966664,Transfer,6542
T008389,C2109,2026-03-01 07:52:50.364197016,Withdrawal,1735
T008390,C1127,2026-03-01 09:05:41.128427368,Withdrawal,5085
T008391,C1931,2026-03-01 10:18:31.892657720,Deposit,6312
T008392,C2123,2026-03-01 11:31:22.656888072,Transfer,692
T008393,C0473,2026-03-01 12:44:13.421118424,Withdrawal,1461
T008394,C1025,2026-03-01 13:57:04.185348776,Deposit,3070
T008395,C0416,2026-03-01 15:09:54.949579128,Deposit,541
T008396,C1493,2026-03-01 16:22:45.713809480,Transfer,1533
T008397,C1389,2026-03-01 17:35:36.478039832,Transfer,1420
T008398,C1869,2026-03-01 18:48:27.242270192,Deposit,2333
T008399,C1698,2026-03-01 20:01:18.006500544,Withdrawal,581
T008400,C0017,2026-03-01 21:14:08.770730896,Transfer,21588
T008401,C1534,2026-03-01 22:26:59.534961248,Deposit,3099
T008402,C1463,2026-03-01 23:39:50.299191600,Deposit,3452
T008403,C1903,2026-03-02 00:52:41.063421952,Withdrawal,3325
T008404,C1866,2026-03-02 02:05:31.827652304,Deposit,5034
T008405,C1737,2026-03-02 03:18:22.591882656,Deposit,3187
T008406,C2251,2026-03-02 04:31:13.356113008,Deposit,7615
T008407,C0472,2026-03-02 05:44:04.120343360,Withdrawal,757
T008408,C2462,2026-03-02 06:56:54.884573712,Deposit,3434
T008409,C1699,2026-03-02 08:09:45.648804064,Deposit,1039
T008410,C0501,2026-03-02 09:22:36.413034416,Deposit,7258
T008411,C0121,2026-03-02 10:35:27.177264768,Deposit,931
T008412,C1776,2026-03-02 11:48:17.941495120,Deposit,647
T008413,C0607,2026-03-02 13:01:08.705725480,Deposit,2706
T008414,C0350,2026-03-02 14:13:59.469955832,Deposit,854
T008415,C0820,2026-03-02 15:26:50.234186184,Deposit,786
T008416,C0784,2026-03-02 16:39:40.998416536,Deposit,2205
T008417,C1847,2026-03-02 17:52:31.762646888,Withdrawal,1322
T008418,C0497,2026-03-02 19:05:22.526877240,Transfer,3854
T008419,C0392,2026-03-02 20:18:13.291107592,Withdrawal,4850
T008420,C1133,2026-03-02 21:31:04.055337944,Withdrawal,4101
T008421,C0350,2026-03-02 22:43:54.819568296,Transfer,3182
T008422,C0775,2026-03-02 23:56:45.583798648,Deposit,6951
T008423,C1746,2026-03-03 01:09:36.348029000,Withdrawal,390
T008424,C2197,2026-03-03 02:22:27.112259352,Withdrawal,1125
T008425,C2304,2026-03-03 03:35:17.876489704,Deposit,2378
T008426,C1223,2026-03-03 04:48:08.640720056,Withdrawal,27298
T008427,C1932,2026-03-03 06:00:59.404950408,Withdrawal,806
T008428,C1467,2026-03-03 07:13:50.169180768,Transfer,1212
T008429,C1873,2026-03-03 08:26:40.933411120,Transfer,1714
T008430,C0344,2026-03-03 09:39:31.697641472,Deposit,2941
T008431,C0677,2026-03-03 10:52:22.461871824,Deposit,8046
T008432,C2156,2026-03-03 12:05:13.226102176,Deposit,688
T008433,C0595,2026-03-03 13:18:03.990332528,Deposit,1038
T008434,C2073,2026-03-03 14:30:54.754562880,Withdrawal,6208
T008435,C2331,2026-03-03 15:43:45.518793232,Deposit,1182
T008436,C0938,2026-03-03 16:56:36.283023584,Transfer,4000
T008437,C1991,2026-03-03 18:09:27.047253936,Deposit,2696
T008438,C0238,2026-03-03 19:22:17.811484288,Deposit,3405
T008439,C2364,2026-03-03 20:35:08.575714640,Transfer,1880
T008440,C0840,2026-03-03 21:47:59.339944992,Withdrawal,4503
T008441,C0592,2026-03-03 23:00:50.104175344,Withdrawal,5127
T008442,C1632,2026-03-04 00:13:40.868405696,Withdrawal,32316
T008443,C1406,2026-03-04 01:26:31.632636056,Deposit,1330
T008444,C2020,2026-03-04 02:39:22.396866408,Withdrawal,633
T008445,C0150,2026-03-04 03:52:13.161096760,Withdrawal,668
T008446,C2400,2026-03-04 05:05:03.925327112,Deposit,962
T008447,C2490,2026-03-04 06:17:54.689557464,Deposit,2255
T008448,C0395,2026-03-04 07:30:45.453787816,Transfer,2113
T008449,C0006,2026-03-04 08:43:36.218018168,Deposit,3640
T008450,C0220,2026-03-04 09:56:26.982248520,Withdrawal,551
T008451,C0012,2026-03-04 11:09:17.746478872,Withdrawal,20101
T008452,C1409,2026-03-04 12:22:08.510709224,Deposit,3313
T008453,C0458,2026-03-04 13:34:59.274939576,Deposit,2224
T008454,C2273,2026-03-04 14:47:50.039169928,Transfer,1196
T008455,C2384,2026-03-04 16:00:40.803400280,Withdrawal,208
T008456,C0167,2026-03-04 17:13:31.567630632,Deposit,1111
T008457,C1862,2026-03-04 18:26:22.331860984,Withdrawal,2411
T008458,C1974,2026-03-04 19:39:13.096091344,Withdrawal,2375
T008459,C1945,2026-03-04 20:52:03.860321696,Deposit,3991
T008460,C2196,2026-03-04 22:04:54.624552048,Withdrawal,555
T008461,C0036,2026-03-04 23:17:45.388782400,Withdrawal,2689
T008462,C0990,2026-03-05 00:30:36.153012752,Deposit,3162
T008463,C2356,2026-03-05 01:43:26.917243104,Withdrawal,5739
T008464,C0642,2026-03-05 02:56:17.681473456,Transfer,1111
T008465,C0240,2026-03-05 04:09:08.445703808,Deposit,2537
T008466,C0917,2026-03-05 05:21:59.209934160,Deposit,10057
T008467,C0856,2026-03-05 06:34:49.974164512,Withdrawal,2051
T008468,C2352,2026-03-05 07:47:40.738394864,Deposit,13683
T008469,C0554,2026-03-05 09:00:31.502625216,Transfer,12132
T008470,C1886,2026-03-05 10:13:22.266855568,Withdrawal,1591
T008471,C1325,2026-03-05 11:26:13.031085920,Transfer,1140
T008472,C1229,2026-03-05 12:39:03.795316272,Withdrawal,4815
T008473,C0195,2026-03-05 13:51:54.559546632,Deposit,2481
T008474,C1899,2026-03-05 15:04:45.323776984,Withdrawal,5606
T008475,C1426,2026-03-05 16:17:36.088007336,Withdrawal,2650
T008476,C2300,2026-03-05 17:30:26.852237688,Transfer,3082
T008477,C1972,2026-03-05 18:43:17.616468040,Transfer,583
T008478,C1307,2026-03-05 19:56:08.380698392,Withdrawal,1972
T008479,C2255,2026-03-05 21:08:59.144928744,Deposit,3829
T008480,C0500,2026-03-05 22:21:49.909159096,Withdrawal,264
T008481,C1167,2026-03-05 23:34:40.673389448,Deposit,1298
T008482,C0019,2026-03-06 00:47:31.437619800,Deposit,1949
T008483,C0687,2026-03-06 02:00:22.201850152,Deposit,682
T008484,C2068,2026-03-06 03:13:12.966080504,Deposit,3422
T008485,C1812,2026-03-06 04:26:03.730310856,Transfer,900
T008486,C0448,2026-03-06 05:38:54.494541208,Deposit,2343
T008487,C1767,2026-03-06 06:51:45.258771560,Withdrawal,240
T008488,C1125,2026-03-06 08:04:36.023001920,Withdrawal,6565
T008489,C0294,2026-03-06 09:17:26.787232272,Transfer,1165
T008490,C1574,2026-03-06 10:30:17.551462624,Withdrawal,3764
T008491,C0065,2026-03-06 11:43:08.315692976,Withdrawal,13491
T008492,C0076,2026-03-06 12:55:59.079923328,Deposit,3089
T008493,C2075,2026-03-06 14:08:49.844153680,Transfer,3103
T008494,C1639,2026-03-06 15:21:40.608384032,Deposit,1346
T008495,C1300,2026-03-06 16:34:31.372614384,Withdrawal,252
T008496,C1596,2026-03-06 17:47:22.136844736,Transfer,365
T008497,C0083,2026-03-06 19:00:12.901075088,Transfer,2629
T008498,C2054,2026-03-06 20:13:03.665305440,Deposit,599
T008499,C1700,2026-03-06 21:25:54.429535792,Withdrawal,254
T008500,C0368,2026-03-06 22:38:45.193766144,Deposit,252
T008501,C1738,2026-03-06 23:51:35.957996496,Withdrawal,3917
T008502,C1473,2026-03-07 01:04:26.722226848,Withdrawal,941
T008503,C1931,2026-03-07 02:17:17.486457208,Deposit,1438
T008504,C0370,2026-03-07 03:30:08.250687560,Transfer,752
T008505,C0278,2026-03-07 04:42:59.014917912,Deposit,1818
T008506,C0340,2026-03-07 05:55:49.779148264,Transfer,1553
T008507,C0614,2026-03-07 07:08:40.543378616,Transfer,907
T008508,C1104,2026-03-07 08:21:31.307608968,Deposit,698
T008509,C0793,2026-03-07 09:34:22.071839320,Withdrawal,6626
T008510,C0067,2026-03-07 10:47:12.836069672,Deposit,1523
T008511,C0215,2026-03-07 12:00:03.600300024,Deposit,3381
T008512,C0416,2026-03-07 13:12:54.364530376,Transfer,1486
T008513,C0552,2026-03-07 14:25:45.128760728,Deposit,816
T008514,C1310,2026-03-07 15:38:35.892991080,Withdrawal,1131
T008515,C0571,2026-03-07 16:51:26.657221432,Transfer,5535
T008516,C0540,2026-03-07 18:04:17.421451784,Deposit,521
T008517,C1261,2026-03-07 19:17:08.185682136,Withdrawal,1048
T008518,C0117,2026-03-07 20:29:58.949912496,Withdrawal,654
T008519,C2199,2026-03-07 21:42:49.714142848,Withdrawal,1500
T008520,C1107,2026-03-07 22:55:40.478373200,Transfer,499
T008521,C1753,2026-03-08 00:08:31.242603552,Withdrawal,691
T008522,C1244,2026-03-08 01:21:22.006833904,Withdrawal,1640
T008523,C1309,2026-03-08 02:34:12.771064256,Transfer,314
T008524,C1778,2026-03-08 03:47:03.535294608,Transfer,1052
T008525,C2482,2026-03-08 04:59:54.299524960,Withdrawal,1965
T008526,C2368,2026-03-08 06:12:45.063755312,Withdrawal,3173
T008527,C1635,2026-03-08 07:25:35.827985664,Withdrawal,2511
T008528,C0242,2026-03-08 08:38:26.592216016,Transfer,3440
T008529,C0465,2026-03-08 09:51:17.356446368,Withdrawal,1419
T008530,C2251,2026-03-08 11:04:08.120676720,Deposit,2623
T008531,C0549,2026-03-08 12:16:58.884907072,Deposit,709
T008532,C1469,2026-03-08 13:29:49.649137424,Withdrawal,6284
T008533,C0858,2026-03-08 14:42:40.413367776,Withdrawal,6044
T008534,C1879,2026-03-08 15:55:31.177598136,Withdrawal,4070
T008535,C0786,2026-03-08 17:08:21.941828488,Withdrawal,1336
T008536,C0541,2026-03-08 18:21:12.706058840,Deposit,5033
T008537,C1906,2026-03-08 19:34:03.470289192,Deposit,2538
T008538,C0572,2026-03-08 20:46:54.234519544,Withdrawal,227
T008539,C1510,2026-03-08 21:59:44.998749896,Deposit,1900
T008540,C2453,2026-03-08 23:12:35.762980248,Transfer,5658
T008541,C0657,2026-03-09 00:25:26.527210600,Deposit,2058
T008542,C0949,2026-03-09 01:38:17.291440952,Withdrawal,2803
T008543,C0015,2026-03-09 02:51:08.055671304,Deposit,301
T008544,C1105,2026-03-09 04:03:58.819901656,Deposit,1086
T008545,C0307,2026-03-09 05:16:49.584132008,Deposit,949
T008546,C0705,2026-03-09 06:29:40.348362360,Withdrawal,430
T008547,C0397,2026-03-09 07:42:31.112592712,Withdrawal,1698
T008548,C0678,2026-03-09 08:55:21.876823064,Deposit,1490
T008549,C0211,2026-03-09 10:08:12.641053424,Deposit,4570
T008550,C0399,2026-03-09 11:21:03.405283776,Withdrawal,534
T008551,C1397,2026-03-09 12:33:54.169514128,Withdrawal,1650
T008552,C0258,2026-03-09 13:46:44.933744480,Deposit,623
T008553,C2163,2026-03-09 14:59:35.697974832,Transfer,298
T008554,C0334,2026-03-09 16:12:26.462205184,Deposit,1790
T008555,C0349,2026-03-09 17:25:17.226435536,Transfer,1083
T008556,C2281,2026-03-09 18:38:07.990665888,Deposit,1402
T008557,C0449,2026-03-09 19:50:58.754896240,Withdrawal,1781
T008558,C0828,2026-03-09 21:03:49.519126592,Deposit,3006
T008559,C2146,2026-03-09 22:16:40.283356944,Withdrawal,338
T008560,C0462,2026-03-09 23:29:31.047587296,Withdrawal,1474
T008561,C0500,2026-03-10 00:42:21.811817648,Deposit,204
T008562,C1062,2026-03-10 01:55:12.576048000,Deposit,894
T008563,C1266,2026-03-10 03:08:03.340278352,Deposit,6450
T008564,C1075,2026-03-10 04:20:54.104508712,Withdrawal,733
T008565,C1999,2026-03-10 05:33:44.868739064,Transfer,657
T008566,C0127,2026-03-10 06:46:35.632969416,Deposit,2126
T008567,C1127,2026-03-10 07:59:26.397199768,Withdrawal,572
T008568,C1990,2026-03-10 09:12:17.161430120,Deposit,1529
T008569,C2484,2026-03-10 10:25:07.925660472,Deposit,1555
T008570,C1409,2026-03-10 11:37:58.689890824,Deposit,378
T008571,C0085,2026-03-10 12:50:49.454121176,Deposit,2019
T008572,C1383,2026-03-10 14:03:40.218351528,Deposit,1046
T008573,C0786,2026-03-10 15:16:30.982581880,Transfer,2440
T008574,C2075,2026-03-10 16:29:21.746812232,Transfer,3687
T008575,C0072,2026-03-10 17:42:12.511042584,Transfer,1760
T008576,C1450,2026-03-10 18:55:03.275272936,Transfer,765
T008577,C1030,2026-03-10 20:07:54.039503288,Withdrawal,2279
T008578,C1114,2026-03-10 21:20:44.803733640,Deposit,4709
T008579,C1616,2026-03-10 22:33:35.567964000,Withdrawal,4396
T008580,C1619,2026-03-10 23:46:26.332194352,Withdrawal,3299
T008581,C0152,2026-03-11 00:59:17.096424704,Withdrawal,1736
T008582,C1236,2026-03-11 02:12:07.860655056,Withdrawal,2641
T008583,C1287,2026-03-11 03:24:58.624885408,Withdrawal,711
T008584,C1406,2026-03-11 04:37:49.389115760,Withdrawal,6106
T008585,C2105,2026-03-11 05:50:40.153346112,Deposit,452
T008586,C2474,2026-03-11 07:03:30.917576464,Withdrawal,1953
T008587,C1647,2026-03-11 08:16:21.681806816,Deposit,5115
T008588,C0142,2026-03-11 09:29:12.446037168,Deposit,4882
T008589,C1548,2026-03-11 10:42:03.210267520,Transfer,6526
T008590,C1885,2026-03-11 11:54:53.974497872,Withdrawal,2360
T008591,C1032,2026-03-11 13:07:44.738728224,Transfer,1677
T008592,C1210,2026-03-11 14:20:35.502958576,Withdrawal,924
T008593,C1077,2026-03-11 15:33:26.267188928,Deposit,5391
T008594,C2185,2026-03-11 16:46:17.031419288,Transfer,2092
T008595,C2222,2026-03-11 17:59:07.795649640,Deposit,2530
T008596,C0219,2026-03-11 19:11:58.559879992,Transfer,1004
T008597,C0255,2026-03-11 20:24:49.324110344,Withdrawal,1820
T008598,C0812,2026-03-11 21:37:40.088340696,Transfer,992
T008599,C0270,2026-03-11 22:50:30.852571048,Transfer,2418
T008600,C1611,2026-03-12 00:03:21.616801400,Deposit,1775
T008601,C2272,2026-03-12 01:16:12.381031752,Transfer,1624
T008602,C0883,2026-03-12 02:29:03.145262104,Withdrawal,2480
T008603,C0604,2026-03-12 03:41:53.909492456,Deposit,1279
T008604,C1187,2026-03-12 04:54:44.673722808,Transfer,8917
T008605,C1734,2026-03-12 06:07:35.437953160,Transfer,905
T008606,C0701,2026-03-12 07:20:26.202183512,Deposit,795
T008607,C0073,2026-03-12 08:33:16.966413864,Transfer,2355
T008608,C0898,2026-03-12 09:46:07.730644216,Withdrawal,1261
T008609,C2022,2026-03-12 10:58:58.494874576,Deposit,9735
T008610,C0947,2026-03-12 12:11:49.259104928,Withdrawal,1626
T008611,C0543,2026-03-12 13:24:40.023335280,Withdrawal,3756
T008612,C0631,2026-03-12 14:37:30.787565632,Withdrawal,1507
T008613,C1508,2026-03-12 15:50:21.551795984,Withdrawal,7850
T008614,C0878,2026-03-12 17:03:12.316026336,Transfer,5449
T008615,C1279,2026-03-12 18:16:03.080256688,Transfer,508
T008616,C0757,2026-03-12 19:28:53.844487040,Deposit,2995
T008617,C0198,2026-03-12 20:41:44.608717392,Withdrawal,1411
T008618,C1451,2026-03-12 21:54:35.372947744,Deposit,5004
T008619,C0082,2026-03-12 23:07:26.137178096,Withdrawal,1279
T008620,C1332,2026-03-13 00:20:16.901408448,Transfer,2825
T008621,C1723,2026-03-13 01:33:07.665638800,Deposit,2169
T008622,C2422,2026-03-13 02:45:58.429869152,Deposit,613
T008623,C0357,2026-03-13 03:58:49.194099504,Transfer,2584
T008624,C1320,2026-03-13 05:11:39.958329864,Withdrawal,2693
T008625,C0580,2026-03-13 06:24:30.722560216,Deposit,1594
T008626,C0300,2026-03-13 07:37:21.486790568,Withdrawal,1905
T008627,C0646,2026-03-13 08:50:12.251020920,Transfer,841
T008628,C2168,2026-03-13 10:03:03.015251272,Withdrawal,248
T008629,C2234,2026-03-13 11:15:53.779481624,Withdrawal,1168
T008630,C0308,2026-03-13 12:28:44.543711976,Withdrawal,1082
T008631,C0234,2026-03-13 13:41:35.307942328,Withdrawal,749
T008632,C1035,2026-03-13 14:54:26.072172680,Withdrawal,4008
T008633,C2223,2026-03-13 16:07:16.836403032,Deposit,1543
T008634,C0643,2026-03-13 17:20:07.600633384,Withdrawal,747
T008635,C1922,2026-03-13 18:32:58.364863736,Transfer,740
T008636,C1026,2026-03-13 19:45:49.129094088,Transfer,173
T008637,C1736,2026-03-13 20:58:39.893324440,Withdrawal,2427
T008638,C0182,2026-03-13 22:11:30.657554792,Withdrawal,503
T008639,C0942,2026-03-13 23:24:21.421785152,Deposit,11957
T008640,C0350,2026-03-14 00:37:12.186015504,Deposit,2557
T008641,C1406,2026-03-14 01:50:02.950245856,Transfer,9544
T008642,C1221,2026-03-14 03:02:53.714476208,Deposit,1385
T008643,C1546,2026-03-14 04:15:44.478706560,Deposit,5644
T008644,C0225,2026-03-14 05:28:35.242936912,Withdrawal,2677
T008645,C1752,2026-03-14 06:41:26.007167264,Withdrawal,8283
T008646,C1747,2026-03-14 07:54:16.771397616,Withdrawal,1615
T008647,C0286,2026-03-14 09:07:07.535627968,Withdrawal,3038
T008648,C1355,2026-03-14 10:19:58.299858320,Withdrawal,3988
T008649,C0193,2026-03-14 11:32:49.064088672,Deposit,188
T008650,C1169,2026-03-14 12:45:39.828319024,Transfer,6511
T008651,C0671,2026-03-14 13:58:30.592549376,Transfer,4004
T008652,C1862,2026-03-14 15:11:21.356779728,Withdrawal,349
T008653,C0612,2026-03-14 16:24:12.121010080,Withdrawal,1525
T008654,C0901,2026-03-14 17:37:02.885240440,Deposit,2793
T008655,C1647,2026-03-14 18:49:53.649470792,Withdrawal,295
T008656,C0051,2026-03-14 20:02:44.413701144,Withdrawal,6484
T008657,C0128,2026-03-14 21:15:35.177931496,Deposit,3203
T008658,C1676,2026-03-14 22:28:25.942161848,Withdrawal,1683
T008659,C1778,2026-03-14 23:41:16.706392200,Withdrawal,14351
T008660,C1070,2026-03-15 00:54:07.470622552,Transfer,4110
T008661,C0234,2026-03-15 02:06:58.234852904,Deposit,609
T008662,C2496,2026-03-15 03:19:48.999083256,Withdrawal,1466
T008663,C0584,2026-03-15 04:32:39.763313608,Deposit,7895
T008664,C1467,2026-03-15 05:45:30.527543960,Deposit,3341
T008665,C0503,2026-03-15 06:58:21.291774312,Withdrawal,400
T008666,C0922,2026-03-15 08:11:12.056004664,Withdrawal,1968
T008667,C0285,2026-03-15 09:24:02.820235016,Withdrawal,746
T008668,C1156,2026-03-15 10:36:53.584465368,Withdrawal,2394
T008669,C1970,2026-03-15 11:49:44.348695720,Transfer,767
T008670,C1500,2026-03-15 13:02:35.112926080,Withdrawal,18881
T008671,C0936,2026-03-15 14:15:25.877156432,Transfer,2904
T008672,C0356,2026-03-15 15:28:16.641386784,Deposit,315
T008673,C1995,2026-03-15 16:41:07.405617136,Transfer,470
T008674,C1061,2026-03-15 17:53:58.169847488,Deposit,235
T008675,C1662,2026-03-15 19:06:48.934077840,Deposit,2638
T008676,C2186,2026-03-15 20:19:39.698308192,Deposit,7739
T008677,C1446,2026-03-15 21:32:30.462538544,Withdrawal,1585
T008678,C1469,2026-03-15 22:45:21.226768896,Deposit,3410
T008679,C1269,2026-03-15 23:58:11.990999248,Deposit,3429
T008680,C1563,2026-03-16 01:11:02.755229600,Withdrawal,3076
T008681,C2147,2026-03-16 02:23:53.519459952,Withdrawal,6884
T008682,C1211,2026-03-16 03:36:44.283690304,Withdrawal,1984
T008683,C2084,2026-03-16 04:49:35.047920656,Withdrawal,362527
T008684,C0630,2026-03-16 06:02:25.812151008,Transfer,586
T008685,C1503,2026-03-16 07:15:16.576381368,Transfer,205
T008686,C0787,2026-03-16 08:28:07.340611720,Deposit,569
T008687,C2103,2026-03-16 09:40:58.104842072,Transfer,1219
T008688,C1495,2026-03-16 10:53:48.869072424,Deposit,2639
T008689,C1108,2026-03-16 12:06:39.633302776,Withdrawal,1181
T008690,C0891,2026-03-16 13:19:30.397533128,Transfer,2842
T008691,C2036,2026-03-16 14:32:21.161763480,Withdrawal,3979
T008692,C0170,2026-03-16 15:45:11.925993832,Transfer,901
T008693,C2297,2026-03-16 16:58:02.690224184,Transfer,4651
T008694,C0662,2026-03-16 18:10:53.454454536,Transfer,4447
T008695,C2258,2026-03-16 19:23:44.218684888,Deposit,1914
T008696,C0912,2026-03-16 20:36:34.982915240,Transfer,1169
T008697,C2189,2026-03-16 21:49:25.747145592,Deposit,622
T008698,C0632,2026-03-16 23:02:16.511375944,Withdrawal,2472
T008699,C0805,2026-03-17 00:15:07.275606296,Withdrawal,479
T008700,C2228,2026-03-17 01:27:58.039836656,Transfer,3489
T008701,C0920,2026-03-17 02:40:48.804067008,Deposit,1351
T008702,C1748,2026-03-17 03:53:39.568297360,Transfer,3577
T008703,C1041,2026-03-17 05:06:30.332527712,Transfer,4332
T008704,C0385,2026-03-17 06:19:21.096758064,Transfer,2982
T008705,C0893,2026-03-17 07:32:11.860988416,Deposit,2623
T008706,C2004,2026-03-17 08:45:02.625218768,Transfer,6661
T008707,C0792,2026-03-17 09:57:53.389449120,Withdrawal,2082
T008708,C0046,2026-03-17 11:10:44.153679472,Deposit,828
T008709,C0830,2026-03-17 12:23:34.917909824,Transfer,3333
T008710,C0979,2026-03-17 13:36:25.682140176,Deposit,1825
T008711,C2095,2026-03-17 14:49:16.446370528,Deposit,422
T008712,C0528,2026-03-17 16:02:07.210600880,Deposit,2201
T008713,C2155,2026-03-17 17:14:57.974831232,Deposit,6537
T008714,C0616,2026-03-17 18:27:48.739061584,Withdrawal,208
T008715,C0966,2026-03-17 19:40:39.503291944,Transfer,422
T008716,C1157,2026-03-17 20:53:30.267522296,Transfer,2187
T008717,C0201,2026-03-17 22:06:21.031752648,Withdrawal,3655
T008718,C2302,2026-03-17 23:19:11.795983000,Withdrawal,2152
T008719,C2231,2026-03-18 00:32:02.560213352,Deposit,1046
T008720,C1174,2026-03-18 01:44:53.324443704,Withdrawal,333
T008721,C1573,2026-03-18 02:57:44.088674056,Transfer,5529
T008722,C0505,2026-03-18 04:10:34.852904408,Deposit,2045
T008723,C2461,2026-03-18 05:23:25.617134760,Deposit,1021
T008724,C1946,2026-03-18 06:36:16.381365112,Transfer,2854
T008725,C1862,2026-03-18 07:49:07.145595464,Withdrawal,771
T008726,C1532,2026-03-18 09:01:57.909825816,Deposit,2455
T008727,C0404,2026-03-18 10:14:48.674056168,Transfer,2273
T008728,C0236,2026-03-18 11:27:39.438286520,Deposit,938
T008729,C1620,2026-03-18 12:40:30.202516872,Transfer,1113
T008730,C0633,2026-03-18 13:53:20.966747232,Withdrawal,847
T008731,C1570,2026-03-18 15:06:11.730977584,Withdrawal,3046
T008732,C2256,2026-03-18 16:19:02.495207936,Withdrawal,1514
T008733,C0140,2026-03-18 17:31:53.259438288,Deposit,3879
T008734,C0588,2026-03-18 18:44:44.023668640,Withdrawal,1975
T008735,C1844,2026-03-18 19:57:34.787898992,Deposit,1602
T008736,C0967,2026-03-18 21:10:25.552129344,Deposit,334
T008737,C0570,2026-03-18 22:23:16.316359696,Withdrawal,32207
T008738,C2173,2026-03-18 23:36:07.080590048,Deposit,4635
T008739,C1984,2026-03-19 00:48:57.844820400,Withdrawal,7634
T008740,C2182,2026-03-19 02:01:48.609050752,Withdrawal,9118
T008741,C1250,2026-03-19 03:14:39.373281104,Deposit,4236
T008742,C1969,2026-03-19 04:27:30.137511456,Deposit,5351
T008743,C1573,2026-03-19 05:40:20.901741808,Transfer,16024
T008744,C1744,2026-03-19 06:53:11.665972160,Deposit,5310
T008745,C0339,2026-03-19 08:06:02.430202520,Withdrawal,893
T008746,C0839,2026-03-19 09:18:53.194432872,Deposit,2225
T008747,C2370,2026-03-19 10:31:43.958663224,Deposit,516
T008748,C0095,2026-03-19 11:44:34.722893576,Withdrawal,1240
T008749,C0196,2026-03-19 12:57:25.487123928,Transfer,208
T008750,C0192,2026-03-19 14:10:16.251354280,Withdrawal,690
T008751,C0522,2026-03-19 15:23:07.015584632,Withdrawal,421
T008752,C0753,2026-03-19 16:35:57.779814984,Withdrawal,1187
T008753,C1685,2026-03-19 17:48:48.544045336,Withdrawal,669
T008754,C0988,2026-03-19 19:01:39.308275688,Withdrawal,2132
T008755,C1676,2026-03-19 20:14:30.072506040,Deposit,3795
T008756,C0013,2026-03-19 21:27:20.836736392,Withdrawal,1757
T008757,C2302,2026-03-19 22:40:11.600966744,Deposit,754
T008758,C2024,2026-03-19 23:53:02.365197096,Withdrawal,3023
T008759,C2129,2026-03-20 01:05:53.129427448,Withdrawal,1424
T008760,C0373,2026-03-20 02:18:43.893657808,Transfer,5576
T008761,C0394,2026-03-20 03:31:34.657888160,Withdrawal,1734
T008762,C1914,2026-03-20 04:44:25.422118512,Withdrawal,1665
T008763,C1756,2026-03-20 05:57:16.186348864,Withdrawal,1888
T008764,C1933,2026-03-20 07:10:06.950579216,Withdrawal,3693
T008765,C0418,2026-03-20 08:22:57.714809568,Deposit,457
T008766,C1083,2026-03-20 09:35:48.479039920,Deposit,766
T008767,C2176,2026-03-20 10:48:39.243270272,Withdrawal,3106
T008768,C0817,2026-03-20 12:01:30.007500624,Transfer,469
T008769,C0774,2026-03-20 13:14:20.771730976,Withdrawal,5300
T008770,C1804,2026-03-20 14:27:11.535961328,Withdrawal,4213
T008771,C2330,2026-03-20 15:40:02.300191680,Deposit,4472
T008772,C2255,2026-03-20 16:52:53.064422032,Withdrawal,2440
T008773,C1333,2026-03-20 18:05:43.828652384,Transfer,1471
T008774,C2451,2026-03-20 19:18:34.592882736,Deposit,4525
T008775,C2266,2026-03-20 20:31:25.357113096,Withdrawal,3172
T008776,C2374,2026-03-20 21:44:16.121343448,Deposit,4144
T008777,C0756,2026-03-20 22:57:06.885573800,Transfer,231
T008778,C1277,2026-03-21 00:09:57.649804152,Withdrawal,372
T008779,C1213,2026-03-21 01:22:48.414034504,Deposit,1353
T008780,C1797,2026-03-21 02:35:39.178264856,Deposit,1899
T008781,C1467,2026-03-21 03:48:29.942495208,Withdrawal,1860
T008782,C2178,2026-03-21 05:01:20.706725560,Withdrawal,711390
T008783,C2051,2026-03-21 06:14:11.470955912,Withdrawal,2227
T008784,C1990,2026-03-21 07:27:02.235186264,Withdrawal,3436
T008785,C0555,2026-03-21 08:39:52.999416616,Withdrawal,912
T008786,C1714,2026-03-21 09:52:43.763646968,Transfer,1367
T008787,C1518,2026-03-21 11:05:34.527877320,Transfer,1428
T008788,C0266,2026-03-21 12:18:25.292107672,Deposit,5608
T008789,C0923,2026-03-21 13:31:16.056338024,Withdrawal,1366
T008790,C2072,2026-03-21 14:44:06.820568376,Deposit,3152
T008791,C0534,2026-03-21 15:56:57.584798736,Deposit,2549
T008792,C1881,2026-03-21 17:09:48.349029088,Withdrawal,4006
T008793,C2051,2026-03-21 18:22:39.113259440,Withdrawal,2289
T008794,C1694,2026-03-21 19:35:29.877489792,Deposit,8438
T008795,C0880,2026-03-21 20:48:20.641720144,Transfer,1400
T008796,C2475,2026-03-21 22:01:11.405950496,Deposit,787
T008797,C2052,2026-03-21 23:14:02.170180848,Transfer,785
T008798,C0808,2026-03-22 00:26:52.934411200,Deposit,5513
T008799,C0232,2026-03-22 01:39:43.698641552,Deposit,914
T008800,C0750,2026-03-22 02:52:34.462871904,Deposit,2196
T008801,C0072,2026-03-22 04:05:25.227102256,Transfer,6262
T008802,C2136,2026-03-22 05:18:15.991332608,Transfer,997
T008803,C0528,2026-03-22 06:31:06.755562960,Withdrawal,1659
T008804,C0886,2026-03-22 07:43:57.519793312,Withdrawal,5131
T008805,C2498,2026-03-22 08:56:48.284023664,Withdrawal,2102
T008806,C2044,2026-03-22 10:09:39.048254024,Withdrawal,692
T008807,C2487,2026-03-22 11:22:29.812484376,Transfer,3366
T008808,C1459,2026-03-22 12:35:20.576714728,Transfer,3131
T008809,C2174,2026-03-22 13:48:11.340945080,Transfer,5055
T008810,C0563,2026-03-22 15:01:02.105175432,Withdrawal,5463
T008811,C1997,2026-03-22 16:13:52.869405784,Deposit,623
T008812,C1660,2026-03-22 17:26:43.633636136,Deposit,8828
T008813,C1564,2026-03-22 18:39:34.397866488,Withdrawal,10977
T008814,C1989,2026-03-22 19:52:25.162096840,Deposit,2905
T008815,C0345,2026-03-22 21:05:15.926327192,Deposit,4068
T008816,C2189,2026-03-22 22:18:06.690557544,Withdrawal,1312
T008817,C1030,2026-03-22 23:30:57.454787896,Withdrawal,3003
T008818,C1673,2026-03-23 00:43:48.219018248,Withdrawal,1926
T008819,C1565,2026-03-23 01:56:38.983248600,Deposit,2392
T008820,C1702,2026-03-23 03:09:29.747478952,Withdrawal,1013
T008821,C0798,2026-03-23 04:22:20.511709312,Withdrawal,570
T008822,C1120,2026-03-23 05:35:11.275939664,Transfer,1435
T008823,C1913,2026-03-23 06:48:02.040170016,Deposit,2968
T008824,C2263,2026-03-23 08:00:52.804400368,Withdrawal,538
T008825,C0743,2026-03-23 09:13:43.568630720,Deposit,1408
T008826,C0058,2026-03-23 10:26:34.332861072,Deposit,2804
T008827,C0906,2026-03-23 11:39:25.097091424,Deposit,955
T008828,C2453,2026-03-23 12:52:15.861321776,Deposit,3299
T008829,C1208,2026-03-23 14:05:06.625552128,Transfer,1500
T008830,C0783,2026-03-23 15:17:57.389782480,Transfer,934
T008831,C0097,2026-03-23 16:30:48.154012832,Deposit,308
T008832,C0587,2026-03-23 17:43:38.918243184,Withdrawal,7002
T008833,C1112,2026-03-23 18:56:29.682473536,Deposit,1281
T008834,C1087,2026-03-23 20:09:20.446703888,Withdrawal,824
T008835,C0541,2026-03-23 21:22:11.210934240,Deposit,1639
T008836,C0816,2026-03-23 22:35:01.975164600,Deposit,3157
T008837,C2239,2026-03-23 23:47:52.739394952,Deposit,850
T008838,C0917,2026-03-24 01:00:43.503625304,Withdrawal,732
T008839,C0085,2026-03-24 02:13:34.267855656,Deposit,3684
T008840,C1359,2026-03-24 03:26:25.032086008,Withdrawal,109
T008841,C2489,2026-03-24 04:39:15.796316360,Deposit,777
T008842,C1876,2026-03-24 05:52:06.560546712,Transfer,6987
T008843,C2387,2026-03-24 07:04:57.324777064,Deposit,1578
T008844,C1692,2026-03-24 08:17:48.089007416,Deposit,528
T008845,C1842,2026-03-24 09:30:38.853237768,Withdrawal,6764
T008846,C1203,2026-03-24 10:43:29.617468120,Transfer,653
T008847,C1271,2026-03-24 11:56:20.381698472,Transfer,440
T008848,C1004,2026-03-24 13:09:11.145928824,Withdrawal,511228
T008849,C0674,2026-03-24 14:22:01.910159176,Deposit,407
T008850,C1699,2026-03-24 15:34:52.674389528,Deposit,5966
T008851,C0730,2026-03-24 16:47:43.438619888,Transfer,1309
T008852,C0317,2026-03-24 18:00:34.202850240,Withdrawal,5106
T008853,C0076,2026-03-24 19:13:24.967080592,Withdrawal,308
T008854,C0974,2026-03-24 20:26:15.731310944,Withdrawal,4008
T008855,C0204,2026-03-24 21:39:06.495541296,Withdrawal,537
T008856,C2472,2026-03-24 22:51:57.259771648,Withdrawal,1023
T008857,C1759,2026-03-25 00:04:48.024002000,Deposit,2243
T008858,C0193,2026-03-25 01:17:38.788232352,Deposit,479
T008859,C1463,2026-03-25 02:30:29.552462704,Deposit,3054
T008860,C2349,2026-03-25 03:43:20.316693056,Withdrawal,751
T008861,C0260,2026-03-25 04:56:11.080923408,Transfer,2452
T008862,C0432,2026-03-25 06:09:01.845153760,Withdrawal,4935
T008863,C0696,2026-03-25 07:21:52.609384112,Withdrawal,438
T008864,C0198,2026-03-25 08:34:43.373614464,Transfer,6007
T008865,C0983,2026-03-25 09:47:34.137844816,Deposit,5385
T008866,C0039,2026-03-25 11:00:24.902075176,Deposit,1165
T008867,C2127,2026-03-25 12:13:15.666305528,Deposit,4443
T008868,C0729,2026-03-25 13:26:06.430535880,Transfer,1309
T008869,C0684,2026-03-25 14:38:57.194766232,Withdrawal,935
T008870,C2091,2026-03-25 15:51:47.958996584,Transfer,10384
T008871,C0132,2026-03-25 17:04:38.723226936,Withdrawal,1738
T008872,C2125,2026-03-25 18:17:29.487457288,Deposit,1185
T008873,C1970,2026-03-25 19:30:20.251687640,Deposit,3394
T008874,C0039,2026-03-25 20:43:11.015917992,Transfer,368
T008875,C2199,2026-03-25 21:56:01.780148344,Deposit,9526
T008876,C1443,2026-03-25 23:08:52.544378696,Transfer,847
T008877,C2366,2026-03-26 00:21:43.308609048,Deposit,2623
T008878,C1488,2026-03-26 01:34:34.072839400,Deposit,596
T008879,C1456,2026-03-26 02:47:24.837069752,Deposit,1288
T008880,C1527,2026-03-26 04:00:15.601300104,Transfer,2560
T008881,C1293,2026-03-26 05:13:06.365530464,Deposit,7830
T008882,C2485,2026-03-26 06:25:57.129760816,Deposit,11984
T008883,C0340,2026-03-26 07:38:47.893991168,Deposit,1980
T008884,C1245,2026-03-26 08:51:38.658221520,Deposit,947
T008885,C0658,2026-03-26 10:04:29.422451872,Withdrawal,229
T008886,C1700,2026-03-26 11:17:20.186682224,Transfer,2709
T008887,C0361,2026-03-26 12:30:10.950912576,Transfer,1316
T008888,C1973,2026-03-26 13:43:01.715142928,Deposit,14408
T008889,C2238,2026-03-26 14:55:52.479373280,Transfer,2662
T008890,C2461,2026-03-26 16:08:43.243603632,Withdrawal,124
T008891,C0329,2026-03-26 17:21:34.007833984,Deposit,868
T008892,C1800,2026-03-26 18:34:24.772064336,Withdrawal,923
T008893,C1246,2026-03-26 19:47:15.536294688,Deposit,685
T008894,C1868,2026-03-26 21:00:06.300525040,Transfer,2407
T008895,C1710,2026-03-26 22:12:57.064755392,Withdrawal,504
T008896,C2140,2026-03-26 23:25:47.828985752,Deposit,14507
T008897,C0440,2026-03-27 00:38:38.593216104,Withdrawal,1490
T008898,C2293,2026-03-27 01:51:29.357446456,Withdrawal,1076
T008899,C1977,2026-03-27 03:04:20.121676808,Withdrawal,1187
T008900,C0833,2026-03-27 04:17:10.885907160,Deposit,788
T008901,C0097,2026-03-27 05:30:01.650137512,Withdrawal,536
T008902,C2000,2026-03-27 06:42:52.414367864,Withdrawal,990
T008903,C0938,2026-03-27 07:55:43.178598216,Withdrawal,3598
T008904,C1501,2026-03-27 09:08:33.942828568,Transfer,713
T008905,C1290,2026-03-27 10:21:24.707058920,Deposit,3300
T008906,C0575,2026-03-27 11:34:15.471289272,Withdrawal,6494
T008907,C2151,2026-03-27 12:47:06.235519624,Withdrawal,1694
T008908,C0829,2026-03-27 13:59:56.999749976,Deposit,811
T008909,C0513,2026-03-27 15:12:47.763980328,Transfer,8659
T008910,C0666,2026-03-27 16:25:38.528210680,Deposit,4142
T008911,C1517,2026-03-27 17:38:29.292441040,Transfer,2078
T008912,C1285,2026-03-27 18:51:20.056671392,Withdrawal,2064
T008913,C2083,2026-03-27 20:04:10.820901744,Withdrawal,3350
T008914,C1405,2026-03-27 21:17:01.585132096,Transfer,487
T008915,C0397,2026-03-27 22:29:52.349362448,Transfer,1877
T008916,C2075,2026-03-27 23:42:43.113592800,Transfer,11823
T008917,C1932,2026-03-28 00:55:33.877823152,Withdrawal,282
T008918,C1886,2026-03-28 02:08:24.642053504,Deposit,400
T008919,C2354,2026-03-28 03:21:15.406283856,Transfer,5399
T008920,C1695,2026-03-28 04:34:06.170514208,Withdrawal,6210
T008921,C0581,2026-03-28 05:46:56.934744560,Deposit,8485
T008922,C2213,2026-03-28 06:59:47.698974912,Transfer,1565
T008923,C0102,2026-03-28 08:12:38.463205264,Withdrawal,5020
T008924,C0455,2026-03-28 09:25:29.227435616,Withdrawal,3502
T008925,C0193,2026-03-28 10:38:19.991665968,Withdrawal,185
T008926,C0898,2026-03-28 11:51:10.755896320,Transfer,223
T008927,C0810,2026-03-28 13:04:01.520126680,Deposit,3824
T008928,C0299,2026-03-28 14:16:52.284357032,Deposit,3115
T008929,C0021,2026-03-28 15:29:43.048587384,Withdrawal,1660
T008930,C0045,2026-03-28 16:42:33.812817736,Transfer,2021
T008931,C0683,2026-03-28 17:55:24.577048088,Withdrawal,11130
T008932,C1714,2026-03-28 19:08:15.341278440,Withdrawal,2898
T008933,C2271,2026-03-28 20:21:06.105508792,Deposit,2404
T008934,C0299,2026-03-28 21:33:56.869739144,Withdrawal,1166
T008935,C1362,2026-03-28 22:46:47.633969496,Deposit,2427
T008936,C0288,2026-03-28 23:59:38.398199848,Withdrawal,3229
T008937,C0517,2026-03-29 01:12:29.162430200,Withdrawal,1665
T008938,C2202,2026-03-29 02:25:19.926660552,Transfer,2916
T008939,C2329,2026-03-29 03:38:10.690890904,Deposit,659
T008940,C2482,2026-03-29 04:51:01.455121256,Deposit,8020
T008941,C0342,2026-03-29 06:03:52.219351608,Deposit,6116
T008942,C0086,2026-03-29 07:16:42.983581968,Deposit,497
T008943,C0191,2026-03-29 08:29:33.747812320,Deposit,5764
T008944,C1092,2026-03-29 09:42:24.512042672,Transfer,4791
T008945,C1170,2026-03-29 10:55:15.276273024,Deposit,602
T008946,C0991,2026-03-29 12:08:06.040503376,Transfer,347
T008947,C0876,2026-03-29 13:20:56.804733728,Deposit,2645
T008948,C1948,2026-03-29 14:33:47.568964080,Transfer,894
T008949,C1852,2026-03-29 15:46:38.333194432,Deposit,1899
T008950,C1279,2026-03-29 16:59:29.097424784,Transfer,1021
T008951,C2179,2026-03-29 18:12:19.861655136,Withdrawal,1081
T008952,C0839,2026-03-29 19:25:10.625885488,Deposit,1108
T008953,C0959,2026-03-29 20:38:01.390115840,Withdrawal,1437
T008954,C1401,2026-03-29 21:50:52.154346192,Transfer,596
T008955,C1556,2026-03-29 23:03:42.918576544,Withdrawal,5946
T008956,C1223,2026-03-30 00:16:33.682806896,Deposit,2555
T008957,C0839,2026-03-30 01:29:24.447037256,Withdrawal,712
T008958,C2269,2026-03-30 02:42:15.211267608,Transfer,503
T008959,C2044,2026-03-30 03:55:05.975497960,Transfer,141
T008960,C1434,2026-03-30 05:07:56.739728312,Withdrawal,787
T008961,C1169,2026-03-30 06:20:47.503958664,Deposit,717
T008962,C2402,2026-03-30 07:33:38.268189016,Withdrawal,40813
T008963,C0948,2026-03-30 08:46:29.032419368,Transfer,2951
T008964,C0161,2026-03-30 09:59:19.796649720,Withdrawal,1232
T008965,C0464,2026-03-30 11:12:10.560880072,Deposit,648
T008966,C2263,2026-03-30 12:25:01.325110424,Withdrawal,2895
T008967,C1976,2026-03-30 13:37:52.089340776,Deposit,1286
T008968,C1216,2026-03-30 14:50:42.853571128,Transfer,5062
T008969,C2273,2026-03-30 16:03:33.617801480,Transfer,1355
T008970,C0709,2026-03-30 17:16:24.382031832,Deposit,595
T008971,C0161,2026-03-30 18:29:15.146262184,Transfer,698
T008972,C1785,2026-03-30 19:42:05.910492544,Transfer,3357
T008973,C1945,2026-03-30 20:54:56.674722896,Deposit,2444
T008974,C2077,2026-03-30 22:07:47.438953248,Withdrawal,6857
T008975,C0767,2026-03-30 23:20:38.203183600,Deposit,5757
T008976,C2028,2026-03-31 00:33:28.967413952,Deposit,1894
T008977,C0185,2026-03-31 01:46:19.731644304,Withdrawal,46152
T008978,C1897,2026-03-31 02:59:10.495874656,Deposit,3194
T008979,C2405,2026-03-31 04:12:01.260105008,Transfer,1870
T008980,C0733,2026-03-31 05:24:52.024335360,Transfer,3717
T008981,C1856,2026-03-31 06:37:42.788565712,Deposit,2066
T008982,C1622,2026-03-31 07:50:33.552796064,Deposit,7463
T008983,C0578,2026-03-31 09:03:24.317026416,Deposit,1446
T008984,C2162,2026-03-31 10:16:15.081256768,Transfer,3015
T008985,C0378,2026-03-31 11:29:05.845487120,Withdrawal,389
T008986,C1309,2026-03-31 12:41:56.609717472,Withdrawal,2750
T008987,C0097,2026-03-31 13:54:47.373947832,Withdrawal,1403
T008988,C0842,2026-03-31 15:07:38.138178184,Deposit,3078
T008989,C2172,2026-03-31 16:20:28.902408536,Deposit,702
T008990,C0156,2026-03-31 17:33:19.666638888,Deposit,6701
T008991,C2158,2026-03-31 18:46:10.430869240,Withdrawal,665
T008992,C0053,2026-03-31 19:59:01.195099592,Withdrawal,680
T008993,C1703,2026-03-31 21:11:51.959329944,Deposit,326
T008994,C0726,2026-03-31 22:24:42.723560296,Withdrawal,8093
T008995,C1718,2026-03-31 23:37:33.487790648,Withdrawal,3436
T008996,C1414,2026-04-01 00:50:24.252021000,Deposit,1907
T008997,C0045,2026-04-01 02:03:15.016251352,Deposit,864
T008998,C0936,2026-04-01 03:16:05.780481704,Deposit,212
T008999,C1687,2026-04-01 04:28:56.544712056,Deposit,2234
T009000,C1141,2026-04-01 05:41:47.308942408,Withdrawal,4079
T009001,C2170,2026-04-01 06:54:38.073172760,Deposit,1654
T009002,C1424,2026-04-01 08:07:28.837403120,Transfer,5576
T009003,C1685,2026-04-01 09:20:19.601633472,Deposit,319
T009004,C0500,2026-04-01 10:33:10.365863824,Withdrawal,1352
T009005,C0074,2026-04-01 11:46:01.130094176,Transfer,1219
T009006,C2197,2026-04-01 12:58:51.894324528,Deposit,7715
T009007,C1561,2026-04-01 14:11:42.658554880,Deposit,13753
T009008,C0892,2026-04-01 15:24:33.422785232,Deposit,1591
T009009,C1890,2026-04-01 16:37:24.187015584,Deposit,1561
T009010,C1078,2026-04-01 17:50:14.951245936,Withdrawal,533
T009011,C1247,2026-04-01 19:03:05.715476288,Deposit,1459
T009012,C0473,2026-04-01 20:15:56.479706640,Deposit,1595
T009013,C1340,2026-04-01 21:28:47.243936992,Transfer,653
T009014,C2218,2026-04-01 22:41:38.008167344,Withdrawal,4598
T009015,C0701,2026-04-01 23:54:28.772397696,Deposit,1663
T009016,C2080,2026-04-02 01:07:19.536628048,Withdrawal,2408
T009017,C0053,2026-04-02 02:20:10.300858408,Deposit,337
T009018,C0139,2026-04-02 03:33:01.065088760,Deposit,946
T009019,C1398,2026-04-02 04:45:51.829319112,Deposit,1209
T009020,C2138,2026-04-02 05:58:42.593549464,Withdrawal,1232
T009021,C0828,2026-04-02 07:11:33.357779816,Withdrawal,3979
T009022,C2084,2026-04-02 08:24:24.122010168,Transfer,693
T009023,C1249,2026-04-02 09:37:14.886240520,Deposit,2760
T009024,C0554,2026-04-02 10:50:05.650470872,Withdrawal,3097
T009025,C0740,2026-04-02 12:02:56.414701224,Deposit,1648
T009026,C0269,2026-04-02 13:15:47.178931576,Withdrawal,3701
T009027,C0910,2026-04-02 14:28:37.943161928,Deposit,5001
T009028,C0186,2026-04-02 15:41:28.707392280,Deposit,5019
T009029,C0869,2026-04-02 16:54:19.471622632,Transfer,394
T009030,C2472,2026-04-02 18:07:10.235852984,Deposit,653
T009031,C0833,2026-04-02 19:20:01.000083336,Transfer,1707
T009032,C1413,2026-04-02 20:32:51.764313696,Withdrawal,612
T009033,C1490,2026-04-02 21:45:42.528544048,Deposit,4232
T009034,C1016,2026-04-02 22:58:33.292774400,Transfer,3563
T009035,C0442,2026-04-03 00:11:24.057004752,Deposit,1381
T009036,C0039,2026-04-03 01:24:14.821235104,Deposit,970
T009037,C1645,2026-04-03 02:37:05.585465456,Transfer,684
T009038,C1550,2026-04-03 03:49:56.349695808,Transfer,224
T009039,C0166,2026-04-03 05:02:47.113926160,Deposit,1316
T009040,C1936,2026-04-03 06:15:37.878156512,Withdrawal,2234
T009041,C1469,2026-04-03 07:28:28.642386864,Deposit,1368
T009042,C0443,2026-04-03 08:41:19.406617216,Withdrawal,2187
T009043,C0331,2026-04-03 09:54:10.170847568,Deposit,1556
T009044,C0993,2026-04-03 11:07:00.935077920,Deposit,1673
T009045,C1359,2026-04-03 12:19:51.699308272,Deposit,2647
T009046,C1136,2026-04-03 13:32:42.463538624,Withdrawal,300
T009047,C1770,2026-04-03 14:45:33.227768984,Withdrawal,840
T009048,C2187,2026-04-03 15:58:23.991999336,Deposit,3617
T009049,C1803,2026-04-03 17:11:14.756229688,Withdrawal,3108
T009050,C1808,2026-04-03 18:24:05.520460040,Withdrawal,6442
T009051,C1190,2026-04-03 19:36:56.284690392,Deposit,630
T009052,C1438,2026-04-03 20:49:47.048920744,Withdrawal,12583
T009053,C1193,2026-04-03 22:02:37.813151096,Deposit,815
T009054,C2172,2026-04-03 23:15:28.577381448,Withdrawal,2313
T009055,C0761,2026-04-04 00:28:19.341611800,Withdrawal,2840
T009056,C1773,2026-04-04 01:41:10.105842152,Deposit,2429
T009057,C1122,2026-04-04 02:54:00.870072504,Withdrawal,1492
T009058,C1043,2026-04-04 04:06:51.634302856,Withdrawal,5267
T009059,C1148,2026-04-04 05:19:42.398533208,Withdrawal,830
T009060,C0226,2026-04-04 06:32:33.162763560,Withdrawal,812
T009061,C1979,2026-04-04 07:45:23.926993912,Withdrawal,2185
T009062,C2372,2026-04-04 08:58:14.691224264,Withdrawal,265
T009063,C1041,2026-04-04 10:11:05.455454624,Withdrawal,1991
T009064,C1884,2026-04-04 11:23:56.219684976,Deposit,2542
T009065,C1480,2026-04-04 12:36:46.983915328,Transfer,7677
T009066,C0541,2026-04-04 13:49:37.748145680,Deposit,1192
T009067,C0646,2026-04-04 15:02:28.512376032,Deposit,876
T009068,C0990,2026-04-04 16:15:19.276606384,Withdrawal,1778
T009069,C0706,2026-04-04 17:28:10.040836736,Transfer,11129
T009070,C0631,2026-04-04 18:41:00.805067088,Deposit,3130
T009071,C0191,2026-04-04 19:53:51.569297440,Deposit,1268
T009072,C1689,2026-04-04 21:06:42.333527792,Deposit,2555
T009073,C0855,2026-04-04 22:19:33.097758144,Deposit,357
T009074,C0405,2026-04-04 23:32:23.861988496,Transfer,5289
T009075,C2478,2026-04-05 00:45:14.626218848,Transfer,184
T009076,C0520,2026-04-05 01:58:05.390449200,Deposit,895
T009077,C1670,2026-04-05 03:10:56.154679552,Deposit,24737
T009078,C1408,2026-04-05 04:23:46.918909912,Transfer,3132
T009079,C0821,2026-04-05 05:36:37.683140264,Deposit,3636
T009080,C0435,2026-04-05 06:49:28.447370616,Deposit,9440
T009081,C2111,2026-04-05 08:02:19.211600968,Deposit,17316
T009082,C2182,2026-04-05 09:15:09.975831320,Deposit,1256
T009083,C0619,2026-04-05 10:28:00.740061672,Deposit,1955
T009084,C0425,2026-04-05 11:40:51.504292024,Deposit,1233
T009085,C1552,2026-04-05 12:53:42.268522376,Withdrawal,2133
T009086,C0358,2026-04-05 14:06:33.032752728,Withdrawal,1372
T009087,C1595,2026-04-05 15:19:23.796983080,Withdrawal,1880
T009088,C1033,2026-04-05 16:32:14.561213432,Transfer,2049
T009089,C1011,2026-04-05 17:45:05.325443784,Transfer,1430
T009090,C0197,2026-04-05 18:57:56.089674136,Deposit,1771
T009091,C1141,2026-04-05 20:10:46.853904488,Withdrawal,6298
T009092,C1034,2026-04-05 21:23:37.618134840,Withdrawal,2809
T009093,C0862,2026-04-05 22:36:28.382365200,Transfer,2217
T009094,C0349,2026-04-05 23:49:19.146595552,Deposit,4036
T009095,C1659,2026-04-06 01:02:09.910825904,Withdrawal,605
T009096,C0575,2026-04-06 02:15:00.675056256,Withdrawal,278
T009097,C1028,2026-04-06 03:27:51.439286608,Withdrawal,10947
T009098,C1820,2026-04-06 04:40:42.203516960,Deposit,4590
T009099,C2376,2026-04-06 05:53:32.967747312,Deposit,1753
T009100,C1786,2026-04-06 07:06:23.731977664,Withdrawal,1544
T009101,C0931,2026-04-06 08:19:14.496208016,Deposit,4360
T009102,C2178,2026-04-06 09:32:05.260438368,Deposit,5076
T009103,C1948,2026-04-06 10:44:56.024668720,Transfer,1771
T009104,C0587,2026-04-06 11:57:46.788899072,Deposit,10022
T009105,C0484,2026-04-06 13:10:37.553129424,Deposit,4739
T009106,C0358,2026-04-06 14:23:28.317359776,Transfer,546
T009107,C0385,2026-04-06 15:36:19.081590128,Deposit,22680
T009108,C0254,2026-04-06 16:49:09.845820488,Deposit,750
T009109,C0835,2026-04-06 18:02:00.610050840,Withdrawal,517
T009110,C1191,2026-04-06 19:14:51.374281192,Deposit,797
T009111,C1737,2026-04-06 20:27:42.138511544,Deposit,5472
T009112,C1704,2026-04-06 21:40:32.902741896,Deposit,5328
T009113,C0796,2026-04-06 22:53:23.666972248,Deposit,879
T009114,C0469,2026-04-07 00:06:14.431202600,Transfer,980
T009115,C1884,2026-04-07 01:19:05.195432952,Transfer,1217
T009116,C0493,2026-04-07 02:31:55.959663304,Deposit,2867
T009117,C0920,2026-04-07 03:44:46.723893656,Deposit,390
T009118,C0051,2026-04-07 04:57:37.488124008,Deposit,8462
T009119,C2121,2026-04-07 06:10:28.252354360,Deposit,4288
T009120,C0052,2026-04-07 07:23:19.016584712,Transfer,919
T009121,C2173,2026-04-07 08:36:09.780815064,Transfer,1735
T009122,C0262,2026-04-07 09:49:00.545045416,Deposit,2509
T009123,C1909,2026-04-07 11:01:51.309275776,Deposit,1282
T009124,C1545,2026-04-07 12:14:42.073506128,Deposit,1935
T009125,C2378,2026-04-07 13:27:32.837736480,Transfer,7829
T009126,C0241,2026-04-07 14:40:23.601966832,Withdrawal,905
T009127,C1309,2026-04-07 15:53:14.366197184,Deposit,3658
T009128,C1863,2026-04-07 17:06:05.130427536,Transfer,1276
T009129,C1626,2026-04-07 18:18:55.894657888,Transfer,3905
T009130,C1323,2026-04-07 19:31:46.658888240,Withdrawal,1173
T009131,C1229,2026-04-07 20:44:37.423118592,Deposit,12520
T009132,C0291,2026-04-07 21:57:28.187348944,Deposit,3651
T009133,C2259,2026-04-07 23:10:18.951579296,Deposit,1171
T009134,C1390,2026-04-08 00:23:09.715809648,Withdrawal,305
T009135,C1814,2026-04-08 01:36:00.480040000,Withdrawal,983
T009136,C1488,2026-04-08 02:48:51.244270352,Withdrawal,1156
T009137,C2370,2026-04-08 04:01:42.008500704,Deposit,737
T009138,C2406,2026-04-08 05:14:32.772731064,Withdrawal,885
T009139,C0917,2026-04-08 06:27:23.536961416,Withdrawal,160
T009140,C2142,2026-04-08 07:40:14.301191768,Deposit,29660
T009141,C0711,2026-04-08 08:53:05.065422120,Withdrawal,2086
T009142,C1887,2026-04-08 10:05:55.829652472,Transfer,2054
T009143,C2217,2026-04-08 11:18:46.593882824,Withdrawal,2767
T009144,C1321,2026-04-08 12:31:37.358113176,Deposit,570
T009145,C2039,2026-04-08 13:44:28.122343528,Deposit,2098
T009146,C2146,2026-04-08 14:57:18.886573880,Deposit,703
T009147,C0350,2026-04-08 16:10:09.650804232,Withdrawal,1180
T009148,C0736,2026-04-08 17:23:00.415034584,Withdrawal,1411
T009149,C0401,2026-04-08 18:35:51.179264936,Withdrawal,381
T009150,C0751,2026-04-08 19:48:41.943495288,Withdrawal,1084
T009151,C1475,2026-04-08 21:01:32.707725640,Transfer,1492
T009152,C1499,2026-04-08 22:14:23.471955992,Deposit,3419
T009153,C0821,2026-04-08 23:27:14.236186352,Withdrawal,866
T009154,C1443,2026-04-09 00:40:05.000416704,Deposit,764
T009155,C2417,2026-04-09 01:52:55.764647056,Deposit,2011
T009156,C1888,2026-04-09 03:05:46.528877408,Transfer,1443
T009157,C1419,2026-04-09 04:18:37.293107760,Withdrawal,8278
T009158,C1143,2026-04-09 05:31:28.057338112,Deposit,5142
T009159,C1767,2026-04-09 06:44:18.821568464,Deposit,996
T009160,C1005,2026-04-09 07:57:09.585798816,Withdrawal,1181
T009161,C0966,2026-04-09 09:10:00.350029168,Transfer,671
T009162,C1015,2026-04-09 10:22:51.114259520,Withdrawal,963
T009163,C1214,2026-04-09 11:35:41.878489872,Deposit,1139
T009164,C2019,2026-04-09 12:48:32.642720224,Deposit,3759
T009165,C2037,2026-04-09 14:01:23.406950576,Withdrawal,761
T009166,C1646,2026-04-09 15:14:14.171180928,Withdrawal,6936
T009167,C0814,2026-04-09 16:27:04.935411280,Deposit,1288
T009168,C1815,2026-04-09 17:39:55.699641640,Deposit,971
T009169,C2154,2026-04-09 18:52:46.463871992,Withdrawal,2546
T009170,C2213,2026-04-09 20:05:37.228102344,Withdrawal,881
T009171,C0638,2026-04-09 21:18:27.992332696,Withdrawal,6524
T009172,C1024,2026-04-09 22:31:18.756563048,Transfer,642
T009173,C1510,2026-04-09 23:44:09.520793400,Withdrawal,469
T009174,C2039,2026-04-10 00:57:00.285023752,Deposit,530
T009175,C2379,2026-04-10 02:09:51.049254104,Transfer,487
T009176,C1394,2026-04-10 03:22:41.813484456,Deposit,2005
T009177,C1144,2026-04-10 04:35:32.577714808,Deposit,4266
T009178,C2347,2026-04-10 05:48:23.341945160,Withdrawal,1666
T009179,C0856,2026-04-10 07:01:14.106175512,Deposit,8595
T009180,C1167,2026-04-10 08:14:04.870405864,Deposit,440
T009181,C1666,2026-04-10 09:26:55.634636216,Withdrawal,2412
T009182,C1925,2026-04-10 10:39:46.398866568,Transfer,810
T009183,C1973,2026-04-10 11:52:37.163096928,Withdrawal,1114
T009184,C1965,2026-04-10 13:05:27.927327280,Deposit,4042
T009185,C1117,2026-04-10 14:18:18.691557632,Deposit,1784
T009186,C0447,2026-04-10 15:31:09.455787984,Deposit,1006
T009187,C0734,2026-04-10 16:44:00.220018336,Deposit,2734
T009188,C1824,2026-04-10 17:56:50.984248688,Withdrawal,1232
T009189,C0522,2026-04-10 19:09:41.748479040,Withdrawal,1648
T009190,C1707,2026-04-10 20:22:32.512709392,Withdrawal,1199
T009191,C1399,2026-04-10 21:35:23.276939744,Transfer,3718
T009192,C1125,2026-04-10 22:48:14.041170096,Withdrawal,1751
T009193,C0622,2026-04-11 00:01:04.805400448,Withdrawal,3708
T009194,C0759,2026-04-11 01:13:55.569630800,Deposit,8825
T009195,C1859,2026-04-11 02:26:46.333861152,Transfer,4136
T009196,C2292,2026-04-11 03:39:37.098091504,Transfer,2642
T009197,C2071,2026-04-11 04:52:27.862321856,Transfer,3893
T009198,C1378,2026-04-11 06:05:18.626552208,Transfer,416
T009199,C0865,2026-04-11 07:18:09.390782568,Transfer,419
T009200,C2001,2026-04-11 08:31:00.155012920,Withdrawal,3023
T009201,C1798,2026-04-11 09:43:50.919243272,Withdrawal,1520
T009202,C2317,2026-04-11 10:56:41.683473624,Deposit,4124
T009203,C2015,2026-04-11 12:09:32.447703976,Withdrawal,150
T009204,C2362,2026-04-11 13:22:23.211934328,Withdrawal,319
T009205,C2168,2026-04-11 14:35:13.976164680,Transfer,1261
T009206,C1948,2026-04-11 15:48:04.740395032,Withdrawal,1764
T009207,C1144,2026-04-11 17:00:55.504625384,Transfer,3809
T009208,C0710,2026-04-11 18:13:46.268855736,Withdrawal,3398
T009209,C0136,2026-04-11 19:26:37.033086088,Deposit,6391
T009210,C0936,2026-04-11 20:39:27.797316440,Deposit,1626
T009211,C0001,2026-04-11 21:52:18.561546792,Transfer,2520
T009212,C0077,2026-04-11 23:05:09.325777144,Withdrawal,1599
T009213,C0961,2026-04-12 00:18:00.090007496,Deposit,2171
T009214,C1546,2026-04-12 01:30:50.854237856,Withdrawal,2424
T009215,C2039,2026-04-12 02:43:41.618468208,Deposit,2298
T009216,C2196,2026-04-12 03:56:32.382698560,Transfer,913
T009217,C0574,2026-04-12 05:09:23.146928912,Deposit,4528
T009218,C1549,2026-04-12 06:22:13.911159264,Deposit,526
T009219,C0186,2026-04-12 07:35:04.675389616,Withdrawal,1595
T009220,C1701,2026-04-12 08:47:55.439619968,Transfer,2020
T009221,C0522,2026-04-12 10:00:46.203850320,Withdrawal,3722
T009222,C2210,2026-04-12 11:13:36.968080672,Deposit,1625
T009223,C1950,2026-04-12 12:26:27.732311024,Transfer,809
T009224,C2244,2026-04-12 13:39:18.496541376,Withdrawal,1875
T009225,C0034,2026-04-12 14:52:09.260771728,Deposit,599
T009226,C1621,2026-04-12 16:05:00.025002080,Withdrawal,10243
T009227,C1594,2026-04-12 17:17:50.789232432,Transfer,786
T009228,C1897,2026-04-12 18:30:41.553462784,Withdrawal,12630
T009229,C2456,2026-04-12 19:43:32.317693144,Transfer,5837
T009230,C1801,2026-04-12 20:56:23.081923496,Withdrawal,105
T009231,C1321,2026-04-12 22:09:13.846153848,Withdrawal,926
T009232,C1944,2026-04-12 23:22:04.610384200,Deposit,2565
T009233,C0537,2026-04-13 00:34:55.374614552,Transfer,2713
T009234,C2084,2026-04-13 01:47:46.138844904,Withdrawal,245
T009235,C1288,2026-04-13 03:00:36.903075256,Withdrawal,1362
T009236,C1406,2026-04-13 04:13:27.667305608,Withdrawal,2191
T009237,C2162,2026-04-13 05:26:18.431535960,Withdrawal,1236
T009238,C0443,2026-04-13 06:39:09.195766312,Withdrawal,4056
T009239,C1187,2026-04-13 07:51:59.959996664,Withdrawal,7458
T009240,C0038,2026-04-13 09:04:50.724227016,Withdrawal,3660
T009241,C2140,2026-04-13 10:17:41.488457368,Deposit,1693
T009242,C2149,2026-04-13 11:30:32.252687720,Withdrawal,620
T009243,C0507,2026-04-13 12:43:23.016918072,Withdrawal,3501
T009244,C2227,2026-04-13 13:56:13.781148432,Withdrawal,4222
T009245,C2332,2026-04-13 15:09:04.545378784,Withdrawal,259
T009246,C0355,2026-04-13 16:21:55.309609136,Deposit,553
T009247,C1928,2026-04-13 17:34:46.073839488,Deposit,3660
T009248,C1559,2026-04-13 18:47:36.838069840,Withdrawal,545
T009249,C1974,2026-04-13 20:00:27.602300192,Withdrawal,366
T009250,C0488,2026-04-13 21:13:18.366530544,Deposit,616
T009251,C1006,2026-04-13 22:26:09.130760896,Withdrawal,1770
T009252,C0279,2026-04-13 23:38:59.894991248,Deposit,321
T009253,C0650,2026-04-14 00:51:50.659221600,Deposit,6097
T009254,C0355,2026-04-14 02:04:41.423451952,Deposit,1420
T009255,C2243,2026-04-14 03:17:32.187682304,Deposit,558
T009256,C0804,2026-04-14 04:30:22.951912656,Deposit,3664
T009257,C2141,2026-04-14 05:43:13.716143008,Withdrawal,1973
T009258,C2481,2026-04-14 06:56:04.480373360,Withdrawal,1761
T009259,C0558,2026-04-14 08:08:55.244603720,Withdrawal,1816
T009260,C1051,2026-04-14 09:21:46.008834072,Withdrawal,1923
T009261,C0162,2026-04-14 10:34:36.773064424,Deposit,6464
T009262,C2149,2026-04-14 11:47:27.537294776,Withdrawal,3190
T009263,C0699,2026-04-14 13:00:18.301525128,Withdrawal,1467
T009264,C1974,2026-04-14 14:13:09.065755480,Transfer,14426
T009265,C2206,2026-04-14 15:25:59.829985832,Transfer,279
T009266,C0492,2026-04-14 16:38:50.594216184,Transfer,1171
T009267,C1993,2026-04-14 17:51:41.358446536,Withdrawal,2641
T009268,C1033,2026-04-14 19:04:32.122676888,Transfer,1314
T009269,C1921,2026-04-14 20:17:22.886907240,Deposit,294
T009270,C0824,2026-04-14 21:30:13.651137592,Withdrawal,1525
T009271,C0679,2026-04-14 22:43:04.415367944,Withdrawal,562
T009272,C1879,2026-04-14 23:55:55.179598296,Deposit,11913
T009273,C0786,2026-04-15 01:08:45.943828648,Deposit,12705
T009274,C1834,2026-04-15 02:21:36.708059008,Withdrawal,3122
T009275,C0992,2026-04-15 03:34:27.472289360,Deposit,1182
T009276,C0111,2026-04-15 04:47:18.236519712,Deposit,6556
T009277,C2251,2026-04-15 06:00:09.000750064,Deposit,10299
T009278,C1784,2026-04-15 07:12:59.764980416,Withdrawal,1127
T009279,C1089,2026-04-15 08:25:50.529210768,Deposit,3455
T009280,C1739,2026-04-15 09:38:41.293441120,Withdrawal,2530
T009281,C1185,2026-04-15 10:51:32.057671472,Withdrawal,3097
T009282,C2462,2026-04-15 12:04:22.821901824,Withdrawal,1364
T009283,C1669,2026-04-15 13:17:13.586132176,Deposit,855
T009284,C1729,2026-04-15 14:30:04.350362528,Deposit,2851
T009285,C2314,2026-04-15 15:42:55.114592880,Deposit,800
T009286,C0572,2026-04-15 16:55:45.878823232,Transfer,1213
T009287,C0205,2026-04-15 18:08:36.643053584,Deposit,2839
T009288,C0584,2026-04-15 19:21:27.407283936,Withdrawal,5312
T009289,C2221,2026-04-15 20:34:18.171514296,Withdrawal,3167
T009290,C0308,2026-04-15 21:47:08.935744648,Transfer,4302
T009291,C0450,2026-04-15 22:59:59.699975000,Deposit,1057
T009292,C0062,2026-04-16 00:12:50.464205352,Withdrawal,1599
T009293,C1484,2026-04-16 01:25:41.228435704,Withdrawal,3411
T009294,C0475,2026-04-16 02:38:31.992666056,Deposit,6011
T009295,C1596,2026-04-16 03:51:22.756896408,Deposit,1315
T009296,C2134,2026-04-16 05:04:13.521126760,Deposit,1754
T009297,C1960,2026-04-16 06:17:04.285357112,Withdrawal,1107
T009298,C1031,2026-04-16 07:29:55.049587464,Withdrawal,769
T009299,C2343,2026-04-16 08:42:45.813817816,Deposit,2404
T009300,C2033,2026-04-16 09:55:36.578048168,Deposit,1894
T009301,C1543,2026-04-16 11:08:27.342278520,Deposit,1284
T009302,C1676,2026-04-16 12:21:18.106508872,Deposit,1309
T009303,C0526,2026-04-16 13:34:08.870739224,Deposit,811
T009304,C0034,2026-04-16 14:46:59.634969584,Deposit,305
T009305,C1856,2026-04-16 15:59:50.399199936,Deposit,2108
T009306,C1058,2026-04-16 17:12:41.163430288,Withdrawal,1066
T009307,C0406,2026-04-16 18:25:31.927660640,Withdrawal,2518
T009308,C1042,2026-04-16 19:38:22.691890992,Deposit,2041
T009309,C2476,2026-04-16 20:51:13.456121344,Deposit,17558
T009310,C0293,2026-04-16 22:04:04.220351696,Transfer,4403
T009311,C1927,2026-04-16 23:16:54.984582048,Deposit,2124
T009312,C2096,2026-04-17 00:29:45.748812400,Deposit,481
T009313,C1892,2026-04-17 01:42:36.513042752,Deposit,1521
T009314,C2132,2026-04-17 02:55:27.277273104,Withdrawal,2182
T009315,C0607,2026-04-17 04:08:18.041503456,Deposit,3160
T009316,C2356,2026-04-17 05:21:08.805733808,Transfer,10671
T009317,C2300,2026-04-17 06:33:59.569964160,Deposit,1686
T009318,C1505,2026-04-17 07:46:50.334194512,Deposit,2743
T009319,C0180,2026-04-17 08:59:41.098424864,Withdrawal,7856
T009320,C1334,2026-04-17 10:12:31.862655224,Deposit,3954
T009321,C2474,2026-04-17 11:25:22.626885576,Deposit,2324
T009322,C2048,2026-04-17 12:38:13.391115928,Withdrawal,1743
T009323,C2087,2026-04-17 13:51:04.155346280,Deposit,1181
T009324,C0816,2026-04-17 15:03:54.919576632,Transfer,1098
T009325,C0376,2026-04-17 16:16:45.683806984,Withdrawal,8864
T009326,C1953,2026-04-17 17:29:36.448037336,Deposit,865
T009327,C2089,2026-04-17 18:42:27.212267688,Deposit,1276
T009328,C1694,2026-04-17 19:55:17.976498040,Deposit,4090
T009329,C1742,2026-04-17 21:08:08.740728392,Withdrawal,100
T009330,C2095,2026-04-17 22:20:59.504958744,Withdrawal,464
T009331,C0185,2026-04-17 23:33:50.269189096,Transfer,5883
T009332,C0072,2026-04-18 00:46:41.033419448,Withdrawal,3292
T009333,C1775,2026-04-18 01:59:31.797649800,Transfer,19668
T009334,C0574,2026-04-18 03:12:22.561880152,Deposit,3203
T009335,C2390,2026-04-18 04:25:13.326110512,Deposit,581
T009336,C0569,2026-04-18 05:38:04.090340864,Transfer,2275
T009337,C0964,2026-04-18 06:50:54.854571216,Deposit,1264
T009338,C1267,2026-04-18 08:03:45.618801568,Transfer,9772
T009339,C2376,2026-04-18 09:16:36.383031920,Deposit,3716
T009340,C2018,2026-04-18 10:29:27.147262272,Deposit,402
T009341,C2006,2026-04-18 11:42:17.911492624,Withdrawal,935
T009342,C0153,2026-04-18 12:55:08.675722976,Withdrawal,2359
T009343,C1279,2026-04-18 14:07:59.439953328,Transfer,1276
T009344,C0729,2026-04-18 15:20:50.204183680,Transfer,1718
T009345,C1448,2026-04-18 16:33:40.968414032,Withdrawal,890
T009346,C2280,2026-04-18 17:46:31.732644384,Deposit,15148
T009347,C1553,2026-04-18 18:59:22.496874736,Withdrawal,8113
T009348,C0176,2026-04-18 20:12:13.261105088,Withdrawal,2183
T009349,C2046,2026-04-18 21:25:04.025335440,Transfer,622
T009350,C2191,2026-04-18 22:37:54.789565800,Deposit,349814
T009351,C2065,2026-04-18 23:50:45.553796152,Deposit,8298
T009352,C0249,2026-04-19 01:03:36.318026504,Withdrawal,436
T009353,C0801,2026-04-19 02:16:27.082256856,Deposit,5929
T009354,C1000,2026-04-19 03:29:17.846487208,Deposit,3655
T009355,C2194,2026-04-19 04:42:08.610717560,Withdrawal,972
T009356,C0926,2026-04-19 05:54:59.374947912,Transfer,6534
T009357,C2213,2026-04-19 07:07:50.139178264,Deposit,390
T009358,C1135,2026-04-19 08:20:40.903408616,Deposit,4121
T009359,C0647,2026-04-19 09:33:31.667638968,Transfer,264
T009360,C0354,2026-04-19 10:46:22.431869320,Transfer,4058
T009361,C1298,2026-04-19 11:59:13.196099672,Deposit,48995
T009362,C0943,2026-04-19 13:12:03.960330024,Withdrawal,4945
T009363,C1303,2026-04-19 14:24:54.724560376,Deposit,1780
T009364,C0526,2026-04-19 15:37:45.488790728,Transfer,2311
T009365,C1559,2026-04-19 16:50:36.253021088,Withdrawal,1890
T009366,C0510,2026-04-19 18:03:27.017251440,Withdrawal,1137
T009367,C1538,2026-04-19 19:16:17.781481792,Transfer,829
T009368,C0178,2026-04-19 20:29:08.545712144,Transfer,419
T009369,C2377,2026-04-19 21:41:59.309942496,Withdrawal,408
T009370,C0801,2026-04-19 22:54:50.074172848,Deposit,7552
T009371,C1420,2026-04-20 00:07:40.838403200,Withdrawal,5107
T009372,C0938,2026-04-20 01:20:31.602633552,Withdrawal,4895
T009373,C2021,2026-04-20 02:33:22.366863904,Withdrawal,6594
T009374,C2345,2026-04-20 03:46:13.131094256,Withdrawal,278
T009375,C1975,2026-04-20 04:59:03.895324608,Deposit,3317
T009376,C1519,2026-04-20 06:11:54.659554960,Transfer,2235
T009377,C1259,2026-04-20 07:24:45.423785312,Transfer,193
T009378,C1243,2026-04-20 08:37:36.188015664,Transfer,227
T009379,C1241,2026-04-20 09:50:26.952246016,Withdrawal,1563
T009380,C1699,2026-04-20 11:03:17.716476376,Deposit,2473
T009381,C1864,2026-04-20 12:16:08.480706728,Withdrawal,1098
T009382,C0420,2026-04-20 13:28:59.244937080,Deposit,14659
T009383,C0653,2026-04-20 14:41:50.009167432,Withdrawal,4769
T009384,C0814,2026-04-20 15:54:40.773397784,Withdrawal,1604
T009385,C0868,2026-04-20 17:07:31.537628136,Deposit,389
T009386,C0113,2026-04-20 18:20:22.301858488,Withdrawal,4700
T009387,C0174,2026-04-20 19:33:13.066088840,Deposit,11429
T009388,C1011,2026-04-20 20:46:03.830319192,Transfer,14472
T009389,C2122,2026-04-20 21:58:54.594549544,Deposit,8136
T009390,C0637,2026-04-20 23:11:45.358779896,Withdrawal,2720
T009391,C1560,2026-04-21 00:24:36.123010248,Deposit,1396
T009392,C0032,2026-04-21 01:37:26.887240600,Withdrawal,11995
T009393,C0497,2026-04-21 02:50:17.651470952,Withdrawal,2086
T009394,C2243,2026-04-21 04:03:08.415701304,Deposit,520
T009395,C0528,2026-04-21 05:15:59.179931664,Withdrawal,1529
T009396,C2489,2026-04-21 06:28:49.944162016,Withdrawal,4008
T009397,C1513,2026-04-21 07:41:40.708392368,Withdrawal,20559
T009398,C1521,2026-04-21 08:54:31.472622720,Deposit,3396
T009399,C1644,2026-04-21 10:07:22.236853072,Withdrawal,9871
T009400,C0024,2026-04-21 11:20:13.001083424,Deposit,296
T009401,C2338,2026-04-21 12:33:03.765313776,Withdrawal,986
T009402,C2356,2026-04-21 13:45:54.529544128,Deposit,4977
T009403,C0304,2026-04-21 14:58:45.293774480,Deposit,532
T009404,C0631,2026-04-21 16:11:36.058004832,Deposit,1585
T009405,C1717,2026-04-21 17:24:26.822235184,Transfer,4183
T009406,C0038,2026-04-21 18:37:17.586465536,Transfer,392
T009407,C2434,2026-04-21 19:50:08.350695888,Transfer,6926
T009408,C0745,2026-04-21 21:02:59.114926240,Withdrawal,737
T009409,C1605,2026-04-21 22:15:49.879156592,Transfer,708
T009410,C0082,2026-04-21 23:28:40.643386952,Withdrawal,2517
T009411,C1142,2026-04-22 00:41:31.407617304,Withdrawal,2701
T009412,C1845,2026-04-22 01:54:22.171847656,Transfer,3078
T009413,C0050,2026-04-22 03:07:12.936078008,Withdrawal,2055
T009414,C2122,2026-04-22 04:20:03.700308360,Withdrawal,5668
T009415,C1130,2026-04-22 05:32:54.464538712,Transfer,3525
T009416,C1623,2026-04-22 06:45:45.228769064,Transfer,1480
T009417,C1788,2026-04-22 07:58:35.992999416,Withdrawal,17214
T009418,C2404,2026-04-22 09:11:26.757229768,Deposit,982
T009419,C1680,2026-04-22 10:24:17.521460120,Withdrawal,1128
T009420,C1014,2026-04-22 11:37:08.285690472,Deposit,743
T009421,C2233,2026-04-22 12:49:59.049920824,Transfer,11801
T009422,C0154,2026-04-22 14:02:49.814151176,Transfer,6291
T009423,C2166,2026-04-22 15:15:40.578381528,Withdrawal,3506
T009424,C2315,2026-04-22 16:28:31.342611880,Withdrawal,5893
T009425,C2303,2026-04-22 17:41:22.106842240,Deposit,2904
T009426,C0171,2026-04-22 18:54:12.871072592,Transfer,1204
T009427,C0617,2026-04-22 20:07:03.635302944,Transfer,1172
T009428,C0548,2026-04-22 21:19:54.399533296,Deposit,8175
T009429,C1209,2026-04-22 22:32:45.163763648,Deposit,1539
T009430,C1926,2026-04-22 23:45:35.927994000,Deposit,898
T009431,C2458,2026-04-23 00:58:26.692224352,Withdrawal,984
T009432,C1612,2026-04-23 02:11:17.456454704,Deposit,12793
T009433,C0146,2026-04-23 03:24:08.220685056,Deposit,4956
T009434,C0262,2026-04-23 04:36:58.984915408,Deposit,4674
T009435,C1150,2026-04-23 05:49:49.749145760,Withdrawal,276
T009436,C1628,2026-04-23 07:02:40.513376112,Transfer,2271
T009437,C0345,2026-04-23 08:15:31.277606464,Withdrawal,881
T009438,C1999,2026-04-23 09:28:22.041836816,Withdrawal,794
T009439,C1132,2026-04-23 10:41:12.806067168,Deposit,6550
T009440,C1993,2026-04-23 11:54:03.570297528,Withdrawal,588
T009441,C1581,2026-04-23 13:06:54.334527880,Deposit,338
T009442,C0514,2026-04-23 14:19:45.098758232,Deposit,152
T009443,C0945,2026-04-23 15:32:35.862988584,Deposit,2059
T009444,C0713,2026-04-23 16:45:26.627218936,Deposit,434
T009445,C0215,2026-04-23 17:58:17.391449288,Deposit,3370
T009446,C1651,2026-04-23 19:11:08.155679640,Withdrawal,809
T009447,C1343,2026-04-23 20:23:58.919909992,Deposit,1143
T009448,C0604,2026-04-23 21:36:49.684140344,Withdrawal,1902
T009449,C0772,2026-04-23 22:49:40.448370696,Withdrawal,7399
T009450,C0670,2026-04-24 00:02:31.212601048,Withdrawal,2993
T009451,C1081,2026-04-24 01:15:21.976831400,Withdrawal,2378
T009452,C0559,2026-04-24 02:28:12.741061752,Transfer,8499
T009453,C1426,2026-04-24 03:41:03.505292104,Deposit,3231
T009454,C2270,2026-04-24 04:53:54.269522456,Withdrawal,876
T009455,C0475,2026-04-24 06:06:45.033752808,Deposit,1651
T009456,C1132,2026-04-24 07:19:35.797983168,Withdrawal,3420
T009457,C0863,2026-04-24 08:32:26.562213520,Deposit,552
T009458,C0812,2026-04-24 09:45:17.326443872,Deposit,3630
T009459,C2228,2026-04-24 10:58:08.090674224,Withdrawal,825
T009460,C0177,2026-04-24 12:10:58.854904576,Deposit,3391
T009461,C0487,2026-04-24 13:23:49.619134928,Withdrawal,982
T009462,C2462,2026-04-24 14:36:40.383365280,Withdrawal,3385
T009463,C0692,2026-04-24 15:49:31.147595632,Transfer,5743
T009464,C0268,2026-04-24 17:02:21.911825984,Withdrawal,4240
T009465,C0785,2026-04-24 18:15:12.676056336,Deposit,1968
T009466,C2436,2026-04-24 19:28:03.440286688,Withdrawal,1194
T009467,C2402,2026-04-24 20:40:54.204517040,Withdrawal,1346
T009468,C0814,2026-04-24 21:53:44.968747392,Transfer,1875
T009469,C2317,2026-04-24 23:06:35.732977744,Withdrawal,8445
T009470,C1270,2026-04-25 00:19:26.497208096,Withdrawal,2554
T009471,C1202,2026-04-25 01:32:17.261438456,Withdrawal,894
T009472,C1091,2026-04-25 02:45:08.025668808,Withdrawal,38798
T009473,C0277,2026-04-25 03:57:58.789899160,Withdrawal,4131
T009474,C1232,2026-04-25 05:10:49.554129512,Withdrawal,1609
T009475,C0307,2026-04-25 06:23:40.318359864,Deposit,734
T009476,C1574,2026-04-25 07:36:31.082590216,Withdrawal,434
T009477,C0631,2026-04-25 08:49:21.846820568,Deposit,1701
T009478,C1138,2026-04-25 10:02:12.611050920,Transfer,4356
T009479,C2182,2026-04-25 11:15:03.375281272,Transfer,2778
T009480,C1714,2026-04-25 12:27:54.139511624,Withdrawal,6334
T009481,C1049,2026-04-25 13:40:44.903741976,Withdrawal,8109
T009482,C1584,2026-04-25 14:53:35.667972328,Transfer,5827
T009483,C1367,2026-04-25 16:06:26.432202680,Deposit,9634
T009484,C0813,2026-04-25 17:19:17.196433032,Deposit,1998
T009485,C1835,2026-04-25 18:32:07.960663384,Withdrawal,4611
T009486,C2120,2026-04-25 19:44:58.724893744,Deposit,488
T009487,C0952,2026-04-25 20:57:49.489124096,Transfer,2368
T009488,C2033,2026-04-25 22:10:40.253354448,Deposit,1794
T009489,C1225,2026-04-25 23:23:31.017584800,Withdrawal,38880
T009490,C1350,2026-04-26 00:36:21.781815152,Deposit,855
T009491,C0033,2026-04-26 01:49:12.546045504,Deposit,1162
T009492,C0097,2026-04-26 03:02:03.310275856,Deposit,178
T009493,C0263,2026-04-26 04:14:54.074506208,Deposit,2022
T009494,C0914,2026-04-26 05:27:44.838736560,Deposit,2926
T009495,C2341,2026-04-26 06:40:35.602966912,Transfer,880
T009496,C0172,2026-04-26 07:53:26.367197264,Deposit,2321
T009497,C0758,2026-04-26 09:06:17.131427616,Deposit,822
T009498,C0926,2026-04-26 10:19:07.895657968,Withdrawal,932
T009499,C1419,2026-04-26 11:31:58.659888320,Deposit,18256
T009500,C1280,2026-04-26 12:44:49.424118672,Transfer,3438
T009501,C0901,2026-04-26 13:57:40.188349032,Transfer,1621
T009502,C1034,2026-04-26 15:10:30.952579384,Transfer,1534
T009503,C0271,2026-04-26 16:23:21.716809736,Transfer,1968
T009504,C0742,2026-04-26 17:36:12.481040088,Deposit,1064
T009505,C1336,2026-04-26 18:49:03.245270440,Withdrawal,364
T009506,C1923,2026-04-26 20:01:54.009500792,Withdrawal,6534
T009507,C0391,2026-04-26 21:14:44.773731144,Withdrawal,7283
T009508,C0959,2026-04-26 22:27:35.537961496,Deposit,1197
T009509,C0575,2026-04-26 23:40:26.302191848,Deposit,3263
T009510,C0344,2026-04-27 00:53:17.066422200,Withdrawal,659
T009511,C1570,2026-04-27 02:06:07.830652552,Deposit,3683
T009512,C1402,2026-04-27 03:18:58.594882904,Deposit,1051
T009513,C0456,2026-04-27 04:31:49.359113256,Deposit,2305
T009514,C1447,2026-04-27 05:44:40.123343608,Withdrawal,754
T009515,C0444,2026-04-27 06:57:30.887573960,Transfer,5158
T009516,C0197,2026-04-27 08:10:21.651804320,Withdrawal,4446
T009517,C2411,2026-04-27 09:23:12.416034672,Transfer,3326
T009518,C1598,2026-04-27 10:36:03.180265024,Deposit,2344
T009519,C1418,2026-04-27 11:48:53.944495376,Withdrawal,824
T009520,C1761,2026-04-27 13:01:44.708725728,Deposit,2150
T009521,C0671,2026-04-27 14:14:35.472956080,Withdrawal,1237
T009522,C1318,2026-04-27 15:27:26.237186432,Transfer,2408
T009523,C1906,2026-04-27 16:40:17.001416784,Deposit,3230
T009524,C2073,2026-04-27 17:53:07.765647136,Withdrawal,5796
T009525,C2285,2026-04-27 19:05:58.529877488,Withdrawal,2906
T009526,C0461,2026-04-27 20:18:49.294107840,Withdrawal,6616
T009527,C1345,2026-04-27 21:31:40.058338192,Deposit,1071
T009528,C0100,2026-04-27 22:44:30.822568544,Deposit,8357
T009529,C0408,2026-04-27 23:57:21.586798896,Deposit,1780
T009530,C0978,2026-04-28 01:10:12.351029248,Deposit,4151
T009531,C1458,2026-04-28 02:23:03.115259608,Withdrawal,764
T009532,C0143,2026-04-28 03:35:53.879489960,Withdrawal,791
T009533,C0720,2026-04-28 04:48:44.643720312,Withdrawal,2544
T009534,C1460,2026-04-28 06:01:35.407950664,Deposit,269
T009535,C0418,2026-04-28 07:14:26.172181016,Deposit,228
T009536,C1105,2026-04-28 08:27:16.936411368,Withdrawal,907
T009537,C0545,2026-04-28 09:40:07.700641720,Withdrawal,680
T009538,C2207,2026-04-28 10:52:58.464872072,Deposit,7547
T009539,C1810,2026-04-28 12:05:49.229102424,Transfer,901
T009540,C0773,2026-04-28 13:18:39.993332776,Deposit,501
T009541,C1694,2026-04-28 14:31:30.757563128,Withdrawal,1814
T009542,C1069,2026-04-28 15:44:21.521793480,Deposit,10203
T009543,C1239,2026-04-28 16:57:12.286023832,Withdrawal,736
T009544,C0128,2026-04-28 18:10:03.050254184,Transfer,4690
T009545,C1574,2026-04-28 19:22:53.814484536,Transfer,1798
T009546,C0877,2026-04-28 20:35:44.578714896,Deposit,1942
T009547,C0541,2026-04-28 21:48:35.342945248,Transfer,1741
T009548,C2212,2026-04-28 23:01:26.107175600,Deposit,6436
T009549,C1559,2026-04-29 00:14:16.871405952,Transfer,246
T009550,C0131,2026-04-29 01:27:07.635636304,Withdrawal,634
T009551,C0504,2026-04-29 02:39:58.399866656,Deposit,3072
T009552,C1448,2026-04-29 03:52:49.164097008,Transfer,651
T009553,C2232,2026-04-29 05:05:39.928327360,Withdrawal,889
T009554,C0826,2026-04-29 06:18:30.692557712,Deposit,175
T009555,C1023,2026-04-29 07:31:21.456788064,Deposit,3975
T009556,C1259,2026-04-29 08:44:12.221018416,Transfer,574
T009557,C0131,2026-04-29 09:57:02.985248768,Withdrawal,531
T009558,C0697,2026-04-29 11:09:53.749479120,Deposit,1766
T009559,C1038,2026-04-29 12:22:44.513709472,Deposit,4809
T009560,C0814,2026-04-29 13:35:35.277939824,Deposit,1233
T009561,C0659,2026-04-29 14:48:26.042170184,Deposit,921
T009562,C2428,2026-04-29 16:01:16.806400536,Deposit,2044
T009563,C1084,2026-04-29 17:14:07.570630888,Withdrawal,1553
T009564,C1184,2026-04-29 18:26:58.334861240,Deposit,1318
T009565,C1471,2026-04-29 19:39:49.099091592,Deposit,1264
T009566,C1410,2026-04-29 20:52:39.863321944,Withdrawal,2626
T009567,C1094,2026-04-29 22:05:30.627552296,Deposit,2705
T009568,C1998,2026-04-29 23:18:21.391782648,Transfer,5364
T009569,C2012,2026-04-30 00:31:12.156013000,Deposit,1442
T009570,C1249,2026-04-30 01:44:02.920243352,Withdrawal,177
T009571,C2088,2026-04-30 02:56:53.684473704,Withdrawal,1392
T009572,C1170,2026-04-30 04:09:44.448704056,Deposit,7996
T009573,C2414,2026-04-30 05:22:35.212934408,Transfer,8988
T009574,C0248,2026-04-30 06:35:25.977164760,Withdrawal,1092
T009575,C0012,2026-04-30 07:48:16.741395112,Deposit,11516
T009576,C2011,2026-04-30 09:01:07.505625472,Transfer,1169
T009577,C0737,2026-04-30 10:13:58.269855824,Transfer,1232
T009578,C0510,2026-04-30 11:26:49.034086176,Withdrawal,1256
T009579,C1269,2026-04-30 12:39:39.798316528,Deposit,3603
T009580,C1999,2026-04-30 13:52:30.562546880,Deposit,1036
T009581,C0171,2026-04-30 15:05:21.326777232,Withdrawal,1995
T009582,C1650,2026-04-30 16:18:12.091007584,Deposit,18916
T009583,C0721,2026-04-30 17:31:02.855237936,Withdrawal,6816
T009584,C0815,2026-04-30 18:43:53.619468288,Withdrawal,817
T009585,C2477,2026-04-30 19:56:44.383698640,Withdrawal,1961
T009586,C1059,2026-04-30 21:09:35.147928992,Withdrawal,1235
T009587,C0205,2026-04-30 22:22:25.912159344,Transfer,487
T009588,C0890,2026-04-30 23:35:16.676389696,Transfer,702
T009589,C1408,2026-05-01 00:48:07.440620048,Withdrawal,10210
T009590,C1601,2026-05-01 02:00:58.204850400,Deposit,3171
T009591,C0750,2026-05-01 03:13:48.969080752,Transfer,2451
T009592,C1509,2026-05-01 04:26:39.733311112,Deposit,4925
T009593,C1939,2026-05-01 05:39:30.497541464,Deposit,3638
T009594,C1768,2026-05-01 06:52:21.261771816,Withdrawal,1120
T009595,C1133,2026-05-01 08:05:12.026002168,Withdrawal,1420
T009596,C1202,2026-05-01 09:18:02.790232520,Withdrawal,1673
T009597,C0249,2026-05-01 10:30:53.554462872,Withdrawal,698
T009598,C1896,2026-05-01 11:43:44.318693224,Transfer,390
T009599,C1029,2026-05-01 12:56:35.082923576,Transfer,274
T009600,C1181,2026-05-01 14:09:25.847153928,Withdrawal,1710
T009601,C0230,2026-05-01 15:22:16.611384280,Withdrawal,892
T009602,C1285,2026-05-01 16:35:07.375614632,Withdrawal,1610
T009603,C0321,2026-05-01 17:47:58.139844984,Deposit,3831
T009604,C0028,2026-05-01 19:00:48.904075336,Withdrawal,1462
T009605,C0510,2026-05-01 20:13:39.668305688,Transfer,2477
T009606,C2276,2026-05-01 21:26:30.432536040,Transfer,3493
T009607,C0641,2026-05-01 22:39:21.196766400,Withdrawal,342
T009608,C0541,2026-05-01 23:52:11.960996752,Transfer,4461
T009609,C0910,2026-05-02 01:05:02.725227104,Withdrawal,6793
T009610,C1312,2026-05-02 02:17:53.489457456,Transfer,565
T009611,C1518,2026-05-02 03:30:44.253687808,Transfer,1019
T009612,C1491,2026-05-02 04:43:35.017918160,Transfer,734
T009613,C1419,2026-05-02 05:56:25.782148512,Deposit,1636
T009614,C1459,2026-05-02 07:09:16.546378864,Transfer,887
T009615,C0809,2026-05-02 08:22:07.310609216,Deposit,2112
T009616,C1561,2026-05-02 09:34:58.074839568,Withdrawal,551253
T009617,C1338,2026-05-02 10:47:48.839069920,Withdrawal,1967
T009618,C1153,2026-05-02 12:00:39.603300272,Deposit,1110
T009619,C0514,2026-05-02 13:13:30.367530624,Deposit,488
T009620,C0347,2026-05-02 14:26:21.131760976,Withdrawal,2223
T009621,C0117,2026-05-02 15:39:11.895991328,Transfer,5170
T009622,C2459,2026-05-02 16:52:02.660221688,Transfer,332
T009623,C1421,2026-05-02 18:04:53.424452040,Withdrawal,2961
T009624,C1855,2026-05-02 19:17:44.188682392,Transfer,16681
T009625,C1422,2026-05-02 20:30:34.952912744,Transfer,3210
T009626,C1632,2026-05-02 21:43:25.717143096,Deposit,6269
T009627,C2000,2026-05-02 22:56:16.481373448,Deposit,193
T009628,C2146,2026-05-03 00:09:07.245603800,Deposit,3031
T009629,C0282,2026-05-03 01:21:58.009834152,Deposit,20546
T009630,C2003,2026-05-03 02:34:48.774064504,Withdrawal,2641
T009631,C0807,2026-05-03 03:47:39.538294856,Withdrawal,9217
T009632,C1692,2026-05-03 05:00:30.302525208,Transfer,3374
T009633,C1445,2026-05-03 06:13:21.066755560,Withdrawal,3146
T009634,C0211,2026-05-03 07:26:11.830985912,Withdrawal,5773
T009635,C1691,2026-05-03 08:39:02.595216264,Deposit,392
T009636,C1778,2026-05-03 09:51:53.359446616,Withdrawal,8101
T009637,C1347,2026-05-03 11:04:44.123676976,Withdrawal,6554
T009638,C2500,2026-05-03 12:17:34.887907328,Deposit,9062
T009639,C0687,2026-05-03 13:30:25.652137680,Transfer,1367
T009640,C0971,2026-05-03 14:43:16.416368032,Withdrawal,712
T009641,C0930,2026-05-03 15:56:07.180598384,Deposit,247
T009642,C0018,2026-05-03 17:08:57.944828736,Withdrawal,3992
T009643,C1315,2026-05-03 18:21:48.709059088,Deposit,941
T009644,C1774,2026-05-03 19:34:39.473289440,Transfer,2288
T009645,C2246,2026-05-03 20:47:30.237519792,Withdrawal,1244
T009646,C1186,2026-05-03 22:00:21.001750144,Transfer,1650
T009647,C2465,2026-05-03 23:13:11.765980496,Deposit,401
T009648,C0384,2026-05-04 00:26:02.530210848,Transfer,505
T009649,C2248,2026-05-04 01:38:53.294441200,Withdrawal,3417
T009650,C1770,2026-05-04 02:51:44.058671552,Deposit,466
T009651,C0895,2026-05-04 04:04:34.822901904,Deposit,1964
T009652,C1522,2026-05-04 05:17:25.587132264,Deposit,1887
T009653,C0980,2026-05-04 06:30:16.351362616,Withdrawal,440
T009654,C0082,2026-05-04 07:43:07.115592968,Deposit,2366
T009655,C1605,2026-05-04 08:55:57.879823320,Withdrawal,1169
T009656,C1954,2026-05-04 10:08:48.644053672,Withdrawal,1855
T009657,C1451,2026-05-04 11:21:39.408284024,Withdrawal,2320
T009658,C1485,2026-05-04 12:34:30.172514376,Withdrawal,2435
T009659,C0884,2026-05-04 13:47:20.936744728,Withdrawal,1232
T009660,C0728,2026-05-04 15:00:11.700975080,Deposit,524
T009661,C0124,2026-05-04 16:13:02.465205432,Withdrawal,281
T009662,C1662,2026-05-04 17:25:53.229435784,Deposit,1399
T009663,C0526,2026-05-04 18:38:43.993666136,Withdrawal,736
T009664,C2087,2026-05-04 19:51:34.757896488,Withdrawal,822
T009665,C2156,2026-05-04 21:04:25.522126840,Deposit,173
T009666,C2316,2026-05-04 22:17:16.286357192,Withdrawal,5565
T009667,C2004,2026-05-04 23:30:07.050587552,Deposit,2284
T009668,C1377,2026-05-05 00:42:57.814817904,Withdrawal,1799
T009669,C0311,2026-05-05 01:55:48.579048256,Withdrawal,8649
T009670,C0040,2026-05-05 03:08:39.343278608,Deposit,12255
T009671,C0781,2026-05-05 04:21:30.107508960,Transfer,1237
T009672,C0581,2026-05-05 05:34:20.871739312,Transfer,5600
T009673,C2200,2026-05-05 06:47:11.635969664,Deposit,2071
T009674,C1994,2026-05-05 08:00:02.400200016,Deposit,8905
T009675,C2235,2026-05-05 09:12:53.164430368,Deposit,3597
T009676,C0430,2026-05-05 10:25:43.928660720,Deposit,616
T009677,C2040,2026-05-05 11:38:34.692891072,Withdrawal,1247
T009678,C0457,2026-05-05 12:51:25.457121424,Withdrawal,3326
T009679,C1251,2026-05-05 14:04:16.221351776,Deposit,2451
T009680,C1452,2026-05-05 15:17:06.985582128,Deposit,2794
T009681,C0204,2026-05-05 16:29:57.749812480,Withdrawal,2204
T009682,C0118,2026-05-05 17:42:48.514042840,Withdrawal,678
T009683,C1853,2026-05-05 18:55:39.278273192,Deposit,331
T009684,C1828,2026-05-05 20:08:30.042503544,Deposit,3724
T009685,C2270,2026-05-05 21:21:20.806733896,Withdrawal,1732
T009686,C0897,2026-05-05 22:34:11.570964248,Withdrawal,4650
T009687,C2111,2026-05-05 23:47:02.335194600,Deposit,4526
T009688,C2444,2026-05-06 00:59:53.099424952,Transfer,785
T009689,C2053,2026-05-06 02:12:43.863655304,Withdrawal,823
T009690,C0508,2026-05-06 03:25:34.627885656,Withdrawal,1683
T009691,C2193,2026-05-06 04:38:25.392116008,Transfer,1554
T009692,C0954,2026-05-06 05:51:16.156346360,Deposit,2253
T009693,C1183,2026-05-06 07:04:06.920576712,Withdrawal,708
T009694,C1946,2026-05-06 08:16:57.684807064,Withdrawal,3111
T009695,C0959,2026-05-06 09:29:48.449037416,Deposit,462
T009696,C1855,2026-05-06 10:42:39.213267768,Withdrawal,3359
T009697,C2059,2026-05-06 11:55:29.977498128,Deposit,3908
T009698,C0069,2026-05-06 13:08:20.741728480,Withdrawal,594
T009699,C1728,2026-05-06 14:21:11.505958832,Deposit,2881
T009700,C1638,2026-05-06 15:34:02.270189184,Withdrawal,914
T009701,C0964,2026-05-06 16:46:53.034419536,Transfer,1734
T009702,C1568,2026-05-06 17:59:43.798649888,Transfer,4234
T009703,C0202,2026-05-06 19:12:34.562880240,Withdrawal,498
T009704,C0266,2026-05-06 20:25:25.327110592,Deposit,5549
T009705,C2156,2026-05-06 21:38:16.091340944,Transfer,594
T009706,C2238,2026-05-06 22:51:06.855571296,Withdrawal,1756
T009707,C0239,2026-05-07 00:03:57.619801648,Deposit,762
T009708,C0951,2026-05-07 01:16:48.384032000,Withdrawal,1827
T009709,C2391,2026-05-07 02:29:39.148262352,Deposit,10475
T009710,C0291,2026-05-07 03:42:29.912492704,Withdrawal,7155
T009711,C2369,2026-05-07 04:55:20.676723056,Deposit,11536
T009712,C1809,2026-05-07 06:08:11.440953416,Deposit,408
T009713,C2090,2026-05-07 07:21:02.205183768,Withdrawal,1901
T009714,C0955,2026-05-07 08:33:52.969414120,Transfer,1009
T009715,C1222,2026-05-07 09:46:43.733644472,Withdrawal,3095
T009716,C0633,2026-05-07 10:59:34.497874824,Deposit,1042
T009717,C1931,2026-05-07 12:12:25.262105176,Deposit,5910
T009718,C0284,2026-05-07 13:25:16.026335528,Withdrawal,2058
T009719,C0807,2026-05-07 14:38:06.790565880,Withdrawal,792
T009720,C2230,2026-05-07 15:50:57.554796232,Deposit,710
T009721,C1035,2026-05-07 17:03:48.319026584,Withdrawal,553
T009722,C1907,2026-05-07 18:16:39.083256936,Deposit,1419
T009723,C2490,2026-05-07 19:29:29.847487288,Deposit,1519
T009724,C2436,2026-05-07 20:42:20.611717640,Transfer,2438
T009725,C0576,2026-05-07 21:55:11.375947992,Deposit,1939
T009726,C1619,2026-05-07 23:08:02.140178344,Deposit,1000
T009727,C0927,2026-05-08 00:20:52.904408696,Deposit,2023
T009728,C1026,2026-05-08 01:33:43.668639056,Deposit,412
T009729,C0811,2026-05-08 02:46:34.432869408,Transfer,915
T009730,C1266,2026-05-08 03:59:25.197099760,Transfer,1627
T009731,C0809,2026-05-08 05:12:15.961330112,Withdrawal,3281
T009732,C2416,2026-05-08 06:25:06.725560464,Transfer,682
T009733,C0942,2026-05-08 07:37:57.489790816,Deposit,9845
T009734,C0040,2026-05-08 08:50:48.254021168,Deposit,1446
T009735,C1339,2026-05-08 10:03:39.018251520,Deposit,5491
T009736,C0557,2026-05-08 11:16:29.782481872,Withdrawal,3334
T009737,C1322,2026-05-08 12:29:20.546712224,Withdrawal,795
T009738,C1655,2026-05-08 13:42:11.310942576,Transfer,2988
T009739,C2028,2026-05-08 14:55:02.075172928,Withdrawal,18236
T009740,C0917,2026-05-08 16:07:52.839403280,Deposit,3140
T009741,C0643,2026-05-08 17:20:43.603633632,Transfer,474
T009742,C2498,2026-05-08 18:33:34.367863984,Withdrawal,4351
T009743,C0395,2026-05-08 19:46:25.132094344,Transfer,13140
T009744,C0792,2026-05-08 20:59:15.896324696,Withdrawal,2138
T009745,C2136,2026-05-08 22:12:06.660555048,Deposit,402735
T009746,C1945,2026-05-08 23:24:57.424785400,Transfer,1049
T009747,C0744,2026-05-09 00:37:48.189015752,Transfer,2319
T009748,C2429,2026-05-09 01:50:38.953246104,Withdrawal,1053
T009749,C1579,2026-05-09 03:03:29.717476456,Deposit,652
T009750,C2479,2026-05-09 04:16:20.481706808,Deposit,8200
T009751,C1240,2026-05-09 05:29:11.245937160,Deposit,384
T009752,C0277,2026-05-09 06:42:02.010167512,Withdrawal,1716
T009753,C0194,2026-05-09 07:54:52.774397864,Deposit,2014
T009754,C0179,2026-05-09 09:07:43.538628216,Deposit,711
T009755,C1167,2026-05-09 10:20:34.302858568,Transfer,1818
T009756,C2045,2026-05-09 11:33:25.067088920,Transfer,2662
T009757,C1562,2026-05-09 12:46:15.831319272,Deposit,2057
T009758,C0218,2026-05-09 13:59:06.595549632,Deposit,1135
T009759,C0988,2026-05-09 15:11:57.359779984,Deposit,1241
T009760,C0557,2026-05-09 16:24:48.124010336,Withdrawal,5825
T009761,C1248,2026-05-09 17:37:38.888240688,Withdrawal,8334
T009762,C1786,2026-05-09 18:50:29.652471040,Deposit,3489
T009763,C0077,2026-05-09 20:03:20.416701392,Deposit,11781
T009764,C0599,2026-05-09 21:16:11.180931744,Deposit,7722
T009765,C1232,2026-05-09 22:29:01.945162096,Deposit,639
T009766,C1183,2026-05-09 23:41:52.709392448,Withdrawal,1217
T009767,C0524,2026-05-10 00:54:43.473622800,Withdrawal,1198
T009768,C1382,2026-05-10 02:07:34.237853152,Deposit,8199
T009769,C0384,2026-05-10 03:20:25.002083504,Transfer,589
T009770,C1590,2026-05-10 04:33:15.766313856,Withdrawal,564
T009771,C1474,2026-05-10 05:46:06.530544208,Deposit,2106
T009772,C2290,2026-05-10 06:58:57.294774560,Withdrawal,883
T009773,C0369,2026-05-10 08:11:48.059004920,Deposit,1564
T009774,C1495,2026-05-10 09:24:38.823235272,Deposit,832
T009775,C0288,2026-05-10 10:37:29.587465624,Deposit,3296
T009776,C0399,2026-05-10 11:50:20.351695976,Deposit,1161
T009777,C2152,2026-05-10 13:03:11.115926328,Deposit,4753
T009778,C1335,2026-05-10 14:16:01.880156680,Withdrawal,3024
T009779,C0127,2026-05-10 15:28:52.644387032,Transfer,1628
T009780,C2088,2026-05-10 16:41:43.408617384,Withdrawal,3036
T009781,C1771,2026-05-10 17:54:34.172847736,Withdrawal,812
T009782,C0247,2026-05-10 19:07:24.937078088,Transfer,2567
T009783,C1830,2026-05-10 20:20:15.701308440,Withdrawal,1401
T009784,C2360,2026-05-10 21:33:06.465538792,Deposit,7980
T009785,C2082,2026-05-10 22:45:57.229769144,Withdrawal,5355
T009786,C2177,2026-05-10 23:58:47.993999496,Deposit,4254
T009787,C2058,2026-05-11 01:11:38.758229848,Withdrawal,8113
T009788,C1192,2026-05-11 02:24:29.522460208,Withdrawal,5119
T009789,C1808,2026-05-11 03:37:20.286690560,Deposit,8069
T009790,C1240,2026-05-11 04:50:11.050920912,Deposit,1150
T009791,C1776,2026-05-11 06:03:01.815151264,Withdrawal,695
T009792,C1626,2026-05-11 07:15:52.579381616,Withdrawal,3284
T009793,C0340,2026-05-11 08:28:43.343611968,Withdrawal,724
T009794,C1592,2026-05-11 09:41:34.107842320,Deposit,969
T009795,C1688,2026-05-11 10:54:24.872072672,Transfer,1837
T009796,C1309,2026-05-11 12:07:15.636303024,Deposit,4624
T009797,C0534,2026-05-11 13:20:06.400533376,Transfer,4164
T009798,C0809,2026-05-11 14:32:57.164763728,Withdrawal,1576
T009799,C2481,2026-05-11 15:45:47.928994080,Deposit,3163
T009800,C2298,2026-05-11 16:58:38.693224432,Deposit,2293
T009801,C1355,2026-05-11 18:11:29.457454784,Deposit,892
T009802,C2463,2026-05-11 19:24:20.221685136,Transfer,1867
T009803,C1226,2026-05-11 20:37:10.985915496,Transfer,11858
T009804,C2054,2026-05-11 21:50:01.750145848,Deposit,823
T009805,C0849,2026-05-11 23:02:52.514376200,Deposit,1518
T009806,C1510,2026-05-12 00:15:43.278606552,Deposit,2460
T009807,C1223,2026-05-12 01:28:34.042836904,Deposit,2231
T009808,C0013,2026-05-12 02:41:24.807067256,Transfer,2369
T009809,C2054,2026-05-12 03:54:15.571297608,Transfer,1125
T009810,C1435,2026-05-12 05:07:06.335527960,Withdrawal,219
T009811,C1581,2026-05-12 06:19:57.099758312,Deposit,1901
T009812,C0538,2026-05-12 07:32:47.863988664,Withdrawal,369
T009813,C2052,2026-05-12 08:45:38.628219016,Deposit,5432
T009814,C1813,2026-05-12 09:58:29.392449368,Transfer,5091
T009815,C2035,2026-05-12 11:11:20.156679720,Transfer,2312
T009816,C2332,2026-05-12 12:24:10.920910072,Deposit,1270
T009817,C0722,2026-05-12 13:37:01.685140424,Deposit,1687
T009818,C1824,2026-05-12 14:49:52.449370784,Transfer,2150
T009819,C1789,2026-05-12 16:02:43.213601136,Withdrawal,4102
T009820,C1953,2026-05-12 17:15:33.977831488,Withdrawal,645
T009821,C0952,2026-05-12 18:28:24.742061840,Deposit,583
T009822,C0628,2026-05-12 19:41:15.506292192,Deposit,7714
T009823,C1778,2026-05-12 20:54:06.270522544,Deposit,1408
T009824,C2422,2026-05-12 22:06:57.034752896,Deposit,2840
T009825,C1642,2026-05-12 23:19:47.798983248,Withdrawal,2489
T009826,C1148,2026-05-13 00:32:38.563213600,Withdrawal,1440
T009827,C1418,2026-05-13 01:45:29.327443952,Withdrawal,2076
T009828,C0650,2026-05-13 02:58:20.091674304,Deposit,5516
T009829,C0812,2026-05-13 04:11:10.855904656,Deposit,2130
T009830,C1080,2026-05-13 05:24:01.620135008,Withdrawal,7885
T009831,C2180,2026-05-13 06:36:52.384365360,Withdrawal,7335
T009832,C2170,2026-05-13 07:49:43.148595712,Transfer,5144
T009833,C2250,2026-05-13 09:02:33.912826072,Withdrawal,2203
T009834,C1990,2026-05-13 10:15:24.677056424,Withdrawal,753
T009835,C1626,2026-05-13 11:28:15.441286776,Withdrawal,1006
T009836,C1848,2026-05-13 12:41:06.205517128,Withdrawal,2240
T009837,C1866,2026-05-13 13:53:56.969747480,Deposit,1461
T009838,C0579,2026-05-13 15:06:47.733977832,Transfer,780
T009839,C1137,2026-05-13 16:19:38.498208184,Withdrawal,2259
T009840,C2275,2026-05-13 17:32:29.262438536,Transfer,2393
T009841,C2222,2026-05-13 18:45:20.026668888,Transfer,1489
T009842,C1020,2026-05-13 19:58:10.790899240,Deposit,1210
T009843,C1158,2026-05-13 21:11:01.555129592,Withdrawal,4390
T009844,C1650,2026-05-13 22:23:52.319359944,Withdrawal,2416
T009845,C2191,2026-05-13 23:36:43.083590296,Withdrawal,5157
T009846,C0569,2026-05-14 00:49:33.847820648,Deposit,1183
T009847,C1318,2026-05-14 02:02:24.612051000,Transfer,463
T009848,C0277,2026-05-14 03:15:15.376281352,Transfer,1799
T009849,C1516,2026-05-14 04:28:06.140511712,Withdrawal,7423
T009850,C1587,2026-05-14 05:40:56.904742064,Deposit,2209
T009851,C1959,2026-05-14 06:53:47.668972416,Withdrawal,1741
T009852,C1495,2026-05-14 08:06:38.433202768,Withdrawal,1000
T009853,C2324,2026-05-14 09:19:29.197433120,Withdrawal,2269
T009854,C0234,2026-05-14 10:32:19.961663472,Deposit,1730
T009855,C1266,2026-05-14 11:45:10.725893824,Deposit,10785
T009856,C0032,2026-05-14 12:58:01.490124176,Withdrawal,2406
T009857,C1372,2026-05-14 14:10:52.254354528,Deposit,1290
T009858,C0760,2026-05-14 15:23:43.018584880,Withdrawal,2829
T009859,C1799,2026-05-14 16:36:33.782815232,Deposit,458
T009860,C1795,2026-05-14 17:49:24.547045584,Transfer,3219
T009861,C0793,2026-05-14 19:02:15.311275936,Transfer,379497
T009862,C1392,2026-05-14 20:15:06.075506288,Deposit,954
T009863,C0762,2026-05-14 21:27:56.839736640,Deposit,7996
T009864,C0265,2026-05-14 22:40:47.603967000,Withdrawal,844
T009865,C2263,2026-05-14 23:53:38.368197352,Withdrawal,2016
T009866,C0282,2026-05-15 01:06:29.132427704,Deposit,2268
T009867,C0530,2026-05-15 02:19:19.896658056,Withdrawal,888
T009868,C1883,2026-05-15 03:32:10.660888408,Transfer,855
T009869,C2029,2026-05-15 04:45:01.425118760,Deposit,1791
T009870,C2050,2026-05-15 05:57:52.189349112,Deposit,1070
T009871,C0816,2026-05-15 07:10:42.953579464,Withdrawal,3438
T009872,C0464,2026-05-15 08:23:33.717809816,Withdrawal,4785
T009873,C1471,2026-05-15 09:36:24.482040168,Deposit,1288
T009874,C1387,2026-05-15 10:49:15.246270520,Withdrawal,1384
T009875,C0164,2026-05-15 12:02:06.010500872,Deposit,264
T009876,C1727,2026-05-15 13:14:56.774731224,Transfer,2017
T009877,C1611,2026-05-15 14:27:47.538961576,Withdrawal,1993
T009878,C0511,2026-05-15 15:40:38.303191928,Withdrawal,787
T009879,C1798,2026-05-15 16:53:29.067422288,Transfer,230
T009880,C1245,2026-05-15 18:06:19.831652640,Withdrawal,2627
T009881,C0555,2026-05-15 19:19:10.595882992,Withdrawal,2722
T009882,C1307,2026-05-15 20:32:01.360113344,Deposit,5575
T009883,C1909,2026-05-15 21:44:52.124343696,Withdrawal,908
T009884,C1398,2026-05-15 22:57:42.888574048,Deposit,1871
T009885,C0259,2026-05-16 00:10:33.652804400,Transfer,2084
T009886,C2493,2026-05-16 01:23:24.417034752,Withdrawal,661
T009887,C1225,2026-05-16 02:36:15.181265104,Transfer,33340
T009888,C1666,2026-05-16 03:49:05.945495456,Deposit,798
T009889,C1404,2026-05-16 05:01:56.709725808,Deposit,3153
T009890,C1866,2026-05-16 06:14:47.473956160,Withdrawal,1054
T009891,C0766,2026-05-16 07:27:38.238186512,Deposit,2740
T009892,C0065,2026-05-16 08:40:29.002416864,Deposit,8481
T009893,C1670,2026-05-16 09:53:19.766647216,Transfer,3666
T009894,C2090,2026-05-16 11:06:10.530877576,Deposit,626
T009895,C0879,2026-05-16 12:19:01.295107928,Deposit,5965
T009896,C0196,2026-05-16 13:31:52.059338280,Transfer,242
T009897,C1384,2026-05-16 14:44:42.823568632,Deposit,410
T009898,C1796,2026-05-16 15:57:33.587798984,Withdrawal,849
T009899,C2436,2026-05-16 17:10:24.352029336,Withdrawal,844
T009900,C0065,2026-05-16 18:23:15.116259688,Transfer,7378
T009901,C1321,2026-05-16 19:36:05.880490040,Withdrawal,1514
T009902,C1451,2026-05-16 20:48:56.644720392,Transfer,830
T009903,C0223,2026-05-16 22:01:47.408950744,Deposit,1969
T009904,C1533,2026-05-16 23:14:38.173181096,Deposit,1870
T009905,C0442,2026-05-17 00:27:28.937411448,Withdrawal,928
T009906,C1438,2026-05-17 01:40:19.701641800,Withdrawal,2101
T009907,C0903,2026-05-17 02:53:10.465872152,Withdrawal,796
T009908,C2368,2026-05-17 04:06:01.230102504,Withdrawal,9390
T009909,C0770,2026-05-17 05:18:51.994332864,Transfer,3370
T009910,C0883,2026-05-17 06:31:42.758563216,Withdrawal,1177
T009911,C0451,2026-05-17 07:44:33.522793568,Transfer,888
T009912,C1103,2026-05-17 08:57:24.287023920,Withdrawal,3748
T009913,C0743,2026-05-17 10:10:15.051254272,Withdrawal,728
T009914,C2405,2026-05-17 11:23:05.815484624,Withdrawal,2863
T009915,C1610,2026-05-17 12:35:56.579714976,Withdrawal,6609
T009916,C1545,2026-05-17 13:48:47.343945328,Withdrawal,6192
T009917,C1916,2026-05-17 15:01:38.108175680,Transfer,2683
T009918,C1249,2026-05-17 16:14:28.872406032,Withdrawal,2945
T009919,C0528,2026-05-17 17:27:19.636636384,Withdrawal,8435
T009920,C0724,2026-05-17 18:40:10.400866736,Transfer,1430
T009921,C0241,2026-05-17 19:53:01.165097088,Withdrawal,221
T009922,C2143,2026-05-17 21:05:51.929327440,Deposit,11386
T009923,C0365,2026-05-17 22:18:42.693557792,Withdrawal,1095
T009924,C1209,2026-05-17 23:31:33.457788152,Deposit,652
T009925,C1160,2026-05-18 00:44:24.222018504,Withdrawal,6299
T009926,C0025,2026-05-18 01:57:14.986248856,Withdrawal,735
T009927,C1961,2026-05-18 03:10:05.750479208,Transfer,3865
T009928,C2366,2026-05-18 04:22:56.514709560,Withdrawal,2668
T009929,C2381,2026-05-18 05:35:47.278939912,Withdrawal,1708
T009930,C0562,2026-05-18 06:48:38.043170264,Withdrawal,2082
T009931,C0681,2026-05-18 08:01:28.807400616,Withdrawal,2806
T009932,C2148,2026-05-18 09:14:19.571630968,Transfer,3949
T009933,C2418,2026-05-18 10:27:10.335861320,Withdrawal,370
T009934,C1617,2026-05-18 11:40:01.100091672,Deposit,1420
T009935,C1036,2026-05-18 12:52:51.864322024,Withdrawal,270
T009936,C0720,2026-05-18 14:05:42.628552376,Deposit,1779
T009937,C2125,2026-05-18 15:18:33.392782728,Transfer,1162
T009938,C0587,2026-05-18 16:31:24.157013080,Deposit,1411
T009939,C0974,2026-05-18 17:44:14.921243440,Withdrawal,1775
T009940,C1847,2026-05-18 18:57:05.685473792,Withdrawal,6264
T009941,C1372,2026-05-18 20:09:56.449704144,Deposit,1362
T009942,C1467,2026-05-18 21:22:47.213934496,Transfer,2488
T009943,C0691,2026-05-18 22:35:37.978164848,Withdrawal,202
T009944,C0088,2026-05-18 23:48:28.742395200,Deposit,8887
T009945,C0494,2026-05-19 01:01:19.506625552,Transfer,2143
T009946,C1246,2026-05-19 02:14:10.270855904,Withdrawal,7286
T009947,C2021,2026-05-19 03:27:01.035086256,Withdrawal,3943
T009948,C1142,2026-05-19 04:39:51.799316608,Transfer,4991
T009949,C0136,2026-05-19 05:52:42.563546960,Deposit,697
T009950,C0978,2026-05-19 07:05:33.327777312,Withdrawal,2625
T009951,C2235,2026-05-19 08:18:24.092007664,Withdrawal,6471
T009952,C0542,2026-05-19 09:31:14.856238016,Transfer,14067
T009953,C0930,2026-05-19 10:44:05.620468368,Deposit,9973
T009954,C1403,2026-05-19 11:56:56.384698728,Transfer,6169
T009955,C0811,2026-05-19 13:09:47.148929080,Withdrawal,993
T009956,C0412,2026-05-19 14:22:37.913159432,Deposit,1593
T009957,C0217,2026-05-19 15:35:28.677389784,Deposit,1125
T009958,C0830,2026-05-19 16:48:19.441620136,Withdrawal,10646
T009959,C1134,2026-05-19 18:01:10.205850488,Withdrawal,625
T009960,C0285,2026-05-19 19:14:00.970080840,Deposit,2320
T009961,C0770,2026-05-19 20:26:51.734311192,Transfer,21859
T009962,C1897,2026-05-19 21:39:42.498541544,Withdrawal,1882
T009963,C0569,2026-05-19 22:52:33.262771896,Deposit,602
T009964,C1322,2026-05-20 00:05:24.027002248,Transfer,2372
T009965,C0530,2026-05-20 01:18:14.791232600,Withdrawal,827
T009966,C1768,2026-05-20 02:31:05.555462952,Withdrawal,1339
T009967,C2075,2026-05-20 03:43:56.319693304,Deposit,3241
T009968,C2044,2026-05-20 04:56:47.083923656,Deposit,5702
T009969,C1142,2026-05-20 06:09:37.848154016,Withdrawal,2170
T009970,C1078,2026-05-20 07:22:28.612384368,Transfer,1906
T009971,C0504,2026-05-20 08:35:19.376614720,Deposit,934
T009972,C2025,2026-05-20 09:48:10.140845072,Withdrawal,1490
T009973,C0152,2026-05-20 11:01:00.905075424,Withdrawal,10595
T009974,C0737,2026-05-20 12:13:51.669305776,Withdrawal,1343
T009975,C0479,2026-05-20 13:26:42.433536128,Transfer,1044
T009976,C1686,2026-05-20 14:39:33.197766480,Deposit,1334
T009977,C1240,2026-05-20 15:52:23.961996832,Transfer,6942
T009978,C1372,2026-05-20 17:05:14.726227184,Transfer,4565
T009979,C1364,2026-05-20 18:18:05.490457536,Deposit,731
T009980,C0850,2026-05-20 19:30:56.254687888,Withdrawal,3065
T009981,C1697,2026-05-20 20:43:47.018918240,Deposit,3625
T009982,C1399,2026-05-20 21:56:37.783148592,Withdrawal,565
T009983,C1561,2026-05-20 23:09:28.547378944,Withdrawal,2308
T009984,C1327,2026-05-21 00:22:19.311609296,Transfer,3065
T009985,C1266,2026-05-21 01:35:10.075839656,Deposit,2657
T009986,C1402,2026-05-21 02:48:00.840070008,Withdrawal,1274
T009987,C1709,2026-05-21 04:00:51.604300360,Withdrawal,767
T009988,C1413,2026-05-21 05:13:42.368530712,Withdrawal,1920
T009989,C2335,2026-05-21 06:26:33.132761064,Deposit,443
T009990,C1754,2026-05-21 07:39:23.896991416,Deposit,1330
T009991,C1961,2026-05-21 08:52:14.661221768,Deposit,1040
T009992,C0627,2026-05-21 10:05:05.425452120,Deposit,3816
T009993,C1265,2026-05-21 11:17:56.189682472,Deposit,4674
T009994,C2260,2026-05-21 12:30:46.953912824,Withdrawal,305
T009995,C0363,2026-05-21 13:43:37.718143176,Deposit,1323
T009996,C2181,2026-05-21 14:56:28.482373528,Transfer,2035
T009997,C1533,2026-05-21 16:09:19.246603880,Deposit,3982
T009998,C2325,2026-05-21 17:22:10.010834232,Withdrawal,1499
T009999,C1289,2026-05-21 18:35:00.775064584,Withdrawal,4671
T010000,C0657,2026-05-21 19:47:51.539294944,Deposit,8717
T010001,C1384,2026-05-21 21:00:42.303525296,Deposit,1653
T010002,C0667,2026-05-21 22:13:33.067755648,Deposit,2137
T010003,C2184,2026-05-21 23:26:23.831986000,Withdrawal,2183
T010004,C2476,2026-05-22 00:39:14.596216352,Withdrawal,660
T010005,C0920,2026-05-22 01:52:05.360446704,Transfer,701
T010006,C2152,2026-05-22 03:04:56.124677056,Deposit,5017
T010007,C1951,2026-05-22 04:17:46.888907408,Transfer,2973
T010008,C0388,2026-05-22 05:30:37.653137760,Withdrawal,1884
T010009,C1769,2026-05-22 06:43:28.417368112,Deposit,1849
T010010,C0905,2026-05-22 07:56:19.181598464,Deposit,3000
T010011,C2381,2026-05-22 09:09:09.945828816,Deposit,1747
T010012,C0377,2026-05-22 10:22:00.710059168,Withdrawal,583
T010013,C0240,2026-05-22 11:34:51.474289520,Transfer,653
T010014,C0182,2026-05-22 12:47:42.238519872,Deposit,857
T010015,C1281,2026-05-22 14:00:33.002750232,Withdrawal,688
T010016,C0744,2026-05-22 15:13:23.766980584,Deposit,2993
T010017,C0841,2026-05-22 16:26:14.531210936,Deposit,2082
T010018,C1279,2026-05-22 17:39:05.295441288,Transfer,5567
T010019,C1069,2026-05-22 18:51:56.059671640,Deposit,3602
T010020,C1009,2026-05-22 20:04:46.823901992,Deposit,1197
T010021,C0598,2026-05-22 21:17:37.588132344,Transfer,4840
T010022,C1017,2026-05-22 22:30:28.352362696,Deposit,1332
T010023,C0201,2026-05-22 23:43:19.116593048,Deposit,6600
T010024,C0343,2026-05-23 00:56:09.880823400,Withdrawal,673
T010025,C0631,2026-05-23 02:09:00.645053752,Withdrawal,1448
T010026,C0298,2026-05-23 03:21:51.409284104,Withdrawal,817
T010027,C0698,2026-05-23 04:34:42.173514456,Withdrawal,16704
T010028,C1221,2026-05-23 05:47:32.937744808,Deposit,900
T010029,C1873,2026-05-23 07:00:23.701975160,Deposit,362
T010030,C1506,2026-05-23 08:13:14.466205520,Transfer,11976
T010031,C0930,2026-05-23 09:26:05.230435872,Deposit,3450
T010032,C0379,2026-05-23 10:38:55.994666224,Transfer,3335
T010033,C0706,2026-05-23 11:51:46.758896576,Deposit,583
T010034,C2415,2026-05-23 13:04:37.523126928,Transfer,1127
T010035,C1561,2026-05-23 14:17:28.287357280,Withdrawal,2498
T010036,C0771,2026-05-23 15:30:19.051587632,Withdrawal,1057
T010037,C1095,2026-05-23 16:43:09.815817984,Deposit,1081
T010038,C1052,2026-05-23 17:56:00.580048336,Withdrawal,3750
T010039,C0349,2026-05-23 19:08:51.344278688,Withdrawal,2138
T010040,C1142,2026-05-23 20:21:42.108509040,Withdrawal,5776
T010041,C1232,2026-05-23 21:34:32.872739392,Withdrawal,5849
T010042,C1447,2026-05-23 22:47:23.636969744,Withdrawal,2566
T010043,C0093,2026-05-24 00:00:14.401200096,Deposit,673
T010044,C2189,2026-05-24 01:13:05.165430448,Deposit,6594
T010045,C2403,2026-05-24 02:25:55.929660808,Deposit,2012
T010046,C1547,2026-05-24 03:38:46.693891160,Withdrawal,225
T010047,C1827,2026-05-24 04:51:37.458121512,Transfer,1740
T010048,C1093,2026-05-24 06:04:28.222351864,Deposit,919
T010049,C0582,2026-05-24 07:17:18.986582216,Withdrawal,1306
T010050,C1721,2026-05-24 08:30:09.750812568,Withdrawal,1809
T010051,C0883,2026-05-24 09:43:00.515042920,Deposit,4898
T010052,C0124,2026-05-24 10:55:51.279273272,Transfer,2992
T010053,C1758,2026-05-24 12:08:42.043503624,Withdrawal,10368
T010054,C1702,2026-05-24 13:21:32.807733976,Transfer,5654
T010055,C0603,2026-05-24 14:34:23.571964328,Deposit,2122
T010056,C1365,2026-05-24 15:47:14.336194680,Withdrawal,12731
T010057,C0305,2026-05-24 17:00:05.100425032,Withdrawal,400
T010058,C1252,2026-05-24 18:12:55.864655384,Withdrawal,1107
T010059,C0937,2026-05-24 19:25:46.628885736,Withdrawal,2637
T010060,C2413,2026-05-24 20:38:37.393116096,Deposit,817
T010061,C2314,2026-05-24 21:51:28.157346448,Deposit,2082
T010062,C2132,2026-05-24 23:04:18.921576800,Withdrawal,2041
T010063,C0749,2026-05-25 00:17:09.685807152,Deposit,9265
T010064,C2199,2026-05-25 01:30:00.450037504,Deposit,8025
T010065,C0686,2026-05-25 02:42:51.214267856,Transfer,2946
T010066,C0140,2026-05-25 03:55:41.978498208,Withdrawal,8677
T010067,C0055,2026-05-25 05:08:32.742728560,Transfer,2167
T010068,C0074,2026-05-25 06:21:23.506958912,Withdrawal,2008
T010069,C0997,2026-05-25 07:34:14.271189264,Withdrawal,12065
T010070,C1945,2026-05-25 08:47:05.035419616,Deposit,9636
T010071,C0642,2026-05-25 09:59:55.799649968,Transfer,1106
T010072,C0744,2026-05-25 11:12:46.563880320,Withdrawal,8466
T010073,C2074,2026-05-25 12:25:37.328110672,Withdrawal,3092
T010074,C2483,2026-05-25 13:38:28.092341024,Deposit,1312
T010075,C1605,2026-05-25 14:51:18.856571384,Withdrawal,2387
T010076,C0062,2026-05-25 16:04:09.620801736,Withdrawal,5390
T010077,C1224,2026-05-25 17:17:00.385032088,Withdrawal,1440
T010078,C0493,2026-05-25 18:29:51.149262440,Transfer,1591
T010079,C1993,2026-05-25 19:42:41.913492792,Withdrawal,2166
T010080,C1140,2026-05-25 20:55:32.677723144,Withdrawal,1020
T010081,C1395,2026-05-25 22:08:23.441953496,Deposit,2120
T010082,C1256,2026-05-25 23:21:14.206183848,Deposit,3718
T010083,C2496,2026-05-26 00:34:04.970414200,Transfer,5041
T010084,C2256,2026-05-26 01:46:55.734644552,Deposit,777
T010085,C1002,2026-05-26 02:59:46.498874904,Withdrawal,5618
T010086,C1126,2026-05-26 04:12:37.263105256,Transfer,3476
T010087,C0010,2026-05-26 05:25:28.027335608,Deposit,5795
T010088,C1147,2026-05-26 06:38:18.791565960,Deposit,6376
T010089,C0787,2026-05-26 07:51:09.555796312,Withdrawal,4679
T010090,C2052,2026-05-26 09:04:00.320026672,Deposit,5576
T010091,C0259,2026-05-26 10:16:51.084257024,Deposit,1446
T010092,C1934,2026-05-26 11:29:41.848487376,Withdrawal,2051
T010093,C2335,2026-05-26 12:42:32.612717728,Withdrawal,5610
T010094,C2079,2026-05-26 13:55:23.376948080,Withdrawal,1978
T010095,C1712,2026-05-26 15:08:14.141178432,Transfer,3554
T010096,C0521,2026-05-26 16:21:04.905408784,Deposit,7426
T010097,C0716,2026-05-26 17:33:55.669639136,Deposit,1215
T010098,C1644,2026-05-26 18:46:46.433869488,Deposit,700
T010099,C0124,2026-05-26 19:59:37.198099840,Withdrawal,4539
T010100,C1774,2026-05-26 21:12:27.962330192,Transfer,830
T010101,C0922,2026-05-26 22:25:18.726560544,Transfer,801
T010102,C2178,2026-05-26 23:38:09.490790896,Deposit,2078
T010103,C1504,2026-05-27 00:51:00.255021248,Deposit,16855
T010104,C1756,2026-05-27 02:03:51.019251600,Deposit,419
T010105,C1566,2026-05-27 03:16:41.783481960,Withdrawal,4757
T010106,C1948,2026-05-27 04:29:32.547712312,Transfer,701
T010107,C1853,2026-05-27 05:42:23.311942664,Withdrawal,3210
T010108,C2125,2026-05-27 06:55:14.076173016,Transfer,1736
T010109,C2414,2026-05-27 08:08:04.840403368,Transfer,3146
T010110,C0292,2026-05-27 09:20:55.604633720,Withdrawal,1034
T010111,C1994,2026-05-27 10:33:46.368864072,Deposit,3622
T010112,C1738,2026-05-27 11:46:37.133094424,Deposit,1584
T010113,C0157,2026-05-27 12:59:27.897324776,Withdrawal,4566
T010114,C1124,2026-05-27 14:12:18.661555128,Withdrawal,1484
T010115,C0908,2026-05-27 15:25:09.425785480,Deposit,965
T010116,C1658,2026-05-27 16:38:00.190015832,Deposit,364
T010117,C0918,2026-05-27 17:50:50.954246184,Deposit,4305
T010118,C1851,2026-05-27 19:03:41.718476536,Deposit,2372
T010119,C2158,2026-05-27 20:16:32.482706888,Transfer,9903
T010120,C1703,2026-05-27 21:29:23.246937240,Withdrawal,100
T010121,C1666,2026-05-27 22:42:14.011167600,Withdrawal,6301
T010122,C1294,2026-05-27 23:55:04.775397952,Deposit,292
T010123,C0138,2026-05-28 01:07:55.539628304,Transfer,1239
T010124,C1712,2026-05-28 02:20:46.303858656,Withdrawal,4830
T010125,C2112,2026-05-28 03:33:37.068089008,Withdrawal,2043
T010126,C1015,2026-05-28 04:46:27.832319360,Deposit,36963
T010127,C1724,2026-05-28 05:59:18.596549712,Transfer,1343
T010128,C2398,2026-05-28 07:12:09.360780064,Transfer,1798
T010129,C2195,2026-05-28 08:25:00.125010416,Transfer,1270
T010130,C1359,2026-05-28 09:37:50.889240768,Withdrawal,919
T010131,C1556,2026-05-28 10:50:41.653471120,Deposit,8184
T010132,C0407,2026-05-28 12:03:32.417701472,Deposit,845
T010133,C0344,2026-05-28 13:16:23.181931824,Deposit,5373
T010134,C0652,2026-05-28 14:29:13.946162176,Deposit,5148
T010135,C1545,2026-05-28 15:42:04.710392528,Deposit,6272
T010136,C1874,2026-05-28 16:54:55.474622888,Deposit,2185
T010137,C1160,2026-05-28 18:07:46.238853240,Transfer,637
T010138,C0039,2026-05-28 19:20:37.003083592,Withdrawal,702
T010139,C1344,2026-05-28 20:33:27.767313944,Withdrawal,1717
T010140,C0287,2026-05-28 21:46:18.531544296,Deposit,869
T010141,C0968,2026-05-28 22:59:09.295774648,Deposit,693
T010142,C1487,2026-05-29 00:12:00.060005000,Deposit,1518
T010143,C0891,2026-05-29 01:24:50.824235352,Withdrawal,4631
T010144,C0662,2026-05-29 02:37:41.588465704,Deposit,747
T010145,C1029,2026-05-29 03:50:32.352696056,Deposit,729
T010146,C0236,2026-05-29 05:03:23.116926408,Deposit,4485
T010147,C2284,2026-05-29 06:16:13.881156760,Withdrawal,3552
T010148,C0969,2026-05-29 07:29:04.645387112,Withdrawal,2007
T010149,C1129,2026-05-29 08:41:55.409617464,Deposit,165
T010150,C1231,2026-05-29 09:54:46.173847816,Withdrawal,2241
T010151,C0239,2026-05-29 11:07:36.938078176,Withdrawal,1785
T010152,C1855,2026-05-29 12:20:27.702308528,Deposit,3558
T010153,C0829,2026-05-29 13:33:18.466538880,Withdrawal,1032
T010154,C0052,2026-05-29 14:46:09.230769232,Deposit,2216
T010155,C2156,2026-05-29 15:58:59.994999584,Transfer,173
T010156,C1381,2026-05-29 17:11:50.759229936,Withdrawal,145
T010157,C1057,2026-05-29 18:24:41.523460288,Withdrawal,1050
T010158,C0022,2026-05-29 19:37:32.287690640,Deposit,762
T010159,C0307,2026-05-29 20:50:23.051920992,Withdrawal,1420
T010160,C0011,2026-05-29 22:03:13.816151344,Transfer,2632
T010161,C1663,2026-05-29 23:16:04.580381696,Withdrawal,356
T010162,C0198,2026-05-30 00:28:55.344612048,Withdrawal,1339
T010163,C1966,2026-05-30 01:41:46.108842400,Deposit,5225
T010164,C1068,2026-05-30 02:54:36.873072752,Deposit,7497
T010165,C1209,2026-05-30 04:07:27.637303104,Withdrawal,637
T010166,C2437,2026-05-30 05:20:18.401533464,Deposit,791
T010167,C0551,2026-05-30 06:33:09.165763816,Deposit,1820
T010168,C1466,2026-05-30 07:45:59.929994168,Withdrawal,7130
T010169,C0505,2026-05-30 08:58:50.694224520,Deposit,521
T010170,C0137,2026-05-30 10:11:41.458454872,Withdrawal,3539
T010171,C0989,2026-05-30 11:24:32.222685224,Withdrawal,1089
T010172,C1303,2026-05-30 12:37:22.986915576,Withdrawal,704
T010173,C2212,2026-05-30 13:50:13.751145928,Withdrawal,3757
T010174,C0852,2026-05-30 15:03:04.515376280,Withdrawal,947
T010175,C1047,2026-05-30 16:15:55.279606632,Withdrawal,919
T010176,C1976,2026-05-30 17:28:46.043836984,Deposit,883
T010177,C0711,2026-05-30 18:41:36.808067336,Transfer,1592
T010178,C0507,2026-05-30 19:54:27.572297688,Withdrawal,377
T010179,C0686,2026-05-30 21:07:18.336528040,Withdrawal,2289
T010180,C1534,2026-05-30 22:20:09.100758392,Deposit,723
T010181,C0708,2026-05-30 23:32:59.864988752,Deposit,19508
T010182,C1624,2026-05-31 00:45:50.629219104,Transfer,1350
T010183,C0142,2026-05-31 01:58:41.393449456,Transfer,432
T010184,C2329,2026-05-31 03:11:32.157679808,Transfer,3636
T010185,C1708,2026-05-31 04:24:22.921910160,Transfer,354
T010186,C0302,2026-05-31 05:37:13.686140512,Deposit,2423
T010187,C2445,2026-05-31 06:50:04.450370864,Deposit,1725
T010188,C0318,2026-05-31 08:02:55.214601216,Transfer,3236
T010189,C1811,2026-05-31 09:15:45.978831568,Deposit,5091
T010190,C0858,2026-05-31 10:28:36.743061920,Deposit,5197
T010191,C0677,2026-05-31 11:41:27.507292272,Transfer,1436
T010192,C0379,2026-05-31 12:54:18.271522624,Withdrawal,2344
T010193,C0217,2026-05-31 14:07:09.035752976,Deposit,3997
T010194,C1963,2026-05-31 15:19:59.799983328,Withdrawal,1013
T010195,C0868,2026-05-31 16:32:50.564213680,Transfer,1466
T010196,C0434,2026-05-31 17:45:41.328444040,Withdrawal,3247
T010197,C0756,2026-05-31 18:58:32.092674392,Withdrawal,181
T010198,C1308,2026-05-31 20:11:22.856904744,Transfer,4128
T010199,C1507,2026-05-31 21:24:13.621135096,Withdrawal,2348
T010200,C1291,2026-05-31 22:37:04.385365448,Deposit,3505
T010201,C1940,2026-05-31 23:49:55.149595800,Withdrawal,1278
T010202,C0599,2026-06-01 01:02:45.913826152,Deposit,822
T010203,C0236,2026-06-01 02:15:36.678056504,Deposit,1951
T010204,C1784,2026-06-01 03:28:27.442286856,Deposit,468
T010205,C0100,2026-06-01 04:41:18.206517208,Deposit,2980
T010206,C2167,2026-06-01 05:54:08.970747560,Withdrawal,575
T010207,C1378,2026-06-01 07:06:59.734977912,Deposit,3995
T010208,C2136,2026-06-01 08:19:50.499208264,Deposit,5277
T010209,C2084,2026-06-01 09:32:41.263438616,Deposit,332
T010210,C0314,2026-06-01 10:45:32.027668968,Deposit,22032
T010211,C0551,2026-06-01 11:58:22.791899328,Deposit,968
T010212,C2475,2026-06-01 13:11:13.556129680,Deposit,2565
T010213,C0517,2026-06-01 14:24:04.320360032,Withdrawal,1590
T010214,C2012,2026-06-01 15:36:55.084590384,Deposit,727
T010215,C0009,2026-06-01 16:49:45.848820736,Withdrawal,1852
T010216,C0057,2026-06-01 18:02:36.613051088,Withdrawal,4867
T010217,C2331,2026-06-01 19:15:27.377281440,Deposit,1401
T010218,C0461,2026-06-01 20:28:18.141511792,Deposit,1136
T010219,C1383,2026-06-01 21:41:08.905742144,Withdrawal,2901
T010220,C2012,2026-06-01 22:53:59.669972496,Transfer,2019
T010221,C0930,2026-06-02 00:06:50.434202848,Transfer,3636
T010222,C2113,2026-06-02 01:19:41.198433200,Deposit,3313
T010223,C0855,2026-06-02 02:32:31.962663552,Deposit,1546
T010224,C1892,2026-06-02 03:45:22.726893904,Deposit,12894
T010225,C0136,2026-06-02 04:58:13.491124256,Withdrawal,4986
T010226,C0762,2026-06-02 06:11:04.255354616,Withdrawal,2818
T010227,C1010,2026-06-02 07:23:55.019584968,Transfer,2397
T010228,C1630,2026-06-02 08:36:45.783815320,Transfer,435
T010229,C1956,2026-06-02 09:49:36.548045672,Withdrawal,1372
T010230,C0850,2026-06-02 11:02:27.312276024,Deposit,879
T010231,C2165,2026-06-02 12:15:18.076506376,Deposit,1583
T010232,C2040,2026-06-02 13:28:08.840736728,Withdrawal,6748
T010233,C0479,2026-06-02 14:40:59.604967080,Withdrawal,341
T010234,C1311,2026-06-02 15:53:50.369197432,Withdrawal,773
T010235,C0536,2026-06-02 17:06:41.133427784,Deposit,523
T010236,C2453,2026-06-02 18:19:31.897658136,Withdrawal,2975
T010237,C2144,2026-06-02 19:32:22.661888488,Withdrawal,7349
T010238,C1521,2026-06-02 20:45:13.426118840,Withdrawal,3941
T010239,C2302,2026-06-02 21:58:04.190349192,Withdrawal,1461
T010240,C0414,2026-06-02 23:10:54.954579544,Deposit,6759
T010241,C1657,2026-06-03 00:23:45.718809904,Withdrawal,4678
T010242,C1395,2026-06-03 01:36:36.483040256,Transfer,1322
T010243,C2291,2026-06-03 02:49:27.247270608,Withdrawal,505
T010244,C0639,2026-06-03 04:02:18.011500960,Deposit,4592
T010245,C2087,2026-06-03 05:15:08.775731312,Withdrawal,551
T010246,C1921,2026-06-03 06:27:59.539961664,Deposit,375
T010247,C0353,2026-06-03 07:40:50.304192016,Deposit,1010
T010248,C0426,2026-06-03 08:53:41.068422368,Deposit,742
T010249,C0510,2026-06-03 10:06:31.832652720,Transfer,1046
T010250,C0140,2026-06-03 11:19:22.596883072,Withdrawal,3227
T010251,C0252,2026-06-03 12:32:13.361113424,Withdrawal,1419
T010252,C0669,2026-06-03 13:45:04.125343776,Deposit,2189
T010253,C0317,2026-06-03 14:57:54.889574128,Deposit,716
T010254,C2468,2026-06-03 16:10:45.653804480,Transfer,2080
T010255,C2010,2026-06-03 17:23:36.418034832,Deposit,1680
T010256,C1053,2026-06-03 18:36:27.182265184,Deposit,3946
T010257,C0541,2026-06-03 19:49:17.946495544,Deposit,2078
T010258,C1124,2026-06-03 21:02:08.710725896,Deposit,2224
T010259,C1344,2026-06-03 22:14:59.474956248,Withdrawal,1584
T010260,C0570,2026-06-03 23:27:50.239186600,Withdrawal,1484
T010261,C0723,2026-06-04 00:40:41.003416952,Withdrawal,3583
T010262,C1001,2026-06-04 01:53:31.767647304,Withdrawal,8312
T010263,C2237,2026-06-04 03:06:22.531877656,Withdrawal,8467
T010264,C0450,2026-06-04 04:19:13.296108008,Deposit,1137
T010265,C2142,2026-06-04 05:32:04.060338360,Transfer,1293
T010266,C2331,2026-06-04 06:44:54.824568712,Withdrawal,7413
T010267,C0025,2026-06-04 07:57:45.588799064,Deposit,2799
T010268,C1840,2026-06-04 09:10:36.353029416,Deposit,9007
T010269,C0260,2026-06-04 10:23:27.117259768,Withdrawal,3605
T010270,C2014,2026-06-04 11:36:17.881490120,Deposit,501
T010271,C1928,2026-06-04 12:49:08.645720472,Transfer,3436
T010272,C1237,2026-06-04 14:01:59.409950832,Withdrawal,652
T010273,C2163,2026-06-04 15:14:50.174181184,Transfer,1975
T010274,C0452,2026-06-04 16:27:40.938411536,Withdrawal,1115
T010275,C0700,2026-06-04 17:40:31.702641888,Transfer,568
T010276,C1552,2026-06-04 18:53:22.466872240,Deposit,1651
T010277,C1683,2026-06-04 20:06:13.231102592,Deposit,386
T010278,C0385,2026-06-04 21:19:03.995332944,Withdrawal,2312
T010279,C0613,2026-06-04 22:31:54.759563296,Deposit,8453
T010280,C1442,2026-06-04 23:44:45.523793648,Transfer,9511
T010281,C2267,2026-06-05 00:57:36.288024000,Deposit,10257
T010282,C0557,2026-06-05 02:10:27.052254352,Withdrawal,3652
T010283,C0350,2026-06-05 03:23:17.816484704,Transfer,1291
T010284,C0390,2026-06-05 04:36:08.580715056,Deposit,776
T010285,C2425,2026-06-05 05:48:59.344945408,Transfer,5152
T010286,C2114,2026-06-05 07:01:50.109175760,Deposit,1446
T010287,C1143,2026-06-05 08:14:40.873406120,Withdrawal,929
T010288,C0746,2026-06-05 09:27:31.637636472,Withdrawal,293
T010289,C2056,2026-06-05 10:40:22.401866824,Deposit,3569
T010290,C1731,2026-06-05 11:53:13.166097176,Deposit,8065
T010291,C1763,2026-06-05 13:06:03.930327528,Deposit,790
T010292,C0027,2026-06-05 14:18:54.694557880,Deposit,5719
T010293,C0290,2026-06-05 15:31:45.458788232,Deposit,2869
T010294,C0028,2026-06-05 16:44:36.223018584,Deposit,683
T010295,C1770,2026-06-05 17:57:26.987248936,Withdrawal,849
T010296,C0108,2026-06-05 19:10:17.751479288,Deposit,1008
T010297,C0891,2026-06-05 20:23:08.515709640,Transfer,6257
T010298,C2487,2026-06-05 21:35:59.279939992,Withdrawal,16223
T010299,C0203,2026-06-05 22:48:50.044170344,Deposit,1061
T010300,C0777,2026-06-06 00:01:40.808400696,Withdrawal,989
T010301,C0990,2026-06-06 01:14:31.572631048,Withdrawal,2109
T010302,C2349,2026-06-06 02:27:22.336861408,Deposit,5566
T010303,C1926,2026-06-06 03:40:13.101091760,Transfer,3556
T010304,C1934,2026-06-06 04:53:03.865322112,Withdrawal,1812
T010305,C1951,2026-06-06 06:05:54.629552464,Transfer,383
T010306,C0438,2026-06-06 07:18:45.393782816,Withdrawal,1357
T010307,C1035,2026-06-06 08:31:36.158013168,Withdrawal,1017
T010308,C0837,2026-06-06 09:44:26.922243520,Deposit,6502
T010309,C0607,2026-06-06 10:57:17.686473872,Deposit,813
T010310,C0642,2026-06-06 12:10:08.450704224,Withdrawal,678
T010311,C1809,2026-06-06 13:22:59.214934576,Deposit,1533
T010312,C2158,2026-06-06 14:35:49.979164928,Withdrawal,2845
T010313,C0643,2026-06-06 15:48:40.743395280,Withdrawal,251
T010314,C0703,2026-06-06 17:01:31.507625632,Deposit,656
T010315,C1723,2026-06-06 18:14:22.271855984,Deposit,9914
T010316,C0849,2026-06-06 19:27:13.036086336,Deposit,1541
T010317,C2225,2026-06-06 20:40:03.800316696,Withdrawal,1549
T010318,C1463,2026-06-06 21:52:54.564547048,Deposit,1573
T010319,C1867,2026-06-06 23:05:45.328777400,Deposit,895
T010320,C0511,2026-06-07 00:18:36.093007752,Deposit,6064
T010321,C2157,2026-06-07 01:31:26.857238104,Withdrawal,460
T010322,C1096,2026-06-07 02:44:17.621468456,Withdrawal,1871
T010323,C0733,2026-06-07 03:57:08.385698808,Withdrawal,1902
T010324,C2329,2026-06-07 05:09:59.149929160,Deposit,166
T010325,C1238,2026-06-07 06:22:49.914159512,Withdrawal,356
T010326,C1481,2026-06-07 07:35:40.678389864,Transfer,4301
T010327,C2466,2026-06-07 08:48:31.442620216,Deposit,1085
T010328,C2011,2026-06-07 10:01:22.206850568,Withdrawal,983
T010329,C1534,2026-06-07 11:14:12.971080920,Withdrawal,4405
T010330,C0662,2026-06-07 12:27:03.735311272,Deposit,10436
T010331,C1202,2026-06-07 13:39:54.499541624,Withdrawal,532
T010332,C0104,2026-06-07 14:52:45.263771984,Deposit,1606
T010333,C2105,2026-06-07 16:05:36.028002336,Withdrawal,319
T010334,C0578,2026-06-07 17:18:26.792232688,Deposit,288
T010335,C1082,2026-06-07 18:31:17.556463040,Withdrawal,542
T010336,C2165,2026-06-07 19:44:08.320693392,Deposit,2970
T010337,C0819,2026-06-07 20:56:59.084923744,Deposit,1886
T010338,C0079,2026-06-07 22:09:49.849154096,Deposit,1549
T010339,C1848,2026-06-07 23:22:40.613384448,Withdrawal,1909
T010340,C1890,2026-06-08 00:35:31.377614800,Deposit,16001
T010341,C0559,2026-06-08 01:48:22.141845152,Deposit,555
T010342,C1707,2026-06-08 03:01:12.906075504,Deposit,18890
T010343,C1620,2026-06-08 04:14:03.670305856,Withdrawal,3707
T010344,C2156,2026-06-08 05:26:54.434536208,Withdrawal,494
T010345,C1854,2026-06-08 06:39:45.198766560,Deposit,9982
T010346,C0070,2026-06-08 07:52:35.962996912,Withdrawal,1347
T010347,C2435,2026-06-08 09:05:26.727227272,Withdrawal,6195
T010348,C1190,2026-06-08 10:18:17.491457624,Transfer,596
T010349,C1082,2026-06-08 11:31:08.255687976,Deposit,1919
T010350,C1475,2026-06-08 12:43:59.019918328,Deposit,937
T010351,C0245,2026-06-08 13:56:49.784148680,Withdrawal,831
T010352,C0684,2026-06-08 15:09:40.548379032,Deposit,727
T010353,C1800,2026-06-08 16:22:31.312609384,Deposit,749
T010354,C1602,2026-06-08 17:35:22.076839736,Withdrawal,976
T010355,C0071,2026-06-08 18:48:12.841070088,Deposit,1759
T010356,C1889,2026-06-08 20:01:03.605300440,Deposit,880
T010357,C1263,2026-06-08 21:13:54.369530792,Withdrawal,749
T010358,C2156,2026-06-08 22:26:45.133761144,Deposit,353
T010359,C1232,2026-06-08 23:39:35.897991496,Withdrawal,3757
T010360,C0722,2026-06-09 00:52:26.662221848,Transfer,2231
T010361,C0302,2026-06-09 02:05:17.426452200,Withdrawal,2818
T010362,C1454,2026-06-09 03:18:08.190682560,Withdrawal,5533
T010363,C1372,2026-06-09 04:30:58.954912912,Withdrawal,1495
T010364,C1916,2026-06-09 05:43:49.719143264,Transfer,2210
T010365,C1430,2026-06-09 06:56:40.483373616,Deposit,1378
T010366,C1926,2026-06-09 08:09:31.247603968,Deposit,1022
T010367,C0952,2026-06-09 09:22:22.011834320,Transfer,492
T010368,C0256,2026-06-09 10:35:12.776064672,Withdrawal,1398
T010369,C0954,2026-06-09 11:48:03.540295024,Deposit,818
T010370,C1169,2026-06-09 13:00:54.304525376,Transfer,6370
T010371,C1700,2026-06-09 14:13:45.068755728,Deposit,422
T010372,C1548,2026-06-09 15:26:35.832986080,Withdrawal,727
T010373,C0360,2026-06-09 16:39:26.597216432,Transfer,216
T010374,C1214,2026-06-09 17:52:17.361446784,Withdrawal,2677
T010375,C2344,2026-06-09 19:05:08.125677136,Withdrawal,5531
T010376,C2141,2026-06-09 20:17:58.889907488,Withdrawal,2022
T010377,C1154,2026-06-09 21:30:49.654137840,Transfer,2003
T010378,C0861,2026-06-09 22:43:40.418368200,Transfer,592
T010379,C0990,2026-06-09 23:56:31.182598552,Deposit,1327
T010380,C0484,2026-06-10 01:09:21.946828904,Deposit,5835
T010381,C1433,2026-06-10 02:22:12.711059256,Withdrawal,819
T010382,C0341,2026-06-10 03:35:03.475289608,Transfer,887
T010383,C2378,2026-06-10 04:47:54.239519960,Withdrawal,1839
T010384,C1919,2026-06-10 06:00:45.003750312,Transfer,8563
T010385,C1199,2026-06-10 07:13:35.767980664,Withdrawal,3838
T010386,C1468,2026-06-10 08:26:26.532211016,Withdrawal,2024
T010387,C0201,2026-06-10 09:39:17.296441368,Withdrawal,2201
T010388,C0743,2026-06-10 10:52:08.060671720,Withdrawal,237
T010389,C0098,2026-06-10 12:04:58.824902072,Deposit,4741
T010390,C1577,2026-06-10 13:17:49.589132424,Transfer,133
T010391,C1292,2026-06-10 14:30:40.353362776,Deposit,1181
T010392,C0839,2026-06-10 15:43:31.117593128,Transfer,6250
T010393,C0352,2026-06-10 16:56:21.881823488,Deposit,3952
T010394,C1302,2026-06-10 18:09:12.646053840,Deposit,3941
T010395,C1978,2026-06-10 19:22:03.410284192,Deposit,1978
T010396,C0456,2026-06-10 20:34:54.174514544,Transfer,967
T010397,C1758,2026-06-10 21:47:44.938744896,Deposit,4883
T010398,C1158,2026-06-10 23:00:35.702975248,Withdrawal,2164
T010399,C0258,2026-06-11 00:13:26.467205600,Deposit,1262
T010400,C2110,2026-06-11 01:26:17.231435952,Withdrawal,3574
T010401,C0482,2026-06-11 02:39:07.995666304,Deposit,2757
T010402,C1501,2026-06-11 03:51:58.759896656,Deposit,7334
T010403,C1000,2026-06-11 05:04:49.524127008,Deposit,1422
T010404,C0635,2026-06-11 06:17:40.288357360,Withdrawal,675
T010405,C1397,2026-06-11 07:30:31.052587712,Deposit,1150
T010406,C1323,2026-06-11 08:43:21.816818064,Deposit,2580
T010407,C1076,2026-06-11 09:56:12.581048416,Deposit,422
T010408,C1403,2026-06-11 11:09:03.345278776,Deposit,2021
T010409,C1978,2026-06-11 12:21:54.109509128,Withdrawal,995
T010410,C2360,2026-06-11 13:34:44.873739480,Deposit,3148
T010411,C2107,2026-06-11 14:47:35.637969832,Withdrawal,840
T010412,C2352,2026-06-11 16:00:26.402200184,Withdrawal,6100
T010413,C2083,2026-06-11 17:13:17.166430536,Withdrawal,1224
T010414,C0648,2026-06-11 18:26:07.930660888,Deposit,1832
T010415,C1011,2026-06-11 19:38:58.694891240,Withdrawal,7717
T010416,C1612,2026-06-11 20:51:49.459121592,Transfer,51419
T010417,C0493,2026-06-11 22:04:40.223351944,Withdrawal,588
T010418,C0491,2026-06-11 23:17:30.987582296,Withdrawal,1052
T010419,C2269,2026-06-12 00:30:21.751812648,Deposit,2484
T010420,C1621,2026-06-12 01:43:12.516043000,Deposit,551
T010421,C2171,2026-06-12 02:56:03.280273352,Transfer,25995
T010422,C1126,2026-06-12 04:08:54.044503704,Withdrawal,1488
T010423,C1819,2026-06-12 05:21:44.808734064,Deposit,770
T010424,C0887,2026-06-12 06:34:35.572964416,Deposit,1152
T010425,C1985,2026-06-12 07:47:26.337194768,Deposit,2451
T010426,C0494,2026-06-12 09:00:17.101425120,Transfer,767
T010427,C0759,2026-06-12 10:13:07.865655472,Withdrawal,1308
T010428,C1684,2026-06-12 11:25:58.629885824,Transfer,3558
T010429,C0633,2026-06-12 12:38:49.394116176,Withdrawal,893
T010430,C0330,2026-06-12 13:51:40.158346528,Transfer,4385
T010431,C1924,2026-06-12 15:04:30.922576880,Deposit,1057
T010432,C1351,2026-06-12 16:17:21.686807232,Withdrawal,15338
T010433,C0010,2026-06-12 17:30:12.451037584,Deposit,5029
T010434,C2175,2026-06-12 18:43:03.215267936,Transfer,305
T010435,C0985,2026-06-12 19:55:53.979498288,Deposit,1885
T010436,C0669,2026-06-12 21:08:44.743728640,Deposit,3103
T010437,C2279,2026-06-12 22:21:35.507958992,Withdrawal,100
T010438,C1039,2026-06-12 23:34:26.272189352,Transfer,689
T010439,C0442,2026-06-13 00:47:17.036419704,Transfer,1979
T010440,C1582,2026-06-13 02:00:07.800650056,Deposit,361
T010441,C0274,2026-06-13 03:12:58.564880408,Transfer,1409
T010442,C0618,2026-06-13 04:25:49.329110760,Withdrawal,1733
T010443,C1027,2026-06-13 05:38:40.093341112,Transfer,646
T010444,C2374,2026-06-13 06:51:30.857571464,Transfer,3576
T010445,C0253,2026-06-13 08:04:21.621801816,Deposit,3864
T010446,C1558,2026-06-13 09:17:12.386032168,Withdrawal,6718
T010447,C0448,2026-06-13 10:30:03.150262520,Withdrawal,1710
T010448,C2421,2026-06-13 11:42:53.914492872,Transfer,2586
T010449,C0469,2026-06-13 12:55:44.678723224,Deposit,6941
T010450,C1160,2026-06-13 14:08:35.442953576,Deposit,1085
T010451,C0070,2026-06-13 15:21:26.207183928,Withdrawal,623
T010452,C0481,2026-06-13 16:34:16.971414280,Withdrawal,4179
T010453,C0490,2026-06-13 17:47:07.735644640,Transfer,1153
T010454,C0503,2026-06-13 18:59:58.499874992,Withdrawal,306
T010455,C1722,2026-06-13 20:12:49.264105344,Deposit,2540
T010456,C0117,2026-06-13 21:25:40.028335696,Transfer,465
T010457,C1814,2026-06-13 22:38:30.792566048,Withdrawal,2904
T010458,C0919,2026-06-13 23:51:21.556796400,Withdrawal,660
T010459,C0904,2026-06-14 01:04:12.321026752,Transfer,4720
T010460,C0428,2026-06-14 02:17:03.085257104,Withdrawal,1454
T010461,C0494,2026-06-14 03:29:53.849487456,Withdrawal,1814
T010462,C2110,2026-06-14 04:42:44.613717808,Deposit,2249
T010463,C1851,2026-06-14 05:55:35.377948160,Transfer,3573
T010464,C0080,2026-06-14 07:08:26.142178512,Deposit,3769
T010465,C1046,2026-06-14 08:21:16.906408864,Deposit,1037
T010466,C0595,2026-06-14 09:34:07.670639216,Transfer,5621
T010467,C1348,2026-06-14 10:46:58.434869568,Withdrawal,1751
T010468,C1541,2026-06-14 11:59:49.199099928,Deposit,1427
T010469,C2309,2026-06-14 13:12:39.963330280,Deposit,3041
T010470,C2177,2026-06-14 14:25:30.727560632,Transfer,443
T010471,C0626,2026-06-14 15:38:21.491790984,Withdrawal,5553
T010472,C0284,2026-06-14 16:51:12.256021336,Deposit,14212
T010473,C1877,2026-06-14 18:04:03.020251688,Transfer,1409
T010474,C1212,2026-06-14 19:16:53.784482040,Withdrawal,3003
T010475,C2067,2026-06-14 20:29:44.548712392,Deposit,2099
T010476,C0763,2026-06-14 21:42:35.312942744,Deposit,1272
T010477,C0838,2026-06-14 22:55:26.077173096,Withdrawal,697
T010478,C2016,2026-06-15 00:08:16.841403448,Withdrawal,3036
T010479,C2016,2026-06-15 01:21:07.605633800,Deposit,5006
T010480,C1061,2026-06-15 02:33:58.369864152,Withdrawal,2148
T010481,C1622,2026-06-15 03:46:49.134094504,Deposit,5081
T010482,C0072,2026-06-15 04:59:39.898324856,Transfer,1263
T010483,C0653,2026-06-15 06:12:30.662555216,Deposit,5457
T010484,C0064,2026-06-15 07:25:21.426785568,Withdrawal,4791
T010485,C0030,2026-06-15 08:38:12.191015920,Withdrawal,2973
T010486,C0557,2026-06-15 09:51:02.955246272,Withdrawal,4658
T010487,C2326,2026-06-15 11:03:53.719476624,Withdrawal,854
T010488,C1755,2026-06-15 12:16:44.483706976,Deposit,1710
T010489,C0277,2026-06-15 13:29:35.247937328,Transfer,1668
T010490,C2269,2026-06-15 14:42:26.012167680,Deposit,550
T010491,C1217,2026-06-15 15:55:16.776398032,Withdrawal,6447
T010492,C0670,2026-06-15 17:08:07.540628384,Deposit,1828
T010493,C2189,2026-06-15 18:20:58.304858736,Deposit,1676
T010494,C0026,2026-06-15 19:33:49.069089088,Withdrawal,5007
T010495,C2146,2026-06-15 20:46:39.833319440,Deposit,654
T010496,C0276,2026-06-15 21:59:30.597549792,Transfer,3659
T010497,C1267,2026-06-15 23:12:21.361780144,Transfer,759
T010498,C2481,2026-06-16 00:25:12.126010504,Transfer,1230
T010499,C0009,2026-06-16 01:38:02.890240856,Withdrawal,149
T010500,C2320,2026-06-16 02:50:53.654471208,Deposit,8496
T010501,C1796,2026-06-16 04:03:44.418701560,Withdrawal,2768
T010502,C0032,2026-06-16 05:16:35.182931912,Withdrawal,382
T010503,C0852,2026-06-16 06:29:25.947162264,Deposit,912
T010504,C0605,2026-06-16 07:42:16.711392616,Transfer,1288
T010505,C1773,2026-06-16 08:55:07.475622968,Withdrawal,2187
T010506,C2065,2026-06-16 10:07:58.239853320,Withdrawal,1543
T010507,C2349,2026-06-16 11:20:49.004083672,Withdrawal,1086
T010508,C1808,2026-06-16 12:33:39.768314024,Transfer,2669
T010509,C0042,2026-06-16 13:46:30.532544376,Deposit,1367
T010510,C1802,2026-06-16 14:59:21.296774728,Deposit,728
T010511,C2100,2026-06-16 16:12:12.061005080,Withdrawal,1678
T010512,C2236,2026-06-16 17:25:02.825235432,Withdrawal,3884
T010513,C1968,2026-06-16 18:37:53.589465784,Transfer,2673
T010514,C2199,2026-06-16 19:50:44.353696144,Deposit,2261
T010515,C0409,2026-06-16 21:03:35.117926496,Transfer,2536
T010516,C1893,2026-06-16 22:16:25.882156848,Withdrawal,166
T010517,C0344,2026-06-16 23:29:16.646387200,Withdrawal,307
T010518,C1719,2026-06-17 00:42:07.410617552,Deposit,1390
T010519,C0028,2026-06-17 01:54:58.174847904,Withdrawal,2947
T010520,C0634,2026-06-17 03:07:48.939078256,Withdrawal,3023
T010521,C0212,2026-06-17 04:20:39.703308608,Deposit,992
T010522,C0688,2026-06-17 05:33:30.467538960,Withdrawal,9218
T010523,C1504,2026-06-17 06:46:21.231769312,Deposit,1975
T010524,C0072,2026-06-17 07:59:11.995999664,Withdrawal,1288
T010525,C2158,2026-06-17 09:12:02.760230016,Withdrawal,3400
T010526,C1137,2026-06-17 10:24:53.524460368,Withdrawal,2065
T010527,C1421,2026-06-17 11:37:44.288690720,Deposit,722
T010528,C0232,2026-06-17 12:50:35.052921072,Deposit,588
T010529,C0043,2026-06-17 14:03:25.817151432,Transfer,3601
T010530,C0265,2026-06-17 15:16:16.581381784,Deposit,684
T010531,C1832,2026-06-17 16:29:07.345612136,Transfer,6393
T010532,C0046,2026-06-17 17:41:58.109842488,Deposit,1180
T010533,C1976,2026-06-17 18:54:48.874072840,Withdrawal,803
T010534,C1676,2026-06-17 20:07:39.638303192,Deposit,4171
T010535,C2286,2026-06-17 21:20:30.402533544,Withdrawal,3243
T010536,C1270,2026-06-17 22:33:21.166763896,Transfer,819
T010537,C0727,2026-06-17 23:46:11.930994248,Deposit,143
T010538,C2248,2026-06-18 00:59:02.695224600,Deposit,14943
T010539,C1013,2026-06-18 02:11:53.459454952,Withdrawal,2252
T010540,C2485,2026-06-18 03:24:44.223685304,Transfer,5672
T010541,C0494,2026-06-18 04:37:34.987915656,Deposit,659
T010542,C0707,2026-06-18 05:50:25.752146008,Transfer,1347
T010543,C2072,2026-06-18 07:03:16.516376360,Withdrawal,2412
T010544,C2006,2026-06-18 08:16:07.280606720,Deposit,6138
T010545,C2318,2026-06-18 09:28:58.044837072,Deposit,4187
T010546,C0738,2026-06-18 10:41:48.809067424,Deposit,3046
T010547,C1252,2026-06-18 11:54:39.573297776,Withdrawal,4080
T010548,C2176,2026-06-18 13:07:30.337528128,Withdrawal,1009
T010549,C0543,2026-06-18 14:20:21.101758480,Deposit,1686
T010550,C1787,2026-06-18 15:33:11.865988832,Withdrawal,736
T010551,C2373,2026-06-18 16:46:02.630219184,Withdrawal,5012
T010552,C1130,2026-06-18 17:58:53.394449536,Deposit,695
T010553,C1461,2026-06-18 19:11:44.158679888,Transfer,1123
T010554,C2133,2026-06-18 20:24:34.922910240,Transfer,1755
T010555,C1026,2026-06-18 21:37:25.687140592,Deposit,257
T010556,C1461,2026-06-18 22:50:16.451370944,Transfer,1827
T010557,C2499,2026-06-19 00:03:07.215601296,Transfer,2111
T010558,C1465,2026-06-19 01:15:57.979831648,Deposit,8047
T010559,C1246,2026-06-19 02:28:48.744062008,Deposit,8134
T010560,C1049,2026-06-19 03:41:39.508292360,Withdrawal,762
T010561,C1059,2026-06-19 04:54:30.272522712,Transfer,1682
T010562,C0972,2026-06-19 06:07:21.036753064,Transfer,2299
T010563,C2391,2026-06-19 07:20:11.800983416,Deposit,3991
T010564,C0988,2026-06-19 08:33:02.565213768,Deposit,872
T010565,C1390,2026-06-19 09:45:53.329444120,Withdrawal,6461
T010566,C1360,2026-06-19 10:58:44.093674472,Deposit,1323
T010567,C0899,2026-06-19 12:11:34.857904824,Deposit,6447
T010568,C1814,2026-06-19 13:24:25.622135176,Withdrawal,7881
T010569,C1503,2026-06-19 14:37:16.386365528,Withdrawal,348
T010570,C2446,2026-06-19 15:50:07.150595880,Deposit,2312
T010571,C1830,2026-06-19 17:02:57.914826232,Transfer,1248
T010572,C0343,2026-06-19 18:15:48.679056584,Deposit,127
T010573,C1249,2026-06-19 19:28:39.443286936,Withdrawal,4195
T010574,C2095,2026-06-19 20:41:30.207517296,Withdrawal,534
T010575,C1209,2026-06-19 21:54:20.971747648,Deposit,1871
T010576,C0915,2026-06-19 23:07:11.735978000,Withdrawal,8693
T010577,C2210,2026-06-20 00:20:02.500208352,Transfer,1856
T010578,C1667,2026-06-20 01:32:53.264438704,Withdrawal,3020
T010579,C0295,2026-06-20 02:45:44.028669056,Withdrawal,6258
T010580,C2140,2026-06-20 03:58:34.792899408,Deposit,11581
T010581,C1611,2026-06-20 05:11:25.557129760,Deposit,1888
T010582,C1980,2026-06-20 06:24:16.321360112,Withdrawal,654
T010583,C1282,2026-06-20 07:37:07.085590464,Transfer,4075
T010584,C0557,2026-06-20 08:49:57.849820816,Withdrawal,1716
T010585,C2023,2026-06-20 10:02:48.614051168,Withdrawal,1902
T010586,C0309,2026-06-20 11:15:39.378281520,Withdrawal,1022
T010587,C1673,2026-06-20 12:28:30.142511872,Deposit,671
T010588,C1153,2026-06-20 13:41:20.906742224,Withdrawal,3311
T010589,C1185,2026-06-20 14:54:11.670972584,Deposit,2809
T010590,C2224,2026-06-20 16:07:02.435202936,Withdrawal,1459
T010591,C1795,2026-06-20 17:19:53.199433288,Withdrawal,8251
T010592,C0973,2026-06-20 18:32:43.963663640,Deposit,1468
T010593,C0938,2026-06-20 19:45:34.727893992,Transfer,2283
T010594,C1292,2026-06-20 20:58:25.492124344,Deposit,3188
T010595,C0218,2026-06-20 22:11:16.256354696,Deposit,1518
T010596,C0164,2026-06-20 23:24:07.020585048,Withdrawal,393
T010597,C1715,2026-06-21 00:36:57.784815400,Transfer,2486
T010598,C1441,2026-06-21 01:49:48.549045752,Deposit,2406
T010599,C2096,2026-06-21 03:02:39.313276104,Transfer,2324
T010600,C1218,2026-06-21 04:15:30.077506456,Withdrawal,2169
T010601,C0801,2026-06-21 05:28:20.841736808,Withdrawal,3207
T010602,C2132,2026-06-21 06:41:11.605967160,Transfer,576
T010603,C1691,2026-06-21 07:54:02.370197512,Withdrawal,2699
T010604,C0234,2026-06-21 09:06:53.134427872,Withdrawal,718
T010605,C1877,2026-06-21 10:19:43.898658224,Withdrawal,2297
T010606,C0962,2026-06-21 11:32:34.662888576,Withdrawal,284
T010607,C2195,2026-06-21 12:45:25.427118928,Deposit,1405
T010608,C2244,2026-06-21 13:58:16.191349280,Withdrawal,3034
T010609,C0906,2026-06-21 15:11:06.955579632,Withdrawal,1483
T010610,C1014,2026-06-21 16:23:57.719809984,Withdrawal,854
T010611,C1046,2026-06-21 17:36:48.484040336,Deposit,3473
T010612,C1996,2026-06-21 18:49:39.248270688,Withdrawal,2745
T010613,C0386,2026-06-21 20:02:30.012501040,Deposit,806
T010614,C2025,2026-06-21 21:15:20.776731392,Transfer,1138
T010615,C0364,2026-06-21 22:28:11.540961744,Deposit,358
T010616,C2322,2026-06-21 23:41:02.305192096,Withdrawal,1944
T010617,C1408,2026-06-22 00:53:53.069422448,Deposit,4593
T010618,C0208,2026-06-22 02:06:43.833652800,Withdrawal,731
T010619,C0275,2026-06-22 03:19:34.597883160,Withdrawal,1971
T010620,C1753,2026-06-22 04:32:25.362113512,Withdrawal,3260
T010621,C0496,2026-06-22 05:45:16.126343864,Deposit,2862
T010622,C0902,2026-06-22 06:58:06.890574216,Transfer,1041
T010623,C2207,2026-06-22 08:10:57.654804568,Deposit,821
T010624,C1750,2026-06-22 09:23:48.419034920,Transfer,3255
T010625,C0460,2026-06-22 10:36:39.183265272,Withdrawal,6147
T010626,C0394,2026-06-22 11:49:29.947495624,Deposit,2784
T010627,C0917,2026-06-22 13:02:20.711725976,Withdrawal,2041
T010628,C2487,2026-06-22 14:15:11.475956328,Withdrawal,6677
T010629,C0164,2026-06-22 15:28:02.240186680,Withdrawal,158
T010630,C0639,2026-06-22 16:40:53.004417032,Deposit,3023
T010631,C0570,2026-06-22 17:53:43.768647384,Transfer,4362
T010632,C2195,2026-06-22 19:06:34.532877736,Withdrawal,8849
T010633,C0960,2026-06-22 20:19:25.297108088,Deposit,534
T010634,C0768,2026-06-22 21:32:16.061338448,Withdrawal,4507
T010635,C2158,2026-06-22 22:45:06.825568800,Deposit,2475
T010636,C0394,2026-06-22 23:57:57.589799152,Deposit,2973
T010637,C1206,2026-06-23 01:10:48.354029504,Deposit,2801
T010638,C1597,2026-06-23 02:23:39.118259856,Transfer,4656
T010639,C0443,2026-06-23 03:36:29.882490208,Deposit,931
T010640,C0747,2026-06-23 04:49:20.646720560,Withdrawal,1098
T010641,C2178,2026-06-23 06:02:11.410950912,Deposit,6731
T010642,C1867,2026-06-23 07:15:02.175181264,Deposit,24026
T010643,C1800,2026-06-23 08:27:52.939411616,Deposit,271
T010644,C0505,2026-06-23 09:40:43.703641968,Transfer,5482
T010645,C0720,2026-06-23 10:53:34.467872320,Deposit,1883
T010646,C1988,2026-06-23 12:06:25.232102672,Deposit,2925
T010647,C1678,2026-06-23 13:19:15.996333024,Deposit,1025
T010648,C2070,2026-06-23 14:32:06.760563376,Deposit,8965
T010649,C0875,2026-06-23 15:44:57.524793728,Transfer,2277
T010650,C0634,2026-06-23 16:57:48.289024088,Transfer,4444
T010651,C0282,2026-06-23 18:10:39.053254440,Deposit,4818
T010652,C1444,2026-06-23 19:23:29.817484792,Deposit,531
T010653,C2421,2026-06-23 20:36:20.581715144,Withdrawal,2408
T010654,C1325,2026-06-23 21:49:11.345945496,Deposit,997
T010655,C1009,2026-06-23 23:02:02.110175848,Transfer,1533
T010656,C2334,2026-06-24 00:14:52.874406200,Deposit,9732
T010657,C1140,2026-06-24 01:27:43.638636552,Withdrawal,3987
T010658,C0404,2026-06-24 02:40:34.402866904,Deposit,2098
T010659,C2138,2026-06-24 03:53:25.167097256,Transfer,616
T010660,C0696,2026-06-24 05:06:15.931327608,Deposit,531
T010661,C0908,2026-06-24 06:19:06.695557960,Deposit,685
T010662,C2495,2026-06-24 07:31:57.459788312,Withdrawal,1464
T010663,C2360,2026-06-24 08:44:48.224018664,Deposit,1159
T010664,C1927,2026-06-24 09:57:38.988249016,Deposit,505
T010665,C0121,2026-06-24 11:10:29.752479376,Deposit,298
T010666,C2365,2026-06-24 12:23:20.516709728,Transfer,507
T010667,C2186,2026-06-24 13:36:11.280940080,Deposit,605
T010668,C1767,2026-06-24 14:49:02.045170432,Deposit,757
T010669,C1678,2026-06-24 16:01:52.809400784,Transfer,748
T010670,C0391,2026-06-24 17:14:43.573631136,Transfer,4061
T010671,C2415,2026-06-24 18:27:34.337861488,Withdrawal,2680
T010672,C0841,2026-06-24 19:40:25.102091840,Withdrawal,431
T010673,C1490,2026-06-24 20:53:15.866322192,Transfer,1297
T010674,C1266,2026-06-24 22:06:06.630552544,Deposit,2552
T010675,C1466,2026-06-24 23:18:57.394782896,Withdrawal,620
T010676,C1857,2026-06-25 00:31:48.159013248,Deposit,1168
T010677,C2236,2026-06-25 01:44:38.923243600,Deposit,1235
T010678,C0404,2026-06-25 02:57:29.687473952,Deposit,5422
T010679,C1850,2026-06-25 04:10:20.451704304,Withdrawal,6495
T010680,C2475,2026-06-25 05:23:11.215934664,Transfer,668
T010681,C0413,2026-06-25 06:36:01.980165016,Withdrawal,1598
T010682,C1538,2026-06-25 07:48:52.744395368,Deposit,267
T010683,C0154,2026-06-25 09:01:43.508625720,Withdrawal,5092
T010684,C2251,2026-06-25 10:14:34.272856072,Withdrawal,6279
T010685,C0217,2026-06-25 11:27:25.037086424,Withdrawal,4508
T010686,C1025,2026-06-25 12:40:15.801316776,Withdrawal,11849
T010687,C0799,2026-06-25 13:53:06.565547128,Deposit,1199
T010688,C0806,2026-06-25 15:05:57.329777480,Withdrawal,223
T010689,C0943,2026-06-25 16:18:48.094007832,Deposit,3772
T010690,C1272,2026-06-25 17:31:38.858238184,Withdrawal,1210
T010691,C2136,2026-06-25 18:44:29.622468536,Transfer,662
T010692,C0434,2026-06-25 19:57:20.386698888,Deposit,4617
T010693,C2468,2026-06-25 21:10:11.150929240,Deposit,202
T010694,C0429,2026-06-25 22:23:01.915159592,Transfer,4123
T010695,C1188,2026-06-25 23:35:52.679389952,Transfer,4643
T010696,C1519,2026-06-26 00:48:43.443620304,Deposit,1555
T010697,C0162,2026-06-26 02:01:34.207850656,Deposit,10049
T010698,C2313,2026-06-26 03:14:24.972081008,Deposit,1342
T010699,C1996,2026-06-26 04:27:15.736311360,Withdrawal,629
T010700,C2158,2026-06-26 05:40:06.500541712,Transfer,1860
T010701,C1876,2026-06-26 06:52:57.264772064,Deposit,23735
T010702,C0900,2026-06-26 08:05:48.029002416,Withdrawal,1850
T010703,C1743,2026-06-26 09:18:38.793232768,Transfer,6222
T010704,C1343,2026-06-26 10:31:29.557463120,Deposit,803
T010705,C1156,2026-06-26 11:44:20.321693472,Deposit,612
T010706,C0394,2026-06-26 12:57:11.085923824,Transfer,3570
T010707,C1729,2026-06-26 14:10:01.850154176,Withdrawal,926
T010708,C0722,2026-06-26 15:22:52.614384528,Deposit,3018
T010709,C1396,2026-06-26 16:35:43.378614880,Withdrawal,737
T010710,C2041,2026-06-26 17:48:34.142845240,Transfer,4210
T010711,C2079,2026-06-26 19:01:24.907075592,Deposit,621
T010712,C1198,2026-06-26 20:14:15.671305944,Deposit,1770
T010713,C1734,2026-06-26 21:27:06.435536296,Deposit,2497
T010714,C2154,2026-06-26 22:39:57.199766648,Transfer,2678
T010715,C1120,2026-06-26 23:52:47.963997000,Deposit,976
T010716,C1017,2026-06-27 01:05:38.728227352,Deposit,1230
T010717,C1054,2026-06-27 02:18:29.492457704,Deposit,2012
T010718,C0161,2026-06-27 03:31:20.256688056,Transfer,450
T010719,C1330,2026-06-27 04:44:11.020918408,Deposit,3128
T010720,C1647,2026-06-27 05:57:01.785148760,Withdrawal,12345
T010721,C2244,2026-06-27 07:09:52.549379112,Deposit,1559
T010722,C2386,2026-06-27 08:22:43.313609464,Withdrawal,960
T010723,C1162,2026-06-27 09:35:34.077839816,Withdrawal,395
T010724,C2495,2026-06-27 10:48:24.842070168,Deposit,1391
T010725,C1334,2026-06-27 12:01:15.606300528,Deposit,2114
T010726,C1203,2026-06-27 13:14:06.370530880,Deposit,3430
T010727,C0337,2026-06-27 14:26:57.134761232,Deposit,7748
T010728,C2180,2026-06-27 15:39:47.898991584,Withdrawal,8051
T010729,C2297,2026-06-27 16:52:38.663221936,Deposit,3368
T010730,C0063,2026-06-27 18:05:29.427452288,Withdrawal,1319
T010731,C0819,2026-06-27 19:18:20.191682640,Deposit,7682
T010732,C1416,2026-06-27 20:31:10.955912992,Deposit,660
T010733,C2305,2026-06-27 21:44:01.720143344,Deposit,472
T010734,C1272,2026-06-27 22:56:52.484373696,Deposit,908
T010735,C1288,2026-06-28 00:09:43.248604048,Deposit,7657
T010736,C0849,2026-06-28 01:22:34.012834400,Withdrawal,1957
T010737,C0361,2026-06-28 02:35:24.777064752,Deposit,696
T010738,C2036,2026-06-28 03:48:15.541295104,Transfer,4363
T010739,C1975,2026-06-28 05:01:06.305525456,Transfer,1786
T010740,C2227,2026-06-28 06:13:57.069755816,Transfer,7936
T010741,C1936,2026-06-28 07:26:47.833986168,Transfer,7120
T010742,C0949,2026-06-28 08:39:38.598216520,Transfer,5922
T010743,C1530,2026-06-28 09:52:29.362446872,Deposit,2588
T010744,C1851,2026-06-28 11:05:20.126677224,Deposit,3392
T010745,C1837,2026-06-28 12:18:10.890907576,Withdrawal,2155
T010746,C0292,2026-06-28 13:31:01.655137928,Deposit,613
T010747,C0588,2026-06-28 14:43:52.419368280,Transfer,5094
T010748,C0818,2026-06-28 15:56:43.183598632,Deposit,1137
T010749,C2147,2026-06-28 17:09:33.947828984,Withdrawal,1967
T010750,C0181,2026-06-28 18:22:24.712059336,Withdrawal,445
T010751,C0374,2026-06-28 19:35:15.476289688,Transfer,381
T010752,C1860,2026-06-28 20:48:06.240520040,Withdrawal,4289
T010753,C0624,2026-06-28 22:00:57.004750392,Deposit,3155
T010754,C2301,2026-06-28 23:13:47.768980744,Deposit,2417
T010755,C1919,2026-06-29 00:26:38.533211104,Transfer,9570
T010756,C0863,2026-06-29 01:39:29.297441456,Transfer,487
T010757,C2170,2026-06-29 02:52:20.061671808,Transfer,3240
T010758,C0442,2026-06-29 04:05:10.825902160,Withdrawal,8469
T010759,C2293,2026-06-29 05:18:01.590132512,Deposit,314
T010760,C1663,2026-06-29 06:30:52.354362864,Withdrawal,489
T010761,C0871,2026-06-29 07:43:43.118593216,Transfer,1463
T010762,C2500,2026-06-29 08:56:33.882823568,Deposit,2637
T010763,C2344,2026-06-29 10:09:24.647053920,Withdrawal,2023
T010764,C1772,2026-06-29 11:22:15.411284272,Deposit,4491
T010765,C1657,2026-06-29 12:35:06.175514624,Withdrawal,1344
T010766,C1897,2026-06-29 13:47:56.939744976,Withdrawal,1568
T010767,C1090,2026-06-29 15:00:47.703975328,Withdrawal,1518
T010768,C0483,2026-06-29 16:13:38.468205680,Deposit,1258
T010769,C0309,2026-06-29 17:26:29.232436032,Deposit,2560
T010770,C1484,2026-06-29 18:39:19.996666384,Withdrawal,2100
T010771,C0593,2026-06-29 19:52:10.760896744,Transfer,2179
T010772,C1019,2026-06-29 21:05:01.525127096,Deposit,929
T010773,C0398,2026-06-29 22:17:52.289357448,Deposit,1113
T010774,C0469,2026-06-29 23:30:43.053587800,Withdrawal,1135
T010775,C0617,2026-06-30 00:43:33.817818152,Deposit,1048
T010776,C2440,2026-06-30 01:56:24.582048504,Deposit,589
T010777,C0097,2026-06-30 03:09:15.346278856,Withdrawal,948
T010778,C0195,2026-06-30 04:22:06.110509208,Withdrawal,289
T010779,C1358,2026-06-30 05:34:56.874739560,Deposit,3186
T010780,C0083,2026-06-30 06:47:47.638969912,Transfer,1406
T010781,C0251,2026-06-30 08:00:38.403200264,Deposit,3413
T010782,C1094,2026-06-30 09:13:29.167430616,Deposit,1489
T010783,C1316,2026-06-30 10:26:19.931660968,Withdrawal,4993
T010784,C2388,2026-06-30 11:39:10.695891320,Withdrawal,3118
T010785,C1409,2026-06-30 12:52:01.460121672,Transfer,6422
T010786,C1482,2026-06-30 14:04:52.224352032,Deposit,20075
T010787,C1099,2026-06-30 15:17:42.988582384,Deposit,568
T010788,C0100,2026-06-30 16:30:33.752812736,Deposit,27272
T010789,C1199,2026-06-30 17:43:24.517043088,Deposit,15024
T010790,C0733,2026-06-30 18:56:15.281273440,Withdrawal,1500
T010791,C0323,2026-06-30 20:09:06.045503792,Withdrawal,1029
T010792,C2058,2026-06-30 21:21:56.809734144,Withdrawal,4944
T010793,C1540,2026-06-30 22:34:47.573964496,Transfer,1838
T010794,C1262,2026-06-30 23:47:38.338194848,Withdrawal,4006
T010795,C0806,2026-07-01 01:00:29.102425200,Deposit,321
T010796,C0908,2026-07-01 02:13:19.866655552,Deposit,1328
T010797,C1534,2026-07-01 03:26:10.630885904,Withdrawal,3083
T010798,C2042,2026-07-01 04:39:01.395116256,Withdrawal,493
T010799,C0130,2026-07-01 05:51:52.159346608,Withdrawal,1489
T010800,C1584,2026-07-01 07:04:42.923576960,Withdrawal,917
T010801,C0564,2026-07-01 08:17:33.687807320,Deposit,4122
T010802,C1354,2026-07-01 09:30:24.452037672,Deposit,2059
T010803,C0149,2026-07-01 10:43:15.216268024,Transfer,3762
T010804,C1433,2026-07-01 11:56:05.980498376,Transfer,480
T010805,C1635,2026-07-01 13:08:56.744728728,Transfer,962
T010806,C1784,2026-07-01 14:21:47.508959080,Transfer,547
T010807,C2167,2026-07-01 15:34:38.273189432,Deposit,385
T010808,C1458,2026-07-01 16:47:29.037419784,Deposit,1461
T010809,C2276,2026-07-01 18:00:19.801650136,Transfer,485
T010810,C0615,2026-07-01 19:13:10.565880488,Transfer,4517
T010811,C1825,2026-07-01 20:26:01.330110840,Deposit,3985
T010812,C0240,2026-07-01 21:38:52.094341192,Deposit,1568
T010813,C0913,2026-07-01 22:51:42.858571544,Deposit,11385
T010814,C1314,2026-07-02 00:04:33.622801896,Withdrawal,2194
T010815,C1178,2026-07-02 01:17:24.387032248,Withdrawal,1001
T010816,C0159,2026-07-02 02:30:15.151262608,Withdrawal,3045
T010817,C0563,2026-07-02 03:43:05.915492960,Deposit,1572
T010818,C0476,2026-07-02 04:55:56.679723312,Deposit,2679
T010819,C0548,2026-07-02 06:08:47.443953664,Deposit,906
T010820,C1037,2026-07-02 07:21:38.208184016,Deposit,722
T010821,C2266,2026-07-02 08:34:28.972414368,Transfer,1712
T010822,C0755,2026-07-02 09:47:19.736644720,Deposit,1924
T010823,C0735,2026-07-02 11:00:10.500875072,Deposit,7623
T010824,C0222,2026-07-02 12:13:01.265105424,Withdrawal,4938
T010825,C2336,2026-07-02 13:25:52.029335776,Deposit,984
T010826,C1925,2026-07-02 14:38:42.793566128,Transfer,5432
T010827,C0524,2026-07-02 15:51:33.557796480,Deposit,1021
T010828,C1511,2026-07-02 17:04:24.322026832,Transfer,1531
T010829,C0681,2026-07-02 18:17:15.086257184,Transfer,2073
T010830,C1829,2026-07-02 19:30:05.850487536,Deposit,6320
T010831,C2372,2026-07-02 20:42:56.614717896,Deposit,452
T010832,C0618,2026-07-02 21:55:47.378948248,Deposit,2193
T010833,C0861,2026-07-02 23:08:38.143178600,Withdrawal,523
T010834,C2089,2026-07-03 00:21:28.907408952,Withdrawal,974
T010835,C1785,2026-07-03 01:34:19.671639304,Transfer,11508
T010836,C1291,2026-07-03 02:47:10.435869656,Deposit,2231
T010837,C0393,2026-07-03 04:00:01.200100008,Deposit,15075
T010838,C1137,2026-07-03 05:12:51.964330360,Deposit,1389
T010839,C1308,2026-07-03 06:25:42.728560712,Withdrawal,1751
T010840,C1814,2026-07-03 07:38:33.492791064,Transfer,961
T010841,C2251,2026-07-03 08:51:24.257021416,Deposit,9503
T010842,C0035,2026-07-03 10:04:15.021251768,Deposit,1922
T010843,C2101,2026-07-03 11:17:05.785482120,Deposit,338
T010844,C1380,2026-07-03 12:29:56.549712472,Deposit,2073
T010845,C0150,2026-07-03 13:42:47.313942824,Withdrawal,908
T010846,C0437,2026-07-03 14:55:38.078173184,Deposit,3035
T010847,C0450,2026-07-03 16:08:28.842403536,Transfer,1418
T010848,C0267,2026-07-03 17:21:19.606633888,Deposit,1315
T010849,C1633,2026-07-03 18:34:10.370864240,Transfer,872
T010850,C2134,2026-07-03 19:47:01.135094592,Deposit,450
T010851,C0309,2026-07-03 20:59:51.899324944,Transfer,416
T010852,C0265,2026-07-03 22:12:42.663555296,Transfer,297
T010853,C0492,2026-07-03 23:25:33.427785648,Transfer,3482
T010854,C1607,2026-07-04 00:38:24.192016000,Transfer,1271
T010855,C1041,2026-07-04 01:51:14.956246352,Deposit,13107
T010856,C1213,2026-07-04 03:04:05.720476704,Deposit,747
T010857,C0522,2026-07-04 04:16:56.484707056,Withdrawal,3338
T010858,C1190,2026-07-04 05:29:47.248937408,Transfer,1471
T010859,C1915,2026-07-04 06:42:38.013167760,Deposit,1984
T010860,C1575,2026-07-04 07:55:28.777398112,Transfer,4005
T010861,C2035,2026-07-04 09:08:19.541628472,Withdrawal,695
T010862,C1369,2026-07-04 10:21:10.305858824,Deposit,7602
T010863,C2142,2026-07-04 11:34:01.070089176,Deposit,3348
T010864,C1899,2026-07-04 12:46:51.834319528,Deposit,5317
T010865,C0034,2026-07-04 13:59:42.598549880,Deposit,803
T010866,C2464,2026-07-04 15:12:33.362780232,Withdrawal,2150
T010867,C1514,2026-07-04 16:25:24.127010584,Deposit,913
T010868,C0233,2026-07-04 17:38:14.891240936,Withdrawal,437
T010869,C1623,2026-07-04 18:51:05.655471288,Withdrawal,2435
T010870,C2042,2026-07-04 20:03:56.419701640,Transfer,1274
T010871,C2155,2026-07-04 21:16:47.183931992,Withdrawal,5651
T010872,C1217,2026-07-04 22:29:37.948162344,Withdrawal,24499
T010873,C0522,2026-07-04 23:42:28.712392696,Transfer,3288
T010874,C0637,2026-07-05 00:55:19.476623048,Deposit,2254
T010875,C0341,2026-07-05 02:08:10.240853400,Deposit,978
T010876,C0059,2026-07-05 03:21:01.005083760,Transfer,11247
T010877,C2016,2026-07-05 04:33:51.769314112,Deposit,3346
T010878,C0586,2026-07-05 05:46:42.533544464,Deposit,4035
T010879,C1538,2026-07-05 06:59:33.297774816,Deposit,491
T010880,C0243,2026-07-05 08:12:24.062005168,Deposit,4772
T010881,C0228,2026-07-05 09:25:14.826235520,Withdrawal,1955
T010882,C0518,2026-07-05 10:38:05.590465872,Deposit,248
T010883,C1169,2026-07-05 11:50:56.354696224,Withdrawal,3639
T010884,C0127,2026-07-05 13:03:47.118926576,Transfer,2012
T010885,C0335,2026-07-05 14:16:37.883156928,Withdrawal,2548
T010886,C0758,2026-07-05 15:29:28.647387280,Withdrawal,1928
T010887,C1432,2026-07-05 16:42:19.411617632,Deposit,6501
T010888,C2169,2026-07-05 17:55:10.175847984,Deposit,6619
T010889,C1768,2026-07-05 19:08:00.940078336,Deposit,1937
T010890,C1309,2026-07-05 20:20:51.704308688,Withdrawal,4199
T010891,C2290,2026-07-05 21:33:42.468539048,Withdrawal,1528
T010892,C2126,2026-07-05 22:46:33.232769400,Withdrawal,2990
T010893,C1594,2026-07-05 23:59:23.996999752,Transfer,1880
T010894,C2498,2026-07-06 01:12:14.761230104,Deposit,7803
T010895,C1494,2026-07-06 02:25:05.525460456,Deposit,350
T010896,C2031,2026-07-06 03:37:56.289690808,Withdrawal,1209
T010897,C0265,2026-07-06 04:50:47.053921160,Withdrawal,719
T010898,C0682,2026-07-06 06:03:37.818151512,Deposit,524
T010899,C2343,2026-07-06 07:16:28.582381864,Deposit,3870
T010900,C0247,2026-07-06 08:29:19.346612216,Transfer,4651
T010901,C0424,2026-07-06 09:42:10.110842568,Withdrawal,3948
T010902,C1083,2026-07-06 10:55:00.875072920,Deposit,1121
T010903,C1836,2026-07-06 12:07:51.639303272,Transfer,5563
T010904,C0833,2026-07-06 13:20:42.403533624,Deposit,719
T010905,C1482,2026-07-06 14:33:33.167763976,Transfer,1395
T010906,C0011,2026-07-06 15:46:23.931994328,Deposit,881
T010907,C2395,2026-07-06 16:59:14.696224688,Withdrawal,686
T010908,C2007,2026-07-06 18:12:05.460455040,Withdrawal,1867
T010909,C1029,2026-07-06 19:24:56.224685392,Withdrawal,693
T010910,C1741,2026-07-06 20:37:46.988915744,Deposit,1095
T010911,C2293,2026-07-06 21:50:37.753146096,Withdrawal,1898
T010912,C2297,2026-07-06 23:03:28.517376448,Deposit,2660
T010913,C0945,2026-07-07 00:16:19.281606800,Deposit,3412
T010914,C0435,2026-07-07 01:29:10.045837152,Deposit,2797
T010915,C2153,2026-07-07 02:42:00.810067504,Withdrawal,248
T010916,C2290,2026-07-07 03:54:51.574297856,Deposit,403
T010917,C1760,2026-07-07 05:07:42.338528208,Deposit,4157
T010918,C1068,2026-07-07 06:20:33.102758560,Deposit,397
T010919,C2229,2026-07-07 07:33:23.866988912,Deposit,262
T010920,C2476,2026-07-07 08:46:14.631219264,Withdrawal,599
T010921,C0268,2026-07-07 09:59:05.395449616,Withdrawal,1301
T010922,C2199,2026-07-07 11:11:56.159679976,Deposit,1486
T010923,C2143,2026-07-07 12:24:46.923910328,Transfer,3342
T010924,C0382,2026-07-07 13:37:37.688140680,Withdrawal,5010
T010925,C1822,2026-07-07 14:50:28.452371032,Transfer,4024
T010926,C0515,2026-07-07 16:03:19.216601384,Withdrawal,4115
T010927,C1744,2026-07-07 17:16:09.980831736,Deposit,2252
T010928,C0930,2026-07-07 18:29:00.745062088,Withdrawal,4358
T010929,C1638,2026-07-07 19:41:51.509292440,Deposit,1201
T010930,C1449,2026-07-07 20:54:42.273522792,Withdrawal,1671
T010931,C0199,2026-07-07 22:07:33.037753144,Transfer,700
T010932,C2056,2026-07-07 23:20:23.801983496,Deposit,272
T010933,C1927,2026-07-08 00:33:14.566213848,Deposit,792
T010934,C1781,2026-07-08 01:46:05.330444200,Deposit,2299
T010935,C0805,2026-07-08 02:58:56.094674552,Withdrawal,3170
T010936,C1975,2026-07-08 04:11:46.858904904,Withdrawal,2178
T010937,C0327,2026-07-08 05:24:37.623135264,Deposit,2326
T010938,C1714,2026-07-08 06:37:28.387365616,Deposit,1106
T010939,C1618,2026-07-08 07:50:19.151595968,Withdrawal,4759
T010940,C1648,2026-07-08 09:03:09.915826320,Withdrawal,4781
T010941,C1570,2026-07-08 10:16:00.680056672,Withdrawal,1955
T010942,C2303,2026-07-08 11:28:51.444287024,Withdrawal,2270
T010943,C1051,2026-07-08 12:41:42.208517376,Withdrawal,10761
T010944,C0930,2026-07-08 13:54:32.972747728,Deposit,826
T010945,C0530,2026-07-08 15:07:23.736978080,Deposit,4275
T010946,C1257,2026-07-08 16:20:14.501208432,Withdrawal,350
T010947,C1420,2026-07-08 17:33:05.265438784,Withdrawal,1447
T010948,C2006,2026-07-08 18:45:56.029669136,Deposit,6890
T010949,C1331,2026-07-08 19:58:46.793899488,Deposit,3380
T010950,C0424,2026-07-08 21:11:37.558129840,Withdrawal,3091
T010951,C0150,2026-07-08 22:24:28.322360192,Deposit,682
T010952,C1514,2026-07-08 23:37:19.086590552,Transfer,5026
T010953,C1071,2026-07-09 00:50:09.850820904,Transfer,1959
T010954,C2360,2026-07-09 02:03:00.615051256,Withdrawal,2648
T010955,C0139,2026-07-09 03:15:51.379281608,Withdrawal,1848
T010956,C1871,2026-07-09 04:28:42.143511960,Withdrawal,1912
T010957,C2062,2026-07-09 05:41:32.907742312,Deposit,982
T010958,C1996,2026-07-09 06:54:23.671972664,Withdrawal,660
T010959,C1772,2026-07-09 08:07:14.436203016,Withdrawal,1599
T010960,C1914,2026-07-09 09:20:05.200433368,Withdrawal,1774
T010961,C1543,2026-07-09 10:32:55.964663720,Transfer,916
T010962,C1575,2026-07-09 11:45:46.728894072,Transfer,374
T010963,C0185,2026-07-09 12:58:37.493124424,Deposit,3909
T010964,C1139,2026-07-09 14:11:28.257354776,Withdrawal,1031
T010965,C2158,2026-07-09 15:24:19.021585128,Withdrawal,1474
T010966,C1601,2026-07-09 16:37:09.785815480,Transfer,1684
T010967,C0743,2026-07-09 17:50:00.550045840,Deposit,115
T010968,C2329,2026-07-09 19:02:51.314276192,Withdrawal,3802
T010969,C0086,2026-07-09 20:15:42.078506544,Withdrawal,809
T010970,C0138,2026-07-09 21:28:32.842736896,Deposit,447
T010971,C0077,2026-07-09 22:41:23.606967248,Deposit,100
T010972,C1992,2026-07-09 23:54:14.371197600,Transfer,2590
T010973,C1161,2026-07-10 01:07:05.135427952,Withdrawal,765
T010974,C0776,2026-07-10 02:19:55.899658304,Withdrawal,3269
T010975,C1017,2026-07-10 03:32:46.663888656,Deposit,4716
T010976,C0097,2026-07-10 04:45:37.428119008,Withdrawal,317
T010977,C0995,2026-07-10 05:58:28.192349360,Transfer,2749
T010978,C1555,2026-07-10 07:11:18.956579712,Deposit,2841
T010979,C1033,2026-07-10 08:24:09.720810064,Transfer,2278
T010980,C0083,2026-07-10 09:37:00.485040416,Withdrawal,3243
T010981,C2095,2026-07-10 10:49:51.249270768,Transfer,364
T010982,C1536,2026-07-10 12:02:42.013501128,Withdrawal,674
T010983,C0430,2026-07-10 13:15:32.777731480,Deposit,467
T010984,C1114,2026-07-10 14:28:23.541961832,Deposit,2278
T010985,C0513,2026-07-10 15:41:14.306192184,Deposit,4922
T010986,C1923,2026-07-10 16:54:05.070422536,Deposit,4241
T010987,C1698,2026-07-10 18:06:55.834652888,Withdrawal,3368
T010988,C1689,2026-07-10 19:19:46.598883240,Deposit,2878
T010989,C1915,2026-07-10 20:32:37.363113592,Transfer,2662
T010990,C0658,2026-07-10 21:45:28.127343944,Withdrawal,2090
T010991,C0647,2026-07-10 22:58:18.891574296,Transfer,3046
T010992,C0798,2026-07-11 00:11:09.655804648,Withdrawal,3098
T010993,C0077,2026-07-11 01:24:00.420035000,Withdrawal,612
T010994,C2129,2026-07-11 02:36:51.184265352,Deposit,1332
T010995,C1805,2026-07-11 03:49:41.948495704,Withdrawal,4279
T010996,C0742,2026-07-11 05:02:32.712726056,Withdrawal,445
T010997,C1226,2026-07-11 06:15:23.476956416,Transfer,1952
T010998,C1471,2026-07-11 07:28:14.241186768,Deposit,3497
T010999,C0107,2026-07-11 08:41:05.005417120,Withdrawal,2794
T011000,C0965,2026-07-11 09:53:55.769647472,Withdrawal,3039
T011001,C1316,2026-07-11 11:06:46.533877824,Withdrawal,2610
T011002,C1827,2026-07-11 12:19:37.298108176,Deposit,2403
T011003,C0686,2026-07-11 13:32:28.062338528,Withdrawal,1616
T011004,C0941,2026-07-11 14:45:18.826568880,Transfer,2482
T011005,C0312,2026-07-11 15:58:09.590799232,Transfer,7095
T011006,C0633,2026-07-11 17:11:00.355029584,Withdrawal,2850
T011007,C0668,2026-07-11 18:23:51.119259936,Transfer,638
T011008,C0599,2026-07-11 19:36:41.883490288,Transfer,11628
T011009,C1450,2026-07-11 20:49:32.647720640,Withdrawal,1156
T011010,C0415,2026-07-11 22:02:23.411950992,Withdrawal,1598
T011011,C1543,2026-07-11 23:15:14.176181344,Withdrawal,2041
T011012,C0772,2026-07-12 00:28:04.940411704,Deposit,1223
T011013,C0384,2026-07-12 01:40:55.704642056,Withdrawal,726
T011014,C1796,2026-07-12 02:53:46.468872408,Withdrawal,790
T011015,C0487,2026-07-12 04:06:37.233102760,Deposit,1368
T011016,C1780,2026-07-12 05:19:27.997333112,Transfer,4951
T011017,C2312,2026-07-12 06:32:18.761563464,Deposit,716
T011018,C0030,2026-07-12 07:45:09.525793816,Deposit,1820
T011019,C0130,2026-07-12 08:58:00.290024168,Withdrawal,2084
T011020,C1094,2026-07-12 10:10:51.054254520,Withdrawal,1488
T011021,C0119,2026-07-12 11:23:41.818484872,Deposit,4917
T011022,C2375,2026-07-12 12:36:32.582715224,Deposit,993
T011023,C0208,2026-07-12 13:49:23.346945576,Deposit,1856
T011024,C0091,2026-07-12 15:02:14.111175928,Deposit,3670
T011025,C0120,2026-07-12 16:15:04.875406280,Deposit,58967
T011026,C0982,2026-07-12 17:27:55.639636632,Withdrawal,1593
T011027,C0207,2026-07-12 18:40:46.403866992,Deposit,480
T011028,C0406,2026-07-12 19:53:37.168097344,Deposit,3837
T011029,C2172,2026-07-12 21:06:27.932327696,Withdrawal,418
T011030,C0112,2026-07-12 22:19:18.696558048,Deposit,8569
T011031,C0614,2026-07-12 23:32:09.460788400,Deposit,5012
T011032,C0945,2026-07-13 00:45:00.225018752,Deposit,17456
T011033,C1410,2026-07-13 01:57:50.989249104,Deposit,1472
T011034,C0706,2026-07-13 03:10:41.753479456,Transfer,5448
T011035,C1777,2026-07-13 04:23:32.517709808,Deposit,2879
T011036,C2195,2026-07-13 05:36:23.281940160,Transfer,1410
T011037,C2180,2026-07-13 06:49:14.046170512,Deposit,2971
T011038,C0104,2026-07-13 08:02:04.810400864,Withdrawal,1495
T011039,C0762,2026-07-13 09:14:55.574631216,Transfer,4448
T011040,C0944,2026-07-13 10:27:46.338861568,Transfer,406
T011041,C0848,2026-07-13 11:40:37.103091920,Deposit,876
T011042,C0169,2026-07-13 12:53:27.867322272,Deposit,1254
T011043,C0985,2026-07-13 14:06:18.631552632,Withdrawal,2948
T011044,C1108,2026-07-13 15:19:09.395782984,Withdrawal,10620
T011045,C0107,2026-07-13 16:32:00.160013336,Transfer,342
T011046,C0885,2026-07-13 17:44:50.924243688,Deposit,876
T011047,C2079,2026-07-13 18:57:41.688474040,Deposit,750
T011048,C0247,2026-07-13 20:10:32.452704392,Withdrawal,3531
T011049,C1554,2026-07-13 21:23:23.216934744,Deposit,5426
T011050,C2003,2026-07-13 22:36:13.981165096,Withdrawal,940
T011051,C2072,2026-07-13 23:49:04.745395448,Deposit,2531
T011052,C0498,2026-07-14 01:01:55.509625800,Deposit,471
T011053,C0854,2026-07-14 02:14:46.273856152,Transfer,495
T011054,C0304,2026-07-14 03:27:37.038086504,Deposit,1968
T011055,C1422,2026-07-14 04:40:27.802316856,Transfer,2924
T011056,C0316,2026-07-14 05:53:18.566547208,Withdrawal,747
T011057,C1885,2026-07-14 07:06:09.330777560,Transfer,944
T011058,C0278,2026-07-14 08:19:00.095007920,Withdrawal,659
T011059,C0542,2026-07-14 09:31:50.859238272,Transfer,1360
T011060,C0789,2026-07-14 10:44:41.623468624,Withdrawal,4068
T011061,C0356,2026-07-14 11:57:32.387698976,Deposit,938
T011062,C1548,2026-07-14 13:10:23.151929328,Deposit,605
T011063,C1227,2026-07-14 14:23:13.916159680,Transfer,688
T011064,C0250,2026-07-14 15:36:04.680390032,Withdrawal,3051
T011065,C0103,2026-07-14 16:48:55.444620384,Deposit,931
T011066,C1492,2026-07-14 18:01:46.208850736,Withdrawal,3525
T011067,C2083,2026-07-14 19:14:36.973081088,Deposit,5614
T011068,C0532,2026-07-14 20:27:27.737311440,Transfer,2190
T011069,C0559,2026-07-14 21:40:18.501541792,Withdrawal,4019
T011070,C1620,2026-07-14 22:53:09.265772144,Deposit,1253
T011071,C1292,2026-07-15 00:06:00.030002496,Deposit,1298
T011072,C0785,2026-07-15 01:18:50.794232848,Withdrawal,274
T011073,C0018,2026-07-15 02:31:41.558463208,Transfer,2946
T011074,C1128,2026-07-15 03:44:32.322693560,Withdrawal,1311
T011075,C0152,2026-07-15 04:57:23.086923912,Withdrawal,2132
T011076,C1701,2026-07-15 06:10:13.851154264,Withdrawal,3549
T011077,C0873,2026-07-15 07:23:04.615384616,Deposit,6471
T011078,C1438,2026-07-15 08:35:55.379614968,Transfer,11082
T011079,C1108,2026-07-15 09:48:46.143845320,Withdrawal,7277
T011080,C1332,2026-07-15 11:01:36.908075672,Deposit,591
T011081,C1175,2026-07-15 12:14:27.672306024,Deposit,4792
T011082,C0549,2026-07-15 13:27:18.436536376,Withdrawal,1890
T011083,C2427,2026-07-15 14:40:09.200766728,Deposit,993
T011084,C2401,2026-07-15 15:52:59.964997080,Deposit,13876
T011085,C1688,2026-07-15 17:05:50.729227432,Withdrawal,594
T011086,C1892,2026-07-15 18:18:41.493457784,Withdrawal,3545
T011087,C0376,2026-07-15 19:31:32.257688136,Deposit,6568
T011088,C0208,2026-07-15 20:44:23.021918496,Deposit,2176
T011089,C1586,2026-07-15 21:57:13.786148848,Withdrawal,4044
T011090,C0460,2026-07-15 23:10:04.550379200,Transfer,4928
T011091,C0122,2026-07-16 00:22:55.314609552,Deposit,1456
T011092,C2030,2026-07-16 01:35:46.078839904,Deposit,1424
T011093,C1144,2026-07-16 02:48:36.843070256,Deposit,1860
T011094,C0251,2026-07-16 04:01:27.607300608,Deposit,3306
T011095,C1863,2026-07-16 05:14:18.371530960,Deposit,632
T011096,C1323,2026-07-16 06:27:09.135761312,Withdrawal,2101
T011097,C2095,2026-07-16 07:39:59.899991664,Withdrawal,1645
T011098,C0896,2026-07-16 08:52:50.664222016,Withdrawal,379
T011099,C2293,2026-07-16 10:05:41.428452368,Deposit,2791
T011100,C1748,2026-07-16 11:18:32.192682720,Withdrawal,2235
T011101,C0724,2026-07-16 12:31:22.956913072,Deposit,946
T011102,C1824,2026-07-16 13:44:13.721143424,Deposit,3862
T011103,C0218,2026-07-16 14:57:04.485373784,Withdrawal,448
T011104,C2020,2026-07-16 16:09:55.249604136,Deposit,611
T011105,C1857,2026-07-16 17:22:46.013834488,Deposit,956
T011106,C1338,2026-07-16 18:35:36.778064840,Withdrawal,8940
T011107,C1717,2026-07-16 19:48:27.542295192,Withdrawal,779
T011108,C0604,2026-07-16 21:01:18.306525544,Deposit,2900
T011109,C0290,2026-07-16 22:14:09.070755896,Deposit,2720
T011110,C0602,2026-07-16 23:26:59.834986248,Withdrawal,743
T011111,C1602,2026-07-17 00:39:50.599216600,Transfer,567
T011112,C0610,2026-07-17 01:52:41.363446952,Transfer,3899
T011113,C2354,2026-07-17 03:05:32.127677304,Transfer,1593
T011114,C0536,2026-07-17 04:18:22.891907656,Deposit,1838
T011115,C0757,2026-07-17 05:31:13.656138008,Deposit,1291
T011116,C0354,2026-07-17 06:44:04.420368360,Deposit,7193
T011117,C0735,2026-07-17 07:56:55.184598712,Deposit,2351
T011118,C0235,2026-07-17 09:09:45.948829072,Deposit,7218
T011119,C0306,2026-07-17 10:22:36.713059424,Withdrawal,3749
T011120,C1134,2026-07-17 11:35:27.477289776,Deposit,178
T011121,C2362,2026-07-17 12:48:18.241520128,Deposit,586
T011122,C1037,2026-07-17 14:01:09.005750480,Withdrawal,4929
T011123,C2215,2026-07-17 15:13:59.769980832,Deposit,346
T011124,C0053,2026-07-17 16:26:50.534211184,Deposit,932
T011125,C1210,2026-07-17 17:39:41.298441536,Withdrawal,1906
T011126,C0276,2026-07-17 18:52:32.062671888,Deposit,3327
T011127,C2495,2026-07-17 20:05:22.826902240,Withdrawal,3918
T011128,C2400,2026-07-17 21:18:13.591132592,Transfer,756
T011129,C2058,2026-07-17 22:31:04.355362944,Withdrawal,3187
T011130,C2458,2026-07-17 23:43:55.119593296,Withdrawal,2702
T011131,C0147,2026-07-18 00:56:45.883823648,Deposit,962
T011132,C1869,2026-07-18 02:09:36.648054000,Transfer,3481
T011133,C0630,2026-07-18 03:22:27.412284360,Deposit,427
T011134,C1954,2026-07-18 04:35:18.176514712,Transfer,1216
T011135,C0852,2026-07-18 05:48:08.940745064,Withdrawal,4046
T011136,C0428,2026-07-18 07:00:59.704975416,Withdrawal,2450
T011137,C0488,2026-07-18 08:13:50.469205768,Transfer,4697
T011138,C1554,2026-07-18 09:26:41.233436120,Withdrawal,2801
T011139,C1401,2026-07-18 10:39:31.997666472,Deposit,3523
T011140,C1762,2026-07-18 11:52:22.761896824,Withdrawal,3224
T011141,C0584,2026-07-18 13:05:13.526127176,Transfer,5518
T011142,C0616,2026-07-18 14:18:04.290357528,Withdrawal,175
T011143,C0215,2026-07-18 15:30:55.054587880,Transfer,790
T011144,C0510,2026-07-18 16:43:45.818818232,Withdrawal,860
T011145,C0511,2026-07-18 17:56:36.583048584,Transfer,5549
T011146,C0026,2026-07-18 19:09:27.347278936,Withdrawal,2816
T011147,C2241,2026-07-18 20:22:18.111509288,Deposit,1391
T011148,C1986,2026-07-18 21:35:08.875739648,Withdrawal,559
T011149,C2151,2026-07-18 22:47:59.639970000,Deposit,2700
T011150,C1229,2026-07-19 00:00:50.404200352,Withdrawal,8725
T011151,C2459,2026-07-19 01:13:41.168430704,Withdrawal,5265
T011152,C1796,2026-07-19 02:26:31.932661056,Deposit,609
T011153,C2099,2026-07-19 03:39:22.696891408,Deposit,2038
T011154,C0343,2026-07-19 04:52:13.461121760,Deposit,733
T011155,C1424,2026-07-19 06:05:04.225352112,Deposit,2576
T011156,C2250,2026-07-19 07:17:54.989582464,Withdrawal,5257
T011157,C0300,2026-07-19 08:30:45.753812816,Withdrawal,1502
T011158,C0146,2026-07-19 09:43:36.518043168,Withdrawal,2448
T011159,C0462,2026-07-19 10:56:27.282273520,Deposit,1371
T011160,C1964,2026-07-19 12:09:18.046503872,Withdrawal,819
T011161,C0916,2026-07-19 13:22:08.810734224,Deposit,377
T011162,C0824,2026-07-19 14:34:59.574964576,Deposit,1067
T011163,C1912,2026-07-19 15:47:50.339194936,Withdrawal,2905
T011164,C2199,2026-07-19 17:00:41.103425288,Deposit,735
T011165,C1340,2026-07-19 18:13:31.867655640,Deposit,1722
T011166,C2247,2026-07-19 19:26:22.631885992,Deposit,1158
T011167,C2477,2026-07-19 20:39:13.396116344,Withdrawal,1119
T011168,C2351,2026-07-19 21:52:04.160346696,Withdrawal,6251
T011169,C0498,2026-07-19 23:04:54.924577048,Withdrawal,1600
T011170,C0791,2026-07-20 00:17:45.688807400,Deposit,1965
T011171,C0105,2026-07-20 01:30:36.453037752,Withdrawal,1034
T011172,C0010,2026-07-20 02:43:27.217268104,Withdrawal,289
T011173,C0327,2026-07-20 03:56:17.981498456,Transfer,531
T011174,C0883,2026-07-20 05:09:08.745728808,Withdrawal,1779
T011175,C1672,2026-07-20 06:21:59.509959160,Withdrawal,1977
T011176,C0907,2026-07-20 07:34:50.274189512,Withdrawal,530
T011177,C0738,2026-07-20 08:47:41.038419864,Withdrawal,1577
T011178,C2175,2026-07-20 10:00:31.802650216,Withdrawal,228
T011179,C1140,2026-07-20 11:13:22.566880576,Withdrawal,9661
T011180,C0924,2026-07-20 12:26:13.331110928,Deposit,4057
T011181,C0171,2026-07-20 13:39:04.095341280,Deposit,1037
T011182,C2260,2026-07-20 14:51:54.859571632,Deposit,1691
T011183,C2237,2026-07-20 16:04:45.623801984,Transfer,11952
T011184,C1514,2026-07-20 17:17:36.388032336,Transfer,1257
T011185,C0387,2026-07-20 18:30:27.152262688,Deposit,636
T011186,C1012,2026-07-20 19:43:17.916493040,Deposit,2991
T011187,C1625,2026-07-20 20:56:08.680723392,Deposit,16610
T011188,C1154,2026-07-20 22:08:59.444953744,Deposit,439
T011189,C2071,2026-07-20 23:21:50.209184096,Deposit,5289
T011190,C2449,2026-07-21 00:34:40.973414448,Deposit,2252
T011191,C0505,2026-07-21 01:47:31.737644800,Transfer,386
T011192,C0921,2026-07-21 03:00:22.501875152,Withdrawal,1577
T011193,C1996,2026-07-21 04:13:13.266105504,Deposit,581
T011194,C1556,2026-07-21 05:26:04.030335864,Deposit,2622
T011195,C2377,2026-07-21 06:38:54.794566216,Withdrawal,1741
T011196,C1444,2026-07-21 07:51:45.558796568,Deposit,781
T011197,C0412,2026-07-21 09:04:36.323026920,Withdrawal,1682
T011198,C1776,2026-07-21 10:17:27.087257272,Deposit,2205
T011199,C0029,2026-07-21 11:30:17.851487624,Transfer,1137
T011200,C2293,2026-07-21 12:43:08.615717976,Deposit,795
T011201,C0826,2026-07-21 13:55:59.379948328,Withdrawal,730
T011202,C1910,2026-07-21 15:08:50.144178680,Transfer,1199
T011203,C1084,2026-07-21 16:21:40.908409032,Deposit,1864
T011204,C0139,2026-07-21 17:34:31.672639384,Withdrawal,1824
T011205,C0357,2026-07-21 18:47:22.436869736,Deposit,546
T011206,C2260,2026-07-21 20:00:13.201100088,Withdrawal,2032
T011207,C1163,2026-07-21 21:13:03.965330440,Deposit,1157
T011208,C1517,2026-07-21 22:25:54.729560792,Withdrawal,3710
T011209,C1360,2026-07-21 23:38:45.493791152,Deposit,7094
T011210,C1635,2026-07-22 00:51:36.258021504,Deposit,1916
T011211,C2226,2026-07-22 02:04:27.022251856,Transfer,1089
T011212,C2161,2026-07-22 03:17:17.786482208,Transfer,934
T011213,C0283,2026-07-22 04:30:08.550712560,Deposit,2731
T011214,C1140,2026-07-22 05:42:59.314942912,Deposit,2648
T011215,C1798,2026-07-22 06:55:50.079173264,Deposit,1682
T011216,C0041,2026-07-22 08:08:40.843403616,Deposit,2658
T011217,C1191,2026-07-22 09:21:31.607633968,Deposit,4505
T011218,C1245,2026-07-22 10:34:22.371864320,Withdrawal,10711
T011219,C0313,2026-07-22 11:47:13.136094672,Deposit,2960
T011220,C1931,2026-07-22 13:00:03.900325024,Deposit,3701
T011221,C1155,2026-07-22 14:12:54.664555376,Withdrawal,381
T011222,C0048,2026-07-22 15:25:45.428785728,Withdrawal,1117
T011223,C0134,2026-07-22 16:38:36.193016080,Withdrawal,912
T011224,C1580,2026-07-22 17:51:26.957246440,Deposit,2595
T011225,C2365,2026-07-22 19:04:17.721476792,Withdrawal,379
T011226,C2134,2026-07-22 20:17:08.485707144,Transfer,1535
T011227,C1072,2026-07-22 21:29:59.249937496,Withdrawal,3007
T011228,C1889,2026-07-22 22:42:50.014167848,Withdrawal,2645
T011229,C2472,2026-07-22 23:55:40.778398200,Deposit,1591
T011230,C2435,2026-07-23 01:08:31.542628552,Deposit,3062
T011231,C0926,2026-07-23 02:21:22.306858904,Withdrawal,2541
T011232,C0240,2026-07-23 03:34:13.071089256,Transfer,1362
T011233,C2306,2026-07-23 04:47:03.835319608,Withdrawal,1075
T011234,C0044,2026-07-23 05:59:54.599549960,Withdrawal,2421
T011235,C1192,2026-07-23 07:12:45.363780312,Withdrawal,6086
T011236,C1811,2026-07-23 08:25:36.128010664,Withdrawal,2006
T011237,C1215,2026-07-23 09:38:26.892241016,Transfer,5563
T011238,C0664,2026-07-23 10:51:17.656471368,Deposit,471
T011239,C1586,2026-07-23 12:04:08.420701728,Transfer,1531
T011240,C1849,2026-07-23 13:16:59.184932080,Withdrawal,1896
T011241,C0754,2026-07-23 14:29:49.949162432,Deposit,4334
T011242,C0105,2026-07-23 15:42:40.713392784,Deposit,3358
T011243,C0927,2026-07-23 16:55:31.477623136,Withdrawal,3387
T011244,C1899,2026-07-23 18:08:22.241853488,Deposit,13623
T011245,C1373,2026-07-23 19:21:13.006083840,Withdrawal,679
T011246,C0954,2026-07-23 20:34:03.770314192,Deposit,592
T011247,C1674,2026-07-23 21:46:54.534544544,Withdrawal,492
T011248,C1343,2026-07-23 22:59:45.298774896,Withdrawal,374
T011249,C2105,2026-07-24 00:12:36.063005248,Withdrawal,1102
T011250,C0240,2026-07-24 01:25:26.827235600,Transfer,1167
T011251,C2475,2026-07-24 02:38:17.591465952,Withdrawal,613216
T011252,C2188,2026-07-24 03:51:08.355696304,Transfer,884
T011253,C2110,2026-07-24 05:03:59.119926656,Withdrawal,5106
T011254,C0152,2026-07-24 06:16:49.884157016,Withdrawal,2291
T011255,C0130,2026-07-24 07:29:40.648387368,Withdrawal,622
T011256,C2479,2026-07-24 08:42:31.412617720,Withdrawal,3079
T011257,C1464,2026-07-24 09:55:22.176848072,Deposit,2838
T011258,C1236,2026-07-24 11:08:12.941078424,Withdrawal,1487
T011259,C0400,2026-07-24 12:21:03.705308776,Withdrawal,2124
T011260,C1741,2026-07-24 13:33:54.469539128,Withdrawal,1762
T011261,C1938,2026-07-24 14:46:45.233769480,Deposit,831
T011262,C0541,2026-07-24 15:59:35.997999832,Deposit,5142
T011263,C0182,2026-07-24 17:12:26.762230184,Deposit,2015
T011264,C1075,2026-07-24 18:25:17.526460536,Transfer,4332
T011265,C1771,2026-07-24 19:38:08.290690888,Deposit,539
T011266,C2398,2026-07-24 20:50:59.054921240,Transfer,829
T011267,C1082,2026-07-24 22:03:49.819151592,Transfer,470
T011268,C0419,2026-07-24 23:16:40.583381944,Withdrawal,395
T011269,C1161,2026-07-25 00:29:31.347612304,Withdrawal,613
T011270,C0640,2026-07-25 01:42:22.111842656,Transfer,1335
T011271,C2085,2026-07-25 02:55:12.876073008,Deposit,1687
T011272,C0494,2026-07-25 04:08:03.640303360,Deposit,1455
T011273,C0359,2026-07-25 05:20:54.404533712,Transfer,1070
T011274,C1804,2026-07-25 06:33:45.168764064,Deposit,2325
T011275,C1109,2026-07-25 07:46:35.932994416,Deposit,3641
T011276,C0539,2026-07-25 08:59:26.697224768,Deposit,6481
T011277,C0344,2026-07-25 10:12:17.461455120,Withdrawal,2807
T011278,C2219,2026-07-25 11:25:08.225685472,Withdrawal,1376
T011279,C1714,2026-07-25 12:37:58.989915824,Deposit,1202
T011280,C0866,2026-07-25 13:50:49.754146176,Withdrawal,2606
T011281,C2068,2026-07-25 15:03:40.518376528,Withdrawal,1185
T011282,C1933,2026-07-25 16:16:31.282606880,Transfer,2195
T011283,C2351,2026-07-25 17:29:22.046837232,Deposit,460
T011284,C0776,2026-07-25 18:42:12.811067592,Deposit,6825
T011285,C0997,2026-07-25 19:55:03.575297944,Deposit,15127
T011286,C2375,2026-07-25 21:07:54.339528296,Transfer,204
T011287,C0576,2026-07-25 22:20:45.103758648,Deposit,281
T011288,C1036,2026-07-25 23:33:35.867989000,Deposit,569
T011289,C0361,2026-07-26 00:46:26.632219352,Deposit,3339
T011290,C0296,2026-07-26 01:59:17.396449704,Withdrawal,1167
T011291,C1427,2026-07-26 03:12:08.160680056,Deposit,538
T011292,C1399,2026-07-26 04:24:58.924910408,Withdrawal,1764
T011293,C1771,2026-07-26 05:37:49.689140760,Withdrawal,1358
T011294,C0693,2026-07-26 06:50:40.453371112,Withdrawal,627
T011295,C0500,2026-07-26 08:03:31.217601464,Deposit,883
T011296,C1068,2026-07-26 09:16:21.981831816,Withdrawal,2375
T011297,C1133,2026-07-26 10:29:12.746062168,Withdrawal,10581
T011298,C1122,2026-07-26 11:42:03.510292520,Deposit,1455
T011299,C1763,2026-07-26 12:54:54.274522872,Withdrawal,702
T011300,C1242,2026-07-26 14:07:45.038753232,Deposit,1990
T011301,C2197,2026-07-26 15:20:35.802983584,Withdrawal,1568
T011302,C0947,2026-07-26 16:33:26.567213936,Deposit,4000
T011303,C1616,2026-07-26 17:46:17.331444288,Withdrawal,2033
T011304,C0564,2026-07-26 18:59:08.095674640,Deposit,340
T011305,C0063,2026-07-26 20:11:58.859904992,Deposit,1970
T011306,C1620,2026-07-26 21:24:49.624135344,Transfer,247
T011307,C1974,2026-07-26 22:37:40.388365696,Withdrawal,180
T011308,C0394,2026-07-26 23:50:31.152596048,Withdrawal,3389
T011309,C1527,2026-07-27 01:03:21.916826400,Transfer,1941
T011310,C1502,2026-07-27 02:16:12.681056752,Withdrawal,436
T011311,C2107,2026-07-27 03:29:03.445287104,Withdrawal,1229
T011312,C0520,2026-07-27 04:41:54.209517456,Deposit,6676
T011313,C0389,2026-07-27 05:54:44.973747808,Deposit,961
T011314,C0588,2026-07-27 07:07:35.737978160,Deposit,5165
T011315,C1614,2026-07-27 08:20:26.502208520,Withdrawal,955
T011316,C0636,2026-07-27 09:33:17.266438872,Withdrawal,8023
T011317,C0280,2026-07-27 10:46:08.030669224,Deposit,5817
T011318,C1985,2026-07-27 11:58:58.794899576,Withdrawal,1458
T011319,C2282,2026-07-27 13:11:49.559129928,Deposit,4889
T011320,C0186,2026-07-27 14:24:40.323360280,Transfer,1818
T011321,C0805,2026-07-27 15:37:31.087590632,Withdrawal,723
T011322,C0075,2026-07-27 16:50:21.851820984,Transfer,2321
T011323,C0710,2026-07-27 18:03:12.616051336,Deposit,6968
T011324,C2281,2026-07-27 19:16:03.380281688,Deposit,7983
T011325,C1192,2026-07-27 20:28:54.144512040,Withdrawal,20963
T011326,C0535,2026-07-27 21:41:44.908742392,Transfer,1854
T011327,C1431,2026-07-27 22:54:35.672972744,Withdrawal,2691
T011328,C2022,2026-07-28 00:07:26.437203096,Transfer,3666
T011329,C1254,2026-07-28 01:20:17.201433448,Deposit,12079
T011330,C0896,2026-07-28 02:33:07.965663808,Withdrawal,1211
T011331,C0972,2026-07-28 03:45:58.729894160,Withdrawal,4459
T011332,C0647,2026-07-28 04:58:49.494124512,Withdrawal,965
T011333,C2341,2026-07-28 06:11:40.258354864,Deposit,593
T011334,C2039,2026-07-28 07:24:31.022585216,Withdrawal,1257
T011335,C0038,2026-07-28 08:37:21.786815568,Withdrawal,3101
T011336,C1256,2026-07-28 09:50:12.551045920,Deposit,1016
T011337,C2216,2026-07-28 11:03:03.315276272,Deposit,5822
T011338,C0103,2026-07-28 12:15:54.079506624,Deposit,4100
T011339,C0145,2026-07-28 13:28:44.843736976,Withdrawal,4909
T011340,C0755,2026-07-28 14:41:35.607967328,Withdrawal,1222
T011341,C0366,2026-07-28 15:54:26.372197680,Withdrawal,1064
T011342,C2201,2026-07-28 17:07:17.136428032,Deposit,649
T011343,C2470,2026-07-28 18:20:07.900658384,Deposit,886
T011344,C2367,2026-07-28 19:32:58.664888736,Deposit,1932
T011345,C1831,2026-07-28 20:45:49.429119096,Withdrawal,1604
T011346,C1728,2026-07-28 21:58:40.193349448,Transfer,418
T011347,C0083,2026-07-28 23:11:30.957579800,Transfer,410
T011348,C1312,2026-07-29 00:24:21.721810152,Transfer,350
T011349,C1895,2026-07-29 01:37:12.486040504,Deposit,1846
T011350,C1513,2026-07-29 02:50:03.250270856,Deposit,3343
T011351,C1657,2026-07-29 04:02:54.014501208,Withdrawal,2556
T011352,C2127,2026-07-29 05:15:44.778731560,Withdrawal,2090
T011353,C1616,2026-07-29 06:28:35.542961912,Deposit,21875
T011354,C0151,2026-07-29 07:41:26.307192264,Withdrawal,468
T011355,C0730,2026-07-29 08:54:17.071422616,Deposit,1620
T011356,C2063,2026-07-29 10:07:07.835652968,Transfer,561
T011357,C0101,2026-07-29 11:19:58.599883320,Transfer,6412
T011358,C0780,2026-07-29 12:32:49.364113672,Deposit,659
T011359,C1059,2026-07-29 13:45:40.128344024,Deposit,426
T011360,C2399,2026-07-29 14:58:30.892574384,Deposit,2472
T011361,C2331,2026-07-29 16:11:21.656804736,Deposit,1441
T011362,C0637,2026-07-29 17:24:12.421035088,Deposit,1396
T011363,C1760,2026-07-29 18:37:03.185265440,Transfer,4972
T011364,C1697,2026-07-29 19:49:53.949495792,Withdrawal,1612
T011365,C0525,2026-07-29 21:02:44.713726144,Withdrawal,791
T011366,C0165,2026-07-29 22:15:35.477956496,Transfer,4911
T011367,C0428,2026-07-29 23:28:26.242186848,Deposit,782
T011368,C1282,2026-07-30 00:41:17.006417200,Withdrawal,5228
T011369,C0934,2026-07-30 01:54:07.770647552,Withdrawal,1640
T011370,C2491,2026-07-30 03:06:58.534877904,Transfer,826
T011371,C2117,2026-07-30 04:19:49.299108256,Deposit,492
T011372,C2322,2026-07-30 05:32:40.063338608,Withdrawal,6214
T011373,C0560,2026-07-30 06:45:30.827568960,Transfer,515
T011374,C0849,2026-07-30 07:58:21.591799312,Withdrawal,3117
T011375,C1346,2026-07-30 09:11:12.356029672,Deposit,826
T011376,C1969,2026-07-30 10:24:03.120260024,Transfer,591
T011377,C1386,2026-07-30 11:36:53.884490376,Deposit,8660
T011378,C1955,2026-07-30 12:49:44.648720728,Deposit,689
T011379,C0590,2026-07-30 14:02:35.412951080,Deposit,721
T011380,C0499,2026-07-30 15:15:26.177181432,Withdrawal,1336
T011381,C2252,2026-07-30 16:28:16.941411784,Withdrawal,4364
T011382,C1530,2026-07-30 17:41:07.705642136,Withdrawal,3349
T011383,C1639,2026-07-30 18:53:58.469872488,Deposit,672
T011384,C1133,2026-07-30 20:06:49.234102840,Transfer,2522
T011385,C1861,2026-07-30 21:19:39.998333192,Withdrawal,1401
T011386,C0388,2026-07-30 22:32:30.762563544,Transfer,1039
T011387,C0416,2026-07-30 23:45:21.526793896,Transfer,1427
T011388,C0901,2026-07-31 00:58:12.291024248,Deposit,399
T011389,C1592,2026-07-31 02:11:03.055254600,Deposit,1041
T011390,C0312,2026-07-31 03:23:53.819484960,Deposit,332
T011391,C2300,2026-07-31 04:36:44.583715312,Withdrawal,1813
T011392,C2036,2026-07-31 05:49:35.347945664,Withdrawal,5404
T011393,C1608,2026-07-31 07:02:26.112176016,Deposit,2313
T011394,C1716,2026-07-31 08:15:16.876406368,Deposit,332
T011395,C0203,2026-07-31 09:28:07.640636720,Withdrawal,1891
T011396,C0110,2026-07-31 10:40:58.404867072,Withdrawal,3582
T011397,C0082,2026-07-31 11:53:49.169097424,Withdrawal,6800
T011398,C1620,2026-07-31 13:06:39.933327776,Withdrawal,321
T011399,C0769,2026-07-31 14:19:30.697558128,Deposit,6668
T011400,C2241,2026-07-31 15:32:21.461788480,Withdrawal,2012
T011401,C0139,2026-07-31 16:45:12.226018832,Withdrawal,1470
T011402,C0221,2026-07-31 17:58:02.990249184,Withdrawal,713
T011403,C0861,2026-07-31 19:10:53.754479536,Deposit,679
T011404,C2388,2026-07-31 20:23:44.518709888,Withdrawal,2201
T011405,C0959,2026-07-31 21:36:35.282940248,Withdrawal,1414
T011406,C1446,2026-07-31 22:49:26.047170600,Deposit,11010
T011407,C1610,2026-08-01 00:02:16.811400952,Withdrawal,2695
T011408,C2246,2026-08-01 01:15:07.575631304,Deposit,3259
T011409,C1348,2026-08-01 02:27:58.339861656,Deposit,1653
T011410,C1284,2026-08-01 03:40:49.104092008,Deposit,126
T011411,C0199,2026-08-01 04:53:39.868322360,Deposit,593
T011412,C1889,2026-08-01 06:06:30.632552712,Deposit,3405
T011413,C1161,2026-08-01 07:19:21.396783064,Deposit,1926
T011414,C1370,2026-08-01 08:32:12.161013416,Withdrawal,1742
T011415,C2035,2026-08-01 09:45:02.925243768,Withdrawal,2470
T011416,C2223,2026-08-01 10:57:53.689474120,Deposit,2873
T011417,C0489,2026-08-01 12:10:44.453704472,Deposit,5006
T011418,C2364,2026-08-01 13:23:35.217934824,Withdrawal,862
T011419,C2428,2026-08-01 14:36:25.982165176,Withdrawal,5968
T011420,C1878,2026-08-01 15:49:16.746395536,Withdrawal,6205
T011421,C1953,2026-08-01 17:02:07.510625888,Withdrawal,393
T011422,C0442,2026-08-01 18:14:58.274856240,Withdrawal,1519
T011423,C0865,2026-08-01 19:27:49.039086592,Transfer,869
T011424,C1840,2026-08-01 20:40:39.803316944,Deposit,2721
T011425,C2181,2026-08-01 21:53:30.567547296,Deposit,743
T011426,C0656,2026-08-01 23:06:21.331777648,Withdrawal,707
T011427,C1891,2026-08-02 00:19:12.096008000,Withdrawal,5111
T011428,C1380,2026-08-02 01:32:02.860238352,Deposit,1073
T011429,C0236,2026-08-02 02:44:53.624468704,Withdrawal,6113
T011430,C0989,2026-08-02 03:57:44.388699056,Deposit,4594
T011431,C1383,2026-08-02 05:10:35.152929408,Withdrawal,1480
T011432,C0815,2026-08-02 06:23:25.917159760,Deposit,3258
T011433,C1295,2026-08-02 07:36:16.681390112,Transfer,3120
T011434,C1690,2026-08-02 08:49:07.445620464,Deposit,1454
T011435,C1534,2026-08-02 10:01:58.209850816,Transfer,2092
T011436,C2487,2026-08-02 11:14:48.974081176,Deposit,5734
T011437,C1666,2026-08-02 12:27:39.738311528,Transfer,2039
T011438,C1824,2026-08-02 13:40:30.502541880,Transfer,3316
T011439,C1495,2026-08-02 14:53:21.266772232,Deposit,211
T011440,C1733,2026-08-02 16:06:12.031002584,Deposit,1360
T011441,C1335,2026-08-02 17:19:02.795232936,Withdrawal,9411
T011442,C1241,2026-08-02 18:31:53.559463288,Deposit,951
T011443,C0611,2026-08-02 19:44:44.323693640,Transfer,7853
T011444,C1336,2026-08-02 20:57:35.087923992,Deposit,1230
T011445,C0230,2026-08-02 22:10:25.852154344,Deposit,1994
T011446,C0340,2026-08-02 23:23:16.616384696,Deposit,956
T011447,C2212,2026-08-03 00:36:07.380615048,Deposit,19738
T011448,C2164,2026-08-03 01:48:58.144845400,Withdrawal,504
T011449,C0071,2026-08-03 03:01:48.909075752,Withdrawal,487
T011450,C1750,2026-08-03 04:14:39.673306104,Withdrawal,1892
T011451,C0850,2026-08-03 05:27:30.437536464,Transfer,2013
T011452,C1077,2026-08-03 06:40:21.201766816,Deposit,5115
T011453,C1621,2026-08-03 07:53:11.965997168,Withdrawal,1069
T011454,C0342,2026-08-03 09:06:02.730227520,Deposit,1401
T011455,C0935,2026-08-03 10:18:53.494457872,Deposit,1356
T011456,C0588,2026-08-03 11:31:44.258688224,Deposit,2243
T011457,C2380,2026-08-03 12:44:35.022918576,Transfer,1915
T011458,C2010,2026-08-03 13:57:25.787148928,Withdrawal,7869
T011459,C1103,2026-08-03 15:10:16.551379280,Withdrawal,1616
T011460,C0107,2026-08-03 16:23:07.315609632,Withdrawal,603
T011461,C1973,2026-08-03 17:35:58.079839984,Deposit,8450
T011462,C2130,2026-08-03 18:48:48.844070336,Deposit,3480
T011463,C2440,2026-08-03 20:01:39.608300688,Deposit,3521
T011464,C0230,2026-08-03 21:14:30.372531040,Deposit,4049
T011465,C2068,2026-08-03 22:27:21.136761392,Withdrawal,2160
T011466,C1347,2026-08-03 23:40:11.900991752,Withdrawal,7609
T011467,C0652,2026-08-04 00:53:02.665222104,Deposit,1138
T011468,C1334,2026-08-04 02:05:53.429452456,Deposit,435
T011469,C0472,2026-08-04 03:18:44.193682808,Deposit,482
T011470,C0074,2026-08-04 04:31:34.957913160,Withdrawal,2970
T011471,C0654,2026-08-04 05:44:25.722143512,Withdrawal,1015
T011472,C1460,2026-08-04 06:57:16.486373864,Withdrawal,973
T011473,C0462,2026-08-04 08:10:07.250604216,Withdrawal,916
T011474,C1174,2026-08-04 09:22:58.014834568,Deposit,836
T011475,C1668,2026-08-04 10:35:48.779064920,Transfer,3573
T011476,C1908,2026-08-04 11:48:39.543295272,Withdrawal,904
T011477,C2363,2026-08-04 13:01:30.307525624,Deposit,2932
T011478,C1856,2026-08-04 14:14:21.071755976,Withdrawal,964
T011479,C0640,2026-08-04 15:27:11.835986328,Transfer,1519
T011480,C0274,2026-08-04 16:40:02.600216680,Withdrawal,711
T011481,C0482,2026-08-04 17:52:53.364447040,Transfer,1496
T011482,C0082,2026-08-04 19:05:44.128677392,Deposit,2912
T011483,C0031,2026-08-04 20:18:34.892907744,Withdrawal,3535
T011484,C1108,2026-08-04 21:31:25.657138096,Deposit,3300
T011485,C0996,2026-08-04 22:44:16.421368448,Deposit,5546
T011486,C2090,2026-08-04 23:57:07.185598800,Transfer,3521
T011487,C0251,2026-08-05 01:09:57.949829152,Deposit,3838
T011488,C2435,2026-08-05 02:22:48.714059504,Deposit,3539
T011489,C1621,2026-08-05 03:35:39.478289856,Withdrawal,6656
T011490,C0996,2026-08-05 04:48:30.242520208,Transfer,4173
T011491,C1719,2026-08-05 06:01:21.006750560,Deposit,572
T011492,C0266,2026-08-05 07:14:11.770980912,Deposit,7430
T011493,C0022,2026-08-05 08:27:02.535211264,Withdrawal,2703
T011494,C1431,2026-08-05 09:39:53.299441616,Transfer,8843
T011495,C2124,2026-08-05 10:52:44.063671968,Deposit,2631
T011496,C1511,2026-08-05 12:05:34.827902328,Deposit,2706
T011497,C0680,2026-08-05 13:18:25.592132680,Deposit,5420
T011498,C1933,2026-08-05 14:31:16.356363032,Deposit,2882
T011499,C0240,2026-08-05 15:44:07.120593384,Deposit,1160
T011500,C0051,2026-08-05 16:56:57.884823736,Transfer,836
T011501,C0476,2026-08-05 18:09:48.649054088,Withdrawal,1755
T011502,C2005,2026-08-05 19:22:39.413284440,Transfer,1051
T011503,C1626,2026-08-05 20:35:30.177514792,Deposit,1297
T011504,C0894,2026-08-05 21:48:20.941745144,Deposit,3169
T011505,C0157,2026-08-05 23:01:11.705975496,Deposit,2749
T011506,C2247,2026-08-06 00:14:02.470205848,Deposit,272
T011507,C1024,2026-08-06 01:26:53.234436200,Transfer,919
T011508,C0666,2026-08-06 02:39:43.998666552,Transfer,2447
T011509,C2020,2026-08-06 03:52:34.762896904,Transfer,2918
T011510,C1142,2026-08-06 05:05:25.527127256,Deposit,1737
T011511,C1687,2026-08-06 06:18:16.291357616,Withdrawal,5089
T011512,C0075,2026-08-06 07:31:07.055587968,Withdrawal,692647
T011513,C0952,2026-08-06 08:43:57.819818320,Transfer,489
T011514,C2415,2026-08-06 09:56:48.584048672,Withdrawal,4898
T011515,C2156,2026-08-06 11:09:39.348279024,Deposit,1927
T011516,C1827,2026-08-06 12:22:30.112509376,Deposit,2901
T011517,C1503,2026-08-06 13:35:20.876739728,Withdrawal,1325
T011518,C0093,2026-08-06 14:48:11.640970080,Withdrawal,1293
T011519,C2148,2026-08-06 16:01:02.405200432,Withdrawal,3043
T011520,C0181,2026-08-06 17:13:53.169430784,Transfer,2675
T011521,C0671,2026-08-06 18:26:43.933661136,Withdrawal,10232
T011522,C2144,2026-08-06 19:39:34.697891488,Deposit,1265
T011523,C0232,2026-08-06 20:52:25.462121840,Deposit,907
T011524,C2299,2026-08-06 22:05:16.226352192,Deposit,511
T011525,C1876,2026-08-06 23:18:06.990582544,Deposit,7936
T011526,C1603,2026-08-07 00:30:57.754812904,Deposit,2001
T011527,C1773,2026-08-07 01:43:48.519043256,Deposit,930
T011528,C2067,2026-08-07 02:56:39.283273608,Deposit,325
T011529,C1311,2026-08-07 04:09:30.047503960,Deposit,453
T011530,C2255,2026-08-07 05:22:20.811734312,Deposit,3599
T011531,C2359,2026-08-07 06:35:11.575964664,Transfer,594
T011532,C2151,2026-08-07 07:48:02.340195016,Transfer,671
T011533,C0159,2026-08-07 09:00:53.104425368,Withdrawal,2240
T011534,C1587,2026-08-07 10:13:43.868655720,Transfer,803
T011535,C0378,2026-08-07 11:26:34.632886072,Withdrawal,429
T011536,C0714,2026-08-07 12:39:25.397116424,Transfer,919
T011537,C0092,2026-08-07 13:52:16.161346776,Withdrawal,405
T011538,C2224,2026-08-07 15:05:06.925577128,Withdrawal,1365
T011539,C1134,2026-08-07 16:17:57.689807480,Transfer,1026
T011540,C2227,2026-08-07 17:30:48.454037832,Withdrawal,4031
T011541,C0738,2026-08-07 18:43:39.218268192,Deposit,3653
T011542,C1864,2026-08-07 19:56:29.982498544,Withdrawal,1934
T011543,C0492,2026-08-07 21:09:20.746728896,Transfer,609
T011544,C2151,2026-08-07 22:22:11.510959248,Withdrawal,311
T011545,C2089,2026-08-07 23:35:02.275189600,Withdrawal,1824
T011546,C2483,2026-08-08 00:47:53.039419952,Withdrawal,1623
T011547,C1530,2026-08-08 02:00:43.803650304,Transfer,551
T011548,C0946,2026-08-08 03:13:34.567880656,Withdrawal,2100
T011549,C0702,2026-08-08 04:26:25.332111008,Deposit,3792
T011550,C1103,2026-08-08 05:39:16.096341360,Withdrawal,2569
T011551,C2485,2026-08-08 06:52:06.860571712,Deposit,2480
T011552,C1868,2026-08-08 08:04:57.624802064,Deposit,1287
T011553,C0030,2026-08-08 09:17:48.389032416,Withdrawal,2818
T011554,C0684,2026-08-08 10:30:39.153262768,Withdrawal,1593
T011555,C0390,2026-08-08 11:43:29.917493120,Deposit,7329
T011556,C2324,2026-08-08 12:56:20.681723480,Deposit,1280
T011557,C1244,2026-08-08 14:09:11.445953832,Transfer,2041
T011558,C0012,2026-08-08 15:22:02.210184184,Withdrawal,4379
T011559,C1517,2026-08-08 16:34:52.974414536,Deposit,1170
T011560,C1621,2026-08-08 17:47:43.738644888,Deposit,839
T011561,C1758,2026-08-08 19:00:34.502875240,Withdrawal,20900
T011562,C0049,2026-08-08 20:13:25.267105592,Withdrawal,8204
T011563,C1716,2026-08-08 21:26:16.031335944,Transfer,2371
T011564,C2058,2026-08-08 22:39:06.795566296,Deposit,5116
T011565,C0261,2026-08-08 23:51:57.559796648,Withdrawal,2879
T011566,C0320,2026-08-09 01:04:48.324027000,Withdrawal,3079
T011567,C0186,2026-08-09 02:17:39.088257352,Withdrawal,314
T011568,C2277,2026-08-09 03:30:29.852487704,Transfer,958
T011569,C1928,2026-08-09 04:43:20.616718056,Deposit,6670
T011570,C0021,2026-08-09 05:56:11.380948408,Deposit,2189
T011571,C0016,2026-08-09 07:09:02.145178760,Transfer,891
T011572,C0006,2026-08-09 08:21:52.909409120,Deposit,2793
T011573,C2346,2026-08-09 09:34:43.673639472,Transfer,2168
T011574,C0941,2026-08-09 10:47:34.437869824,Withdrawal,1486
T011575,C0259,2026-08-09 12:00:25.202100176,Deposit,5335
T011576,C1064,2026-08-09 13:13:15.966330528,Deposit,833018
T011577,C0276,2026-08-09 14:26:06.730560880,Deposit,1559
T011578,C0827,2026-08-09 15:38:57.494791232,Withdrawal,394
T011579,C1931,2026-08-09 16:51:48.259021584,Deposit,857
T011580,C1332,2026-08-09 18:04:39.023251936,Withdrawal,498
T011581,C1557,2026-08-09 19:17:29.787482288,Deposit,887
T011582,C0949,2026-08-09 20:30:20.551712640,Transfer,3282
T011583,C0480,2026-08-09 21:43:11.315942992,Transfer,728
T011584,C0414,2026-08-09 22:56:02.080173344,Withdrawal,1055
T011585,C1489,2026-08-10 00:08:52.844403696,Transfer,1670
T011586,C1433,2026-08-10 01:21:43.608634048,Deposit,966
T011587,C2093,2026-08-10 02:34:34.372864408,Deposit,2116
T011588,C1821,2026-08-10 03:47:25.137094760,Deposit,994
T011589,C0830,2026-08-10 05:00:15.901325112,Withdrawal,4829
T011590,C1295,2026-08-10 06:13:06.665555464,Deposit,856
T011591,C0275,2026-08-10 07:25:57.429785816,Transfer,666
T011592,C1935,2026-08-10 08:38:48.194016168,Withdrawal,847
T011593,C1447,2026-08-10 09:51:38.958246520,Withdrawal,827
T011594,C1528,2026-08-10 11:04:29.722476872,Withdrawal,3401
T011595,C0144,2026-08-10 12:17:20.486707224,Deposit,3298
T011596,C0835,2026-08-10 13:30:11.250937576,Deposit,5747
T011597,C1887,2026-08-10 14:43:02.015167928,Withdrawal,1538
T011598,C2241,2026-08-10 15:55:52.779398280,Withdrawal,696
T011599,C0784,2026-08-10 17:08:43.543628632,Withdrawal,4416
T011600,C1921,2026-08-10 18:21:34.307858984,Deposit,1142
T011601,C0178,2026-08-10 19:34:25.072089336,Withdrawal,460
T011602,C2366,2026-08-10 20:47:15.836319696,Transfer,2922
T011603,C2199,2026-08-10 22:00:06.600550048,Withdrawal,398
T011604,C0611,2026-08-10 23:12:57.364780400,Deposit,1887
T011605,C0541,2026-08-11 00:25:48.129010752,Deposit,11738
T011606,C2198,2026-08-11 01:38:38.893241104,Deposit,7858
T011607,C1373,2026-08-11 02:51:29.657471456,Withdrawal,2650
T011608,C2310,2026-08-11 04:04:20.421701808,Deposit,877
T011609,C0413,2026-08-11 05:17:11.185932160,Withdrawal,5336
T011610,C1773,2026-08-11 06:30:01.950162512,Deposit,302
T011611,C1784,2026-08-11 07:42:52.714392864,Withdrawal,523
T011612,C1282,2026-08-11 08:55:43.478623216,Withdrawal,769
T011613,C0492,2026-08-11 10:08:34.242853568,Deposit,3855
T011614,C1728,2026-08-11 11:21:25.007083920,Transfer,1681
T011615,C1632,2026-08-11 12:34:15.771314272,Transfer,6396
T011616,C1120,2026-08-11 13:47:06.535544624,Deposit,1228
T011617,C1001,2026-08-11 14:59:57.299774984,Withdrawal,1100
T011618,C1428,2026-08-11 16:12:48.064005336,Withdrawal,1615
T011619,C2085,2026-08-11 17:25:38.828235688,Withdrawal,1436
T011620,C1638,2026-08-11 18:38:29.592466040,Withdrawal,1868
T011621,C0481,2026-08-11 19:51:20.356696392,Transfer,1509
T011622,C0180,2026-08-11 21:04:11.120926744,Withdrawal,3665
T011623,C0582,2026-08-11 22:17:01.885157096,Withdrawal,633
T011624,C1430,2026-08-11 23:29:52.649387448,Deposit,1484
T011625,C1493,2026-08-12 00:42:43.413617800,Deposit,2063
T011626,C1643,2026-08-12 01:55:34.177848152,Withdrawal,2055
T011627,C1295,2026-08-12 03:08:24.942078504,Transfer,484
T011628,C2402,2026-08-12 04:21:15.706308856,Withdrawal,3403
T011629,C1583,2026-08-12 05:34:06.470539208,Deposit,338
T011630,C0364,2026-08-12 06:46:57.234769560,Deposit,4266
T011631,C2117,2026-08-12 07:59:47.998999912,Withdrawal,4837
T011632,C2356,2026-08-12 09:12:38.763230272,Deposit,7260
T011633,C0423,2026-08-12 10:25:29.527460624,Withdrawal,3492
T011634,C2267,2026-08-12 11:38:20.291690976,Withdrawal,20472
T011635,C1944,2026-08-12 12:51:11.055921328,Transfer,8132
T011636,C2415,2026-08-12 14:04:01.820151680,Transfer,2730
T011637,C1884,2026-08-12 15:16:52.584382032,Withdrawal,982
T011638,C2170,2026-08-12 16:29:43.348612384,Transfer,9682
T011639,C0884,2026-08-12 17:42:34.112842736,Withdrawal,2011
T011640,C1173,2026-08-12 18:55:24.877073088,Withdrawal,1772
T011641,C1785,2026-08-12 20:08:15.641303440,Withdrawal,7301
T011642,C1500,2026-08-12 21:21:06.405533792,Transfer,6252
T011643,C0579,2026-08-12 22:33:57.169764144,Deposit,321
T011644,C2398,2026-08-12 23:46:47.933994496,Withdrawal,9349
T011645,C2163,2026-08-13 00:59:38.698224848,Deposit,1718
T011646,C0237,2026-08-13 02:12:29.462455200,Deposit,4870
T011647,C2095,2026-08-13 03:25:20.226685560,Withdrawal,165
T011648,C2322,2026-08-13 04:38:10.990915912,Deposit,3423
T011649,C0113,2026-08-13 05:51:01.755146264,Withdrawal,1549
T011650,C2447,2026-08-13 07:03:52.519376616,Withdrawal,373
T011651,C0792,2026-08-13 08:16:43.283606968,Deposit,2213
T011652,C1316,2026-08-13 09:29:34.047837320,Withdrawal,1214
T011653,C2364,2026-08-13 10:42:24.812067672,Transfer,11355
T011654,C0051,2026-08-13 11:55:15.576298024,Withdrawal,7460
T011655,C0144,2026-08-13 13:08:06.340528376,Deposit,1615
T011656,C1706,2026-08-13 14:20:57.104758728,Withdrawal,386
T011657,C1157,2026-08-13 15:33:47.868989080,Deposit,9859
T011658,C1523,2026-08-13 16:46:38.633219432,Withdrawal,2569
T011659,C0390,2026-08-13 17:59:29.397449784,Withdrawal,388
T011660,C2021,2026-08-13 19:12:20.161680136,Transfer,14630
T011661,C1184,2026-08-13 20:25:10.925910488,Withdrawal,825
T011662,C0749,2026-08-13 21:38:01.690140848,Withdrawal,4152
T011663,C2460,2026-08-13 22:50:52.454371200,Withdrawal,11316
T011664,C1711,2026-08-14 00:03:43.218601552,Withdrawal,7009
T011665,C1608,2026-08-14 01:16:33.982831904,Transfer,1165
T011666,C2432,2026-08-14 02:29:24.747062256,Deposit,1198
T011667,C0875,2026-08-14 03:42:15.511292608,Deposit,5009
T011668,C0708,2026-08-14 04:55:06.275522960,Deposit,7664
T011669,C1209,2026-08-14 06:07:57.039753312,Deposit,1063
T011670,C0214,2026-08-14 07:20:47.803983664,Withdrawal,4100
T011671,C1118,2026-08-14 08:33:38.568214016,Deposit,2847
T011672,C2267,2026-08-14 09:46:29.332444368,Transfer,1500
T011673,C2267,2026-08-14 10:59:20.096674720,Withdrawal,6211
T011674,C0013,2026-08-14 12:12:10.860905072,Withdrawal,738
T011675,C2471,2026-08-14 13:25:01.625135424,Withdrawal,1708
T011676,C1819,2026-08-14 14:37:52.389365776,Transfer,4646
T011677,C0486,2026-08-14 15:50:43.153596136,Withdrawal,679
T011678,C0119,2026-08-14 17:03:33.917826488,Deposit,2641
T011679,C2319,2026-08-14 18:16:24.682056840,Deposit,599
T011680,C0912,2026-08-14 19:29:15.446287192,Transfer,739
T011681,C1121,2026-08-14 20:42:06.210517544,Withdrawal,2028
T011682,C0842,2026-08-14 21:54:56.974747896,Deposit,835
T011683,C0664,2026-08-14 23:07:47.738978248,Withdrawal,1825
T011684,C1024,2026-08-15 00:20:38.503208600,Transfer,1816
T011685,C2221,2026-08-15 01:33:29.267438952,Transfer,4182
T011686,C0787,2026-08-15 02:46:20.031669304,Withdrawal,675
T011687,C0347,2026-08-15 03:59:10.795899656,Transfer,1312
T011688,C0237,2026-08-15 05:12:01.560130008,Withdrawal,2792
T011689,C2455,2026-08-15 06:24:52.324360360,Withdrawal,478
T011690,C2126,2026-08-15 07:37:43.088590712,Deposit,2356
T011691,C1577,2026-08-15 08:50:33.852821064,Transfer,1961
T011692,C1956,2026-08-15 10:03:24.617051424,Withdrawal,1876
T011693,C2060,2026-08-15 11:16:15.381281776,Deposit,7724
T011694,C0229,2026-08-15 12:29:06.145512128,Withdrawal,2277
T011695,C0843,2026-08-15 13:41:56.909742480,Withdrawal,2079
T011696,C0965,2026-08-15 14:54:47.673972832,Withdrawal,562
T011697,C0164,2026-08-15 16:07:38.438203184,Deposit,287
T011698,C1704,2026-08-15 17:20:29.202433536,Withdrawal,1306
T011699,C0382,2026-08-15 18:33:19.966663888,Deposit,1616
T011700,C0582,2026-08-15 19:46:10.730894240,Transfer,400
T011701,C1446,2026-08-15 20:59:01.495124592,Deposit,2367
T011702,C1087,2026-08-15 22:11:52.259354944,Transfer,2294
T011703,C1994,2026-08-15 23:24:43.023585296,Withdrawal,1030
T011704,C0246,2026-08-16 00:37:33.787815648,Withdrawal,224
T011705,C2098,2026-08-16 01:50:24.552046000,Deposit,2378
T011706,C1993,2026-08-16 03:03:15.316276352,Withdrawal,2532
T011707,C1972,2026-08-16 04:16:06.080506704,Transfer,7741
T011708,C1306,2026-08-16 05:28:56.844737064,Deposit,1691
T011709,C2268,2026-08-16 06:41:47.608967416,Deposit,2342
T011710,C1372,2026-08-16 07:54:38.373197768,Transfer,537
T011711,C0364,2026-08-16 09:07:29.137428120,Transfer,5932
T011712,C0992,2026-08-16 10:20:19.901658472,Withdrawal,4224
T011713,C0920,2026-08-16 11:33:10.665888824,Withdrawal,1576
T011714,C0042,2026-08-16 12:46:01.430119176,Withdrawal,3027
T011715,C2471,2026-08-16 13:58:52.194349528,Deposit,804
T011716,C2183,2026-08-16 15:11:42.958579880,Withdrawal,3656
T011717,C1283,2026-08-16 16:24:33.722810232,Deposit,1250
T011718,C1215,2026-08-16 17:37:24.487040584,Withdrawal,1742
T011719,C2014,2026-08-16 18:50:15.251270936,Deposit,1813
T011720,C2121,2026-08-16 20:03:06.015501288,Deposit,4239
T011721,C1606,2026-08-16 21:15:56.779731640,Withdrawal,638
T011722,C0401,2026-08-16 22:28:47.543961992,Deposit,1044
T011723,C1272,2026-08-16 23:41:38.308192352,Withdrawal,2450
T011724,C1211,2026-08-17 00:54:29.072422704,Deposit,2352
T011725,C1834,2026-08-17 02:07:19.836653056,Deposit,4697
T011726,C1783,2026-08-17 03:20:10.600883408,Deposit,3850
T011727,C0914,2026-08-17 04:33:01.365113760,Deposit,1277
T011728,C0129,2026-08-17 05:45:52.129344112,Deposit,12089
T011729,C0379,2026-08-17 06:58:42.893574464,Deposit,1065
T011730,C1346,2026-08-17 08:11:33.657804816,Withdrawal,1294
T011731,C2437,2026-08-17 09:24:24.422035168,Deposit,1096
T011732,C0464,2026-08-17 10:37:15.186265520,Deposit,2259
T011733,C1653,2026-08-17 11:50:05.950495872,Withdrawal,1914
T011734,C0547,2026-08-17 13:02:56.714726224,Withdrawal,1760
T011735,C0409,2026-08-17 14:15:47.478956576,Deposit,7773
T011736,C0618,2026-08-17 15:28:38.243186928,Deposit,1416
T011737,C0761,2026-08-17 16:41:29.007417280,Deposit,475
T011738,C1002,2026-08-17 17:54:19.771647640,Withdrawal,1115
T011739,C1186,2026-08-17 19:07:10.535877992,Withdrawal,1326
T011740,C2195,2026-08-17 20:20:01.300108344,Deposit,127
T011741,C1436,2026-08-17 21:32:52.064338696,Transfer,1181
T011742,C0256,2026-08-17 22:45:42.828569048,Transfer,7809
T011743,C1627,2026-08-17 23:58:33.592799400,Deposit,2036
T011744,C2418,2026-08-18 01:11:24.357029752,Deposit,3364
T011745,C1754,2026-08-18 02:24:15.121260104,Deposit,1303
T011746,C0651,2026-08-18 03:37:05.885490456,Transfer,5529
T011747,C1713,2026-08-18 04:49:56.649720808,Withdrawal,1342
T011748,C1315,2026-08-18 06:02:47.413951160,Deposit,948
T011749,C0076,2026-08-18 07:15:38.178181512,Transfer,697
T011750,C0505,2026-08-18 08:28:28.942411864,Withdrawal,2715
T011751,C1993,2026-08-18 09:41:19.706642216,Withdrawal,8330
T011752,C0662,2026-08-18 10:54:10.470872568,Transfer,645
T011753,C1016,2026-08-18 12:07:01.235102928,Transfer,2639
T011754,C2024,2026-08-18 13:19:51.999333280,Deposit,3649
T011755,C2395,2026-08-18 14:32:42.763563632,Withdrawal,308
T011756,C1417,2026-08-18 15:45:33.527793984,Withdrawal,1047
T011757,C1223,2026-08-18 16:58:24.292024336,Deposit,5453
T011758,C2230,2026-08-18 18:11:15.056254688,Deposit,601
T011759,C0240,2026-08-18 19:24:05.820485040,Deposit,3579
T011760,C1958,2026-08-18 20:36:56.584715392,Transfer,3107
T011761,C1778,2026-08-18 21:49:47.348945744,Transfer,911
T011762,C2114,2026-08-18 23:02:38.113176096,Withdrawal,4762
T011763,C2219,2026-08-19 00:15:28.877406448,Transfer,1204
T011764,C1669,2026-08-19 01:28:19.641636800,Deposit,1804
T011765,C0165,2026-08-19 02:41:10.405867152,Withdrawal,2881
T011766,C0954,2026-08-19 03:54:01.170097504,Withdrawal,576
T011767,C0063,2026-08-19 05:06:51.934327856,Withdrawal,5815
T011768,C2403,2026-08-19 06:19:42.698558216,Transfer,855
T011769,C0051,2026-08-19 07:32:33.462788568,Withdrawal,1456
T011770,C2091,2026-08-19 08:45:24.227018920,Withdrawal,3845
T011771,C1345,2026-08-19 09:58:14.991249272,Withdrawal,1092
T011772,C1215,2026-08-19 11:11:05.755479624,Withdrawal,987
T011773,C0670,2026-08-19 12:23:56.519709976,Deposit,5475
T011774,C2138,2026-08-19 13:36:47.283940328,Transfer,2089
T011775,C1446,2026-08-19 14:49:38.048170680,Deposit,1399
T011776,C0616,2026-08-19 16:02:28.812401032,Deposit,780
T011777,C0563,2026-08-19 17:15:19.576631384,Deposit,3500
T011778,C1131,2026-08-19 18:28:10.340861736,Withdrawal,564
T011779,C1535,2026-08-19 19:41:01.105092088,Transfer,2009
T011780,C1260,2026-08-19 20:53:51.869322440,Transfer,1983
T011781,C1522,2026-08-19 22:06:42.633552792,Withdrawal,1677
T011782,C0356,2026-08-19 23:19:33.397783144,Withdrawal,8902
T011783,C0767,2026-08-20 00:32:24.162013504,Withdrawal,1035
T011784,C0304,2026-08-20 01:45:14.926243856,Transfer,3639
T011785,C1895,2026-08-20 02:58:05.690474208,Deposit,286
T011786,C1516,2026-08-20 04:10:56.454704560,Withdrawal,4803
T011787,C0584,2026-08-20 05:23:47.218934912,Withdrawal,608
T011788,C0367,2026-08-20 06:36:37.983165264,Deposit,1200
T011789,C1666,2026-08-20 07:49:28.747395616,Deposit,7505
T011790,C2047,2026-08-20 09:02:19.511625968,Withdrawal,659
T011791,C0459,2026-08-20 10:15:10.275856320,Transfer,616
T011792,C0120,2026-08-20 11:28:01.040086672,Transfer,7198
T011793,C1670,2026-08-20 12:40:51.804317024,Withdrawal,13100
T011794,C1502,2026-08-20 13:53:42.568547376,Transfer,254
T011795,C0364,2026-08-20 15:06:33.332777728,Deposit,100
T011796,C1470,2026-08-20 16:19:24.097008080,Withdrawal,5932
T011797,C1969,2026-08-20 17:32:14.861238432,Deposit,523
T011798,C0852,2026-08-20 18:45:05.625468792,Withdrawal,777
T011799,C0950,2026-08-20 19:57:56.389699144,Transfer,774
T011800,C2294,2026-08-20 21:10:47.153929496,Deposit,962
T011801,C1930,2026-08-20 22:23:37.918159848,Transfer,4683
T011802,C1944,2026-08-20 23:36:28.682390200,Deposit,1334
T011803,C0764,2026-08-21 00:49:19.446620552,Withdrawal,3011
T011804,C1181,2026-08-21 02:02:10.210850904,Deposit,2666
T011805,C1630,2026-08-21 03:15:00.975081256,Transfer,1091
T011806,C2413,2026-08-21 04:27:51.739311608,Deposit,2998
T011807,C0902,2026-08-21 05:40:42.503541960,Withdrawal,936
T011808,C2234,2026-08-21 06:53:33.267772312,Transfer,1445
T011809,C1519,2026-08-21 08:06:24.032002664,Withdrawal,2036
T011810,C1870,2026-08-21 09:19:14.796233016,Withdrawal,801
T011811,C1411,2026-08-21 10:32:05.560463368,Withdrawal,8605
T011812,C2328,2026-08-21 11:44:56.324693720,Withdrawal,6140
T011813,C0742,2026-08-21 12:57:47.088924080,Transfer,2478
T011814,C1694,2026-08-21 14:10:37.853154432,Transfer,6485
T011815,C2400,2026-08-21 15:23:28.617384784,Withdrawal,220
T011816,C2130,2026-08-21 16:36:19.381615136,Withdrawal,937
T011817,C1366,2026-08-21 17:49:10.145845488,Transfer,3145
T011818,C0196,2026-08-21 19:02:00.910075840,Transfer,164
T011819,C2108,2026-08-21 20:14:51.674306192,Deposit,7068
T011820,C0151,2026-08-21 21:27:42.438536544,Withdrawal,715
T011821,C1085,2026-08-21 22:40:33.202766896,Transfer,513
T011822,C1671,2026-08-21 23:53:23.966997248,Deposit,852
T011823,C0428,2026-08-22 01:06:14.731227600,Transfer,515
T011824,C0331,2026-08-22 02:19:05.495457952,Deposit,1124
T011825,C0890,2026-08-22 03:31:56.259688304,Withdrawal,1734
T011826,C0955,2026-08-22 04:44:47.023918656,Deposit,1672
T011827,C0354,2026-08-22 05:57:37.788149008,Deposit,1970
T011828,C2265,2026-08-22 07:10:28.552379360,Withdrawal,841
T011829,C2396,2026-08-22 08:23:19.316609720,Withdrawal,2298
T011830,C2045,2026-08-22 09:36:10.080840072,Deposit,546
T011831,C1550,2026-08-22 10:49:00.845070424,Withdrawal,3050
T011832,C2459,2026-08-22 12:01:51.609300776,Deposit,1249
T011833,C0915,2026-08-22 13:14:42.373531128,Transfer,4684
T011834,C1550,2026-08-22 14:27:33.137761480,Transfer,312
T011835,C2291,2026-08-22 15:40:23.901991832,Withdrawal,1772
T011836,C2056,2026-08-22 16:53:14.666222184,Transfer,3387
T011837,C1576,2026-08-22 18:06:05.430452536,Transfer,1684
T011838,C0924,2026-08-22 19:18:56.194682888,Withdrawal,3037
T011839,C1659,2026-08-22 20:31:46.958913240,Deposit,623
T011840,C1853,2026-08-22 21:44:37.723143592,Deposit,862
T011841,C2214,2026-08-22 22:57:28.487373944,Transfer,2982
T011842,C1227,2026-08-23 00:10:19.251604296,Deposit,7759
T011843,C1664,2026-08-23 01:23:10.015834648,Deposit,299
T011844,C0364,2026-08-23 02:36:00.780065008,Deposit,511
T011845,C1948,2026-08-23 03:48:51.544295360,Withdrawal,847
T011846,C1449,2026-08-23 05:01:42.308525712,Withdrawal,2360
T011847,C0658,2026-08-23 06:14:33.072756064,Withdrawal,2105
T011848,C1493,2026-08-23 07:27:23.836986416,Deposit,807923
T011849,C1275,2026-08-23 08:40:14.601216768,Deposit,949
T011850,C1446,2026-08-23 09:53:05.365447120,Deposit,3235
T011851,C0732,2026-08-23 11:05:56.129677472,Withdrawal,1853
T011852,C2043,2026-08-23 12:18:46.893907824,Withdrawal,5396
T011853,C1884,2026-08-23 13:31:37.658138176,Deposit,1066
T011854,C1252,2026-08-23 14:44:28.422368528,Deposit,5296
T011855,C2166,2026-08-23 15:57:19.186598880,Transfer,1060
T011856,C1010,2026-08-23 17:10:09.950829232,Transfer,5859
T011857,C1291,2026-08-23 18:23:00.715059584,Deposit,3216
T011858,C1192,2026-08-23 19:35:51.479289936,Withdrawal,1283
T011859,C1729,2026-08-23 20:48:42.243520296,Withdrawal,627
T011860,C0696,2026-08-23 22:01:33.007750648,Deposit,1118
T011861,C0522,2026-08-23 23:14:23.771981000,Transfer,2199
T011862,C2385,2026-08-24 00:27:14.536211352,Deposit,504
T011863,C1351,2026-08-24 01:40:05.300441704,Deposit,1797
T011864,C1383,2026-08-24 02:52:56.064672056,Deposit,6527
T011865,C2496,2026-08-24 04:05:46.828902408,Transfer,3110
T011866,C1848,2026-08-24 05:18:37.593132760,Withdrawal,1375
T011867,C1729,2026-08-24 06:31:28.357363112,Withdrawal,864
T011868,C1121,2026-08-24 07:44:19.121593464,Withdrawal,4592
T011869,C0653,2026-08-24 08:57:09.885823816,Deposit,3657
T011870,C0759,2026-08-24 10:10:00.650054168,Transfer,11264
T011871,C1280,2026-08-24 11:22:51.414284520,Deposit,5769
T011872,C0442,2026-08-24 12:35:42.178514872,Deposit,2634
T011873,C0409,2026-08-24 13:48:32.942745224,Transfer,3200
T011874,C0810,2026-08-24 15:01:23.706975584,Transfer,20566
T011875,C2133,2026-08-24 16:14:14.471205936,Withdrawal,1202
T011876,C0697,2026-08-24 17:27:05.235436288,Withdrawal,1235
T011877,C0098,2026-08-24 18:39:55.999666640,Transfer,648
T011878,C1854,2026-08-24 19:52:46.763896992,Transfer,2602
T011879,C0542,2026-08-24 21:05:37.528127344,Transfer,2183
T011880,C1527,2026-08-24 22:18:28.292357696,Deposit,1235
T011881,C0191,2026-08-24 23:31:19.056588048,Transfer,3227
T011882,C1874,2026-08-25 00:44:09.820818400,Deposit,4607
T011883,C0258,2026-08-25 01:57:00.585048752,Withdrawal,2580
T011884,C0155,2026-08-25 03:09:51.349279104,Deposit,2248
T011885,C1511,2026-08-25 04:22:42.113509456,Deposit,3759
T011886,C2276,2026-08-25 05:35:32.877739808,Withdrawal,2047
T011887,C0074,2026-08-25 06:48:23.641970160,Deposit,1033
T011888,C2413,2026-08-25 08:01:14.406200512,Deposit,3889
T011889,C0024,2026-08-25 09:14:05.170430872,Deposit,1881
T011890,C1742,2026-08-25 10:26:55.934661224,Transfer,187
T011891,C1682,2026-08-25 11:39:46.698891576,Deposit,3228
T011892,C2092,2026-08-25 12:52:37.463121928,Deposit,1523
T011893,C1061,2026-08-25 14:05:28.227352280,Withdrawal,2401
T011894,C1498,2026-08-25 15:18:18.991582632,Transfer,2882
T011895,C0461,2026-08-25 16:31:09.755812984,Withdrawal,5328
T011896,C1193,2026-08-25 17:44:00.520043336,Transfer,919
T011897,C2118,2026-08-25 18:56:51.284273688,Deposit,933
T011898,C2261,2026-08-25 20:09:42.048504040,Withdrawal,12847
T011899,C1607,2026-08-25 21:22:32.812734392,Transfer,4876
T011900,C0914,2026-08-25 22:35:23.576964744,Withdrawal,1421
T011901,C1743,2026-08-25 23:48:14.341195096,Deposit,669
T011902,C0072,2026-08-26 01:01:05.105425448,Withdrawal,1913
T011903,C0828,2026-08-26 02:13:55.869655800,Transfer,3127
T011904,C2228,2026-08-26 03:26:46.633886160,Transfer,654
T011905,C2256,2026-08-26 04:39:37.398116512,Deposit,2444
T011906,C0177,2026-08-26 05:52:28.162346864,Deposit,2299
T011907,C0707,2026-08-26 07:05:18.926577216,Transfer,450
T011908,C1929,2026-08-26 08:18:09.690807568,Deposit,758
T011909,C0884,2026-08-26 09:31:00.455037920,Withdrawal,2806
T011910,C1178,2026-08-26 10:43:51.219268272,Deposit,1310
T011911,C0154,2026-08-26 11:56:41.983498624,Deposit,2525
T011912,C0030,2026-08-26 13:09:32.747728976,Transfer,2588
T011913,C1051,2026-08-26 14:22:23.511959328,Withdrawal,562
T011914,C0976,2026-08-26 15:35:14.276189680,Withdrawal,1266
T011915,C0691,2026-08-26 16:48:05.040420032,Deposit,897
T011916,C1875,2026-08-26 18:00:55.804650384,Transfer,1095
T011917,C2146,2026-08-26 19:13:46.568880736,Deposit,3336
T011918,C2374,2026-08-26 20:26:37.333111088,Withdrawal,2008
T011919,C0237,2026-08-26 21:39:28.097341448,Deposit,1700
T011920,C2186,2026-08-26 22:52:18.861571800,Withdrawal,2668
T011921,C0630,2026-08-27 00:05:09.625802152,Withdrawal,1073
T011922,C0618,2026-08-27 01:18:00.390032504,Withdrawal,257
T011923,C1572,2026-08-27 02:30:51.154262856,Transfer,238
T011924,C1640,2026-08-27 03:43:41.918493208,Withdrawal,2130
T011925,C2438,2026-08-27 04:56:32.682723560,Deposit,12641
T011926,C0360,2026-08-27 06:09:23.446953912,Deposit,574
T011927,C0582,2026-08-27 07:22:14.211184264,Deposit,3812
T011928,C2255,2026-08-27 08:35:04.975414616,Transfer,867
T011929,C1757,2026-08-27 09:47:55.739644968,Deposit,1343
T011930,C0601,2026-08-27 11:00:46.503875320,Deposit,653280
T011931,C0979,2026-08-27 12:13:37.268105672,Withdrawal,4617
T011932,C1998,2026-08-27 13:26:28.032336024,Deposit,6711
T011933,C0515,2026-08-27 14:39:18.796566376,Transfer,2839
T011934,C1970,2026-08-27 15:52:09.560796736,Withdrawal,818
T011935,C0810,2026-08-27 17:05:00.325027088,Deposit,14301
T011936,C1998,2026-08-27 18:17:51.089257440,Withdrawal,20436
T011937,C2486,2026-08-27 19:30:41.853487792,Withdrawal,1040
T011938,C1447,2026-08-27 20:43:32.617718144,Transfer,1243
T011939,C0469,2026-08-27 21:56:23.381948496,Transfer,2024
T011940,C0630,2026-08-27 23:09:14.146178848,Deposit,1115
T011941,C2443,2026-08-28 00:22:04.910409200,Deposit,4202
T011942,C0114,2026-08-28 01:34:55.674639552,Withdrawal,586
T011943,C1226,2026-08-28 02:47:46.438869904,Withdrawal,3148
T011944,C1388,2026-08-28 04:00:37.203100256,Deposit,8341
T011945,C0247,2026-08-28 05:13:27.967330608,Transfer,813
T011946,C1617,2026-08-28 06:26:18.731560960,Withdrawal,417
T011947,C2321,2026-08-28 07:39:09.495791312,Withdrawal,383
T011948,C0545,2026-08-28 08:52:00.260021664,Deposit,4609
T011949,C1638,2026-08-28 10:04:51.024252024,Deposit,394
T011950,C1301,2026-08-28 11:17:41.788482376,Withdrawal,18141
T011951,C1523,2026-08-28 12:30:32.552712728,Withdrawal,1049
T011952,C0718,2026-08-28 13:43:23.316943080,Transfer,5445
T011953,C0778,2026-08-28 14:56:14.081173432,Withdrawal,360
T011954,C2263,2026-08-28 16:09:04.845403784,Deposit,1203
T011955,C2223,2026-08-28 17:21:55.609634136,Withdrawal,1489
T011956,C0052,2026-08-28 18:34:46.373864488,Deposit,2383
T011957,C2345,2026-08-28 19:47:37.138094840,Withdrawal,640
T011958,C2012,2026-08-28 21:00:27.902325192,Transfer,1014
T011959,C2223,2026-08-28 22:13:18.666555544,Withdrawal,1716
T011960,C0969,2026-08-28 23:26:09.430785896,Deposit,414
T011961,C2391,2026-08-29 00:39:00.195016248,Withdrawal,4235
T011962,C1735,2026-08-29 01:51:50.959246600,Withdrawal,3673
T011963,C0600,2026-08-29 03:04:41.723476952,Withdrawal,301
T011964,C0171,2026-08-29 04:17:32.487707304,Transfer,1052
T011965,C1659,2026-08-29 05:30:23.251937664,Deposit,837
T011966,C1088,2026-08-29 06:43:14.016168016,Deposit,2363
T011967,C0455,2026-08-29 07:56:04.780398368,Transfer,1794
T011968,C0727,2026-08-29 09:08:55.544628720,Withdrawal,2831
T011969,C1433,2026-08-29 10:21:46.308859072,Transfer,1694
T011970,C0887,2026-08-29 11:34:37.073089424,Deposit,348
T011971,C2198,2026-08-29 12:47:27.837319776,Deposit,505
T011972,C1526,2026-08-29 14:00:18.601550128,Deposit,4938
T011973,C0636,2026-08-29 15:13:09.365780480,Transfer,14591
T011974,C1572,2026-08-29 16:26:00.130010832,Transfer,1718
T011975,C2326,2026-08-29 17:38:50.894241184,Deposit,3012
T011976,C2083,2026-08-29 18:51:41.658471536,Deposit,4245
T011977,C0175,2026-08-29 20:04:32.422701888,Deposit,2720
T011978,C1057,2026-08-29 21:17:23.186932240,Withdrawal,1332
T011979,C1749,2026-08-29 22:30:13.951162592,Deposit,2445
T011980,C2302,2026-08-29 23:43:04.715392952,Deposit,1590
T011981,C0568,2026-08-30 00:55:55.479623304,Withdrawal,840
T011982,C0323,2026-08-30 02:08:46.243853656,Withdrawal,4207
T011983,C2061,2026-08-30 03:21:37.008084008,Deposit,7412
T011984,C2098,2026-08-30 04:34:27.772314360,Withdrawal,405
T011985,C1784,2026-08-30 05:47:18.536544712,Withdrawal,479
T011986,C2144,2026-08-30 07:00:09.300775064,Deposit,2357
T011987,C0343,2026-08-30 08:13:00.065005416,Withdrawal,2170
T011988,C2241,2026-08-30 09:25:50.829235768,Withdrawal,1841
T011989,C1475,2026-08-30 10:38:41.593466120,Withdrawal,790
T011990,C1149,2026-08-30 11:51:32.357696472,Deposit,4112
T011991,C0007,2026-08-30 13:04:23.121926824,Deposit,2043
T011992,C0330,2026-08-30 14:17:13.886157176,Transfer,1425
T011993,C0083,2026-08-30 15:30:04.650387528,Deposit,1096
T011994,C1560,2026-08-30 16:42:55.414617880,Withdrawal,1337
T011995,C0527,2026-08-30 17:55:46.178848240,Deposit,3039
T011996,C1137,2026-08-30 19:08:36.943078592,Transfer,621
T011997,C2488,2026-08-30 20:21:27.707308944,Transfer,1846
T011998,C0890,2026-08-30 21:34:18.471539296,Transfer,2165
T011999,C0762,2026-08-30 22:47:09.235769648,Withdrawal,8283
T012000,C1024,2026-08-31 00:00:00.000000000,Withdrawal,772
